timestamp_local,room_temp_f,set_temp_f
2026-08-27T12:00:00.000-04:00,52.826,
2026-08-27T12:01:00.000-04:00,52.106,
2026-08-27T12:02:00.000-04:00,53.37199999999999,38.005
2026-08-27T12:03:00.000-04:00,53.537,
2026-08-27T12:04:00.000-04:00,53.222,
2026-08-27T12:05:00.000-04:00,53.162,38.005
2026-08-27T12:06:00.000-04:00,53.744,38.005
2026-08-27T12:07:00.000-04:00,53.672,
2026-08-27T12:08:00.000-04:00,53.672,38.005
2026-08-27T12:09:00.000-04:00,53.54600000000001,
2026-08-27T12:10:00.000-04:00,53.528,
2026-08-27T12:11:00.000-04:00,53.087,
2026-08-27T12:12:00.000-04:00,53.06,
2026-08-27T12:13:00.000-04:00,53.456,
2026-08-27T12:14:00.000-04:00,53.69,
2026-08-27T12:15:00.000-04:00,53.282000000000004,38.005
2026-08-27T12:16:00.000-04:00,52.556,38.005
2026-08-27T12:17:00.000-04:00,53.24,
2026-08-27T12:18:00.000-04:00,53.294,38.005
2026-08-27T12:19:00.000-04:00,53.20399999999999,
2026-08-27T12:20:00.000-04:00,53.015,
2026-08-27T12:21:00.000-04:00,52.7,
2026-08-27T12:22:00.000-04:00,52.528999999999996,
2026-08-27T12:23:00.000-04:00,52.565,
2026-08-27T12:24:00.000-04:00,52.772,
2026-08-27T12:25:00.000-04:00,52.574,
2026-08-27T12:26:00.000-04:00,53.015,
2026-08-27T12:27:00.000-04:00,52.952,
2026-08-27T12:28:00.000-04:00,52.376,
2026-08-27T12:29:00.000-04:00,52.076,38.005
2026-08-27T12:30:00.000-04:00,53.042,
2026-08-27T12:31:00.000-04:00,52.808,
2026-08-27T12:32:00.000-04:00,52.691,
2026-08-27T12:33:00.000-04:00,51.89,
2026-08-27T12:34:00.000-04:00,52.528999999999996,
2026-08-27T12:35:00.000-04:00,52.322,
2026-08-27T12:36:00.000-04:00,52.510999999999996,
2026-08-27T12:37:00.000-04:00,52.367000000000004,
2026-08-27T12:38:00.000-04:00,52.079,
2026-08-27T12:39:00.000-04:00,51.953,
2026-08-27T12:40:00.000-04:00,52.286,
2026-08-27T12:41:00.000-04:00,52.754,
2026-08-27T12:42:00.000-04:00,52.016000000000005,
2026-08-27T12:43:00.000-04:00,52.835,
2026-08-27T12:44:00.000-04:00,52.682,
2026-08-27T12:45:00.000-04:00,52.646,
2026-08-27T12:46:00.000-04:00,53.078,
2026-08-27T12:47:00.000-04:00,52.682,
2026-08-27T12:48:00.000-04:00,53.123000000000005,
2026-08-27T12:49:00.000-04:00,52.7,
2026-08-27T12:50:00.000-04:00,52.367000000000004,
2026-08-27T12:51:00.000-04:00,52.754,
2026-08-27T12:52:00.000-04:00,52.52,
2026-08-27T12:53:00.000-04:00,52.510999999999996,
2026-08-27T12:54:00.000-04:00,53.042,38.005
2026-08-27T12:55:00.000-04:00,52.169,
2026-08-27T12:56:00.000-04:00,52.925,
2026-08-27T12:58:00.000-04:00,51.998,38.005
2026-08-27T12:59:00.000-04:00,52.439,38.005
2026-08-27T13:00:00.000-04:00,52.519999999999996,
2026-08-27T13:01:00.000-04:00,52.879999999999995,
2026-08-27T13:02:00.000-04:00,53.006,
2026-08-27T13:03:00.000-04:00,53.51,
2026-08-27T13:04:00.000-04:00,52.687999999999995,38.005
2026-08-27T13:05:00.000-04:00,52.718,
2026-08-27T13:06:00.000-04:00,52.421,
2026-08-27T13:07:00.000-04:00,51.98,
2026-08-27T13:08:00.000-04:00,52.574,38.005
2026-08-27T13:09:00.000-04:00,52.439,
2026-08-27T13:10:00.000-04:00,52.7,
2026-08-27T13:11:00.000-04:00,53.252,38.005
2026-08-27T13:12:00.000-04:00,53.852000000000004,
2026-08-27T13:13:00.000-04:00,53.798,
2026-08-27T13:14:00.000-04:00,53.402,
2026-08-27T13:15:00.000-04:00,52.754,
2026-08-27T13:16:00.000-04:00,52.994,38.005
2026-08-27T13:17:00.000-04:00,52.709,
2026-08-27T13:18:00.000-04:00,52.448,
2026-08-27T13:19:00.000-04:00,52.412,
2026-08-27T13:20:00.000-04:00,52.25,
2026-08-27T13:21:00.000-04:00,52.79,38.005
2026-08-27T14:08:00.000-04:00,52.34,
2026-08-27T14:09:00.000-04:00,53.321,
2026-08-27T14:10:00.000-04:00,52.826,
2026-08-27T14:11:00.000-04:00,53.456,
2026-08-27T14:12:00.000-04:00,52.952,
2026-08-27T14:13:00.000-04:00,52.268,
2026-08-27T14:14:00.000-04:00,53.024,38.005
2026-08-27T14:15:00.000-04:00,52.214,38.005
2026-08-27T14:16:00.000-04:00,52.16,
2026-08-27T14:17:00.000-04:00,52.709,
2026-08-27T14:18:00.000-04:00,52.556,
2026-08-27T14:19:00.000-04:00,52.474999999999994,
2026-08-27T14:20:00.000-04:00,52.826,
2026-08-27T14:21:00.000-04:00,52.403000000000006,
2026-08-27T14:22:00.000-04:00,53.222,38.005
2026-08-27T14:24:00.000-04:00,52.448,38.005
2026-08-27T14:25:00.000-04:00,53.123,
2026-08-27T14:27:00.000-04:00,52.556,
2026-08-27T14:28:00.000-04:00,51.8,
2026-08-27T14:29:00.000-04:00,52.532000000000004,
2026-08-27T14:32:00.000-04:00,52.196,
2026-08-27T14:33:00.000-04:00,52.34,
2026-08-27T15:25:00.000-04:00,52.16,
2026-08-27T15:26:00.000-04:00,53.257999999999996,
2026-08-27T15:27:00.000-04:00,52.574,
2026-08-27T15:28:00.000-04:00,52.141999999999996,
2026-08-27T15:29:00.000-04:00,53.087,
2026-08-27T15:30:00.000-04:00,53.942,38.005
2026-08-27T15:31:00.000-04:00,53.897,
2026-08-27T15:32:00.000-04:00,53.825,
2026-08-27T15:33:00.000-04:00,53.942,
2026-08-27T15:34:00.000-04:00,53.744,
2026-08-27T15:35:00.000-04:00,53.42,
2026-08-27T15:36:00.000-04:00,53.564,
2026-08-27T15:37:00.000-04:00,53.483,
2026-08-27T15:38:00.000-04:00,52.592,38.005
2026-08-27T15:45:00.000-04:00,51.746,
2026-08-27T15:46:00.000-04:00,52.718,
2026-08-27T15:47:00.000-04:00,52.772,
2026-08-27T15:48:00.000-04:00,52.501999999999995,
2026-08-27T15:49:00.000-04:00,52.619,
2026-08-27T15:50:00.000-04:00,52.376,
2026-08-27T15:52:00.000-04:00,53.159000000000006,
2026-08-27T16:19:00.000-04:00,52.394,
2026-08-27T16:20:00.000-04:00,54.428,
2026-08-27T16:21:00.000-04:00,56.201,
2026-08-27T16:22:00.000-04:00,58.028000000000006,
2026-08-27T16:23:00.000-04:00,59.153,
2026-08-27T16:24:00.000-04:00,60.008,
2026-08-27T16:25:00.000-04:00,60.449,
2026-08-27T16:26:00.000-04:00,59.072,
2026-08-27T16:27:00.000-04:00,58.694,
2026-08-27T16:30:00.000-04:00,56.632999999999996,38.005
2026-08-28T07:07:00.000-04:00,44.402,
2026-08-28T08:00:00.000-04:00,48.11,
2026-08-28T08:03:00.000-04:00,48.704,
2026-08-28T08:07:00.000-04:00,49.046,
2026-08-28T08:08:00.000-04:00,49.568,
2026-08-28T09:13:00.000-04:00,53.33,
2026-08-28T09:36:00.000-04:00,54.824,
2026-08-28T10:50:00.000-04:00,53.1095,
2026-08-28T10:51:00.000-04:00,54.145999999999994,
2026-08-28T11:00:00.000-04:00,54.23,
2026-08-28T11:07:00.000-04:00,56.156,
2026-08-28T11:08:00.000-04:00,55.3775,
2026-08-28T11:09:00.000-04:00,54.896,
2026-08-28T11:10:00.000-04:00,54.644,
2026-08-28T11:11:00.000-04:00,55.196,
2026-08-28T11:12:00.000-04:00,54.617000000000004,
2026-08-28T11:13:00.000-04:00,54.963499999999996,38.005
2026-08-28T11:19:00.000-04:00,54.644000000000005,
2026-08-28T11:37:00.000-04:00,54.032,
2026-08-28T12:23:00.000-04:00,53.492000000000004,
2026-08-28T12:30:00.000-04:00,53.492,
2026-08-28T14:01:00.000-04:00,52.502,
2026-08-28T14:03:00.000-04:00,52.7,
2026-08-28T15:17:00.000-04:00,52.655,
2026-08-28T15:19:00.000-04:00,54.014,
2026-08-28T15:20:00.000-04:00,53.996,
2026-08-28T15:21:00.000-04:00,54.851,
2026-08-28T15:22:00.000-04:00,55.982,
2026-08-28T15:23:00.000-04:00,55.274,
2026-08-28T15:24:00.000-04:00,54.644,
2026-08-28T15:26:00.000-04:00,54.896,
2026-08-28T16:05:00.000-04:00,53.294,
2026-08-28T16:13:00.000-04:00,52.465999999999994,
2026-08-30T14:48:00.000-04:00,44.726,
2026-08-30T14:49:00.000-04:00,45.14,
2026-08-31T09:41:00.000-04:00,44.6,
2026-08-31T10:11:00.000-04:00,46.4225,
2026-08-31T10:12:00.000-04:00,46.94,
2026-08-31T10:14:00.000-04:00,49.238,
2026-08-31T10:15:00.000-04:00,49.892,
2026-08-31T11:17:00.000-04:00,47.38399999999999,
2026-08-31T11:18:00.000-04:00,50.054,
2026-08-31T11:20:00.000-04:00,50.342,
2026-08-31T11:21:00.000-04:00,50.09,
2026-08-31T11:22:00.000-04:00,52.016,
2026-08-31T11:24:00.000-04:00,52.088,
2026-08-31T11:55:00.000-04:00,49.513999999999996,
2026-08-31T11:58:00.000-04:00,51.662,
2026-08-31T12:14:00.000-04:00,51.224,
2026-08-31T12:19:00.000-04:00,52.7,
2026-08-31T12:20:00.000-04:00,52.693999999999996,
2026-08-31T12:35:00.000-04:00,50.918,
2026-08-31T12:38:00.000-04:00,52.574,
2026-08-31T12:39:00.000-04:00,54.527,
2026-08-31T12:41:00.000-04:00,56.354,
2026-08-31T12:46:00.000-04:00,55.202,
2026-08-31T13:02:00.000-04:00,55.562,
2026-08-31T13:04:00.000-04:00,56.372,
2026-08-31T13:07:00.000-04:00,56.264,
2026-08-31T13:39:00.000-04:00,53.996,
2026-08-31T14:45:00.000-04:00,53.402,
2026-08-31T14:55:00.000-04:00,54.374,
2026-08-31T16:53:00.000-04:00,53.114,
2026-08-31T17:18:00.000-04:00,52.808,
2026-09-01T08:17:00.000-04:00,44.654,
2026-09-01T08:19:00.000-04:00,46.49,
2026-09-01T08:20:00.000-04:00,47.727500000000006,
2026-09-01T08:21:00.000-04:00,50.053999999999995,
2026-09-01T08:22:00.000-04:00,50.846,
2026-09-01T08:23:00.000-04:00,50.9495,
2026-09-01T08:24:00.000-04:00,52.8035,
2026-09-01T08:25:00.000-04:00,53.717,
2026-09-01T08:26:00.000-04:00,55.170500000000004,
2026-09-01T08:27:00.000-04:00,54.2885,
2026-09-01T08:28:00.000-04:00,52.97,
2026-09-01T08:29:00.000-04:00,51.446000000000005,
2026-09-01T08:30:00.000-04:00,50.73799999999999,
2026-09-01T08:31:00.000-04:00,50.918000000000006,
2026-09-01T08:32:00.000-04:00,50.7335,
2026-09-01T08:33:00.000-04:00,50.3915,
2026-09-01T08:34:00.000-04:00,50.2115,
2026-09-01T08:35:00.000-04:00,49.671499999999995,
2026-09-01T08:36:00.000-04:00,50.040499999999994,
2026-09-01T08:37:00.000-04:00,49.568,
2026-09-01T08:38:00.000-04:00,50.06,
2026-09-01T08:39:00.000-04:00,49.6868,
2026-09-01T08:40:00.000-04:00,49.4645,
2026-09-01T08:41:00.000-04:00,49.25749999999999,
2026-09-01T08:42:00.000-04:00,49.23950000000001,
2026-09-01T08:43:00.000-04:00,49.41499999999999,
2026-09-01T08:44:00.000-04:00,49.532,
2026-09-01T08:45:00.000-04:00,48.86150000000001,
2026-09-01T08:46:00.000-04:00,49.604,
2026-09-01T08:47:00.000-04:00,49.379,
2026-09-01T08:48:00.000-04:00,49.0955,
2026-09-01T08:49:00.000-04:00,48.839,
2026-09-01T08:50:00.000-04:00,48.960499999999996,
2026-09-01T08:51:00.000-04:00,48.86149999999999,
2026-09-01T08:52:00.000-04:00,48.875,
2026-09-01T08:53:00.000-04:00,48.5285,
2026-09-01T08:54:00.000-04:00,48.596000000000004,
2026-09-01T08:55:00.000-04:00,49.1045,
2026-09-01T08:56:00.000-04:00,48.974,
2026-09-01T08:57:00.000-04:00,49.217,
2026-09-01T08:58:00.000-04:00,48.875,
2026-09-01T08:59:00.000-04:00,48.56,
2026-09-01T09:00:00.000-04:00,48.605,
2026-09-01T09:01:00.000-04:00,49.406,
2026-09-01T09:02:00.000-04:00,49.001,
2026-09-01T09:03:00.000-04:00,48.848,
2026-09-01T09:04:00.000-04:00,49.091,
2026-09-01T09:05:00.000-04:00,49.04600000000001,
2026-09-01T09:06:00.000-04:00,48.6185,
2026-09-01T09:07:00.000-04:00,48.86150000000001,
2026-09-01T09:08:00.000-04:00,48.47,
2026-09-01T09:09:00.000-04:00,48.735499999999995,
2026-09-01T09:10:00.000-04:00,48.753499999999995,
2026-09-01T09:11:00.000-04:00,49.2305,
2026-09-01T09:12:00.000-04:00,48.375499999999995,
2026-09-01T09:13:00.000-04:00,48.915499999999994,
2026-09-01T09:14:00.000-04:00,48.3935,
2026-09-01T09:15:00.000-04:00,48.965,
2026-09-01T09:16:00.000-04:00,48.74,
2026-09-01T09:17:00.000-04:00,49.07300000000001,
2026-09-01T09:18:00.000-04:00,48.4025,
2026-09-01T09:19:00.000-04:00,48.938,
2026-09-01T09:20:00.000-04:00,48.915499999999994,
2026-09-01T09:21:00.000-04:00,48.70399999999999,
2026-09-01T09:22:00.000-04:00,48.992000000000004,
2026-09-01T09:23:00.000-04:00,49.136,
2026-09-01T09:24:00.000-04:00,48.9965,
2026-09-01T09:25:00.000-04:00,48.6815,
2026-09-01T09:26:00.000-04:00,49.2485,
2026-09-01T09:27:00.000-04:00,48.965,
2026-09-01T09:28:00.000-04:00,48.577999999999996,
2026-09-01T09:29:00.000-04:00,49.20349999999999,
2026-09-01T09:30:00.000-04:00,48.8255,
2026-09-01T09:31:00.000-04:00,48.474500000000006,
2026-09-01T09:32:00.000-04:00,48.397999999999996,
2026-09-01T09:33:00.000-04:00,48.605,
2026-09-01T09:34:00.000-04:00,49.185500000000005,
2026-09-01T09:35:00.000-04:00,48.848,
2026-09-01T09:36:00.000-04:00,48.767,
2026-09-01T09:37:00.000-04:00,48.748999999999995,
2026-09-01T09:38:00.000-04:00,48.956,
2026-09-01T09:39:00.000-04:00,48.542,
2026-09-01T09:40:00.000-04:00,49.2575,
2026-09-01T09:41:00.000-04:00,49.379000000000005,
2026-09-01T09:42:00.000-04:00,49.014500000000005,
2026-09-01T09:43:00.000-04:00,48.600500000000004,
2026-09-01T09:44:00.000-04:00,48.668,
2026-09-01T09:45:00.000-04:00,49.307,
2026-09-01T09:46:00.000-04:00,48.644,
2026-09-01T09:47:00.000-04:00,48.757999999999996,
2026-09-01T09:48:00.000-04:00,48.71300000000001,
2026-09-01T09:49:00.000-04:00,49.0235,
2026-09-01T09:50:00.000-04:00,49.0415,
2026-09-01T09:51:00.000-04:00,49.135999999999996,
2026-09-01T09:52:00.000-04:00,48.68600000000001,
2026-09-01T09:53:00.000-04:00,49.685,
2026-09-01T09:54:00.000-04:00,48.6455,
2026-09-01T09:55:00.000-04:00,49.037,
2026-09-01T09:56:00.000-04:00,49.001000000000005,
2026-09-01T09:57:00.000-04:00,48.857,
2026-09-01T09:58:00.000-04:00,49.253,
2026-09-01T09:59:00.000-04:00,49.4375,
2026-09-01T10:00:00.000-04:00,48.884,
2026-09-01T10:01:00.000-04:00,49.099999999999994,
2026-09-01T10:02:00.000-04:00,49.297999999999995,
2026-09-01T10:03:00.000-04:00,49.44200000000001,
2026-09-01T10:04:00.000-04:00,49.415,
2026-09-01T10:07:00.000-04:00,49.442,
2026-09-01T10:08:00.000-04:00,50.009,
2026-09-01T10:09:00.000-04:00,50.49800000000001,
2026-09-01T10:10:00.000-04:00,50.306,
2026-09-01T10:11:00.000-04:00,50.162,
2026-09-01T10:12:00.000-04:00,51.403999999999996,
2026-09-01T10:13:00.000-04:00,52.214,
2026-09-01T10:14:00.000-04:00,51.098,
2026-09-01T10:15:00.000-04:00,50.9315,
2026-09-01T10:16:00.000-04:00,51.2015,
2026-09-01T10:17:00.000-04:00,50.216,
2026-09-01T10:18:00.000-04:00,50.5625,
2026-09-01T10:19:00.000-04:00,50.603,
2026-09-01T10:20:00.000-04:00,50.598499999999994,
2026-09-01T10:21:00.000-04:00,50.310500000000005,
2026-09-01T10:22:00.000-04:00,50.089999999999996,
2026-09-01T10:23:00.000-04:00,50.279,
2026-09-01T10:24:00.000-04:00,50.089999999999996,
2026-09-01T10:25:00.000-04:00,50.2025,
2026-09-01T10:26:00.000-04:00,50.1665,
2026-09-01T10:27:00.000-04:00,49.9055,
2026-09-01T10:28:00.000-04:00,49.4015,
2026-09-01T10:29:00.000-04:00,51.413,
2026-09-01T10:30:00.000-04:00,52.3085,
2026-09-01T10:31:00.000-04:00,52.209500000000006,
2026-09-01T10:32:00.000-04:00,52.568000000000005,
2026-09-01T10:49:00.000-04:00,50.611999999999995,
2026-09-01T10:50:00.000-04:00,52.538,
2026-09-01T10:51:00.000-04:00,55.170500000000004,
2026-09-01T10:52:00.000-04:00,56.795,
2026-09-01T10:53:00.000-04:00,58.554500000000004,
2026-09-01T10:54:00.000-04:00,59.643499999999996,
2026-09-01T10:55:00.000-04:00,60.584,
2026-09-01T10:56:00.000-04:00,60.939499999999995,
2026-09-01T10:57:00.000-04:00,61.0205,
2026-09-01T10:58:00.000-04:00,61.178,
2026-09-01T10:59:00.000-04:00,59.841499999999996,
2026-09-01T11:00:00.000-04:00,58.73,
2026-09-01T11:01:00.000-04:00,58.743500000000004,
2026-09-01T11:02:00.000-04:00,59.108000000000004,
2026-09-01T12:05:00.000-04:00,53.4155,
2026-09-01T12:06:00.000-04:00,53.694500000000005,
2026-09-01T12:07:00.000-04:00,53.690000000000005,
2026-09-01T12:08:00.000-04:00,53.501,
2026-09-01T12:09:00.000-04:00,53.9015,
2026-09-01T12:10:00.000-04:00,53.24,
2026-09-01T12:11:00.000-04:00,53.6315,
2026-09-01T12:12:00.000-04:00,53.667500000000004,
2026-09-01T12:13:00.000-04:00,53.1995,
2026-09-01T12:14:00.000-04:00,53.7035,
2026-09-01T12:15:00.000-04:00,53.5865,
2026-09-01T12:16:00.000-04:00,53.4425,
2026-09-01T12:17:00.000-04:00,53.2175,
2026-09-01T12:18:00.000-04:00,53.528,
2026-09-01T12:19:00.000-04:00,53.2175,
2026-09-01T12:20:00.000-04:00,53.519,
2026-09-01T12:21:00.000-04:00,53.51,
2026-09-01T12:22:00.000-04:00,53.073499999999996,
2026-09-01T12:23:00.000-04:00,53.76199999999999,
2026-09-01T12:24:00.000-04:00,53.7035,
2026-09-01T12:25:00.000-04:00,53.402,
2026-09-01T12:26:00.000-04:00,53.708000000000006,
2026-09-01T12:27:00.000-04:00,53.411,
2026-09-01T12:28:00.000-04:00,53.613499999999995,
2026-09-01T12:29:00.000-04:00,53.4875,
2026-09-01T12:30:00.000-04:00,53.230999999999995,
2026-09-01T12:31:00.000-04:00,53.312,
2026-09-01T12:32:00.000-04:00,53.239999999999995,
2026-09-01T12:33:00.000-04:00,53.6585,
2026-09-01T12:34:00.000-04:00,53.465,
2026-09-01T12:35:00.000-04:00,53.4965,
2026-09-01T12:36:00.000-04:00,53.6135,
2026-09-01T12:37:00.000-04:00,53.8745,
2026-09-01T12:38:00.000-04:00,53.33,
2026-09-01T12:39:00.000-04:00,53.5955,
2026-09-01T12:40:00.000-04:00,53.4965,
2026-09-01T12:41:00.000-04:00,53.2985,
2026-09-01T12:42:00.000-04:00,53.676500000000004,
2026-09-01T12:43:00.000-04:00,53.699,
2026-09-01T12:44:00.000-04:00,53.366,
2026-09-01T12:45:00.000-04:00,53.2085,
2026-09-01T12:46:00.000-04:00,53.451499999999996,
2026-09-01T12:47:00.000-04:00,53.303,
2026-09-01T12:48:00.000-04:00,53.312000000000005,
2026-09-01T12:49:00.000-04:00,53.114000000000004,
2026-09-01T12:50:00.000-04:00,53.393,
2026-09-01T12:51:00.000-04:00,53.735,
2026-09-01T12:52:00.000-04:00,53.609,
2026-09-01T12:53:00.000-04:00,53.5505,
2026-09-01T12:54:00.000-04:00,53.738,
2026-09-01T12:55:00.000-04:00,54.1724,
2026-09-01T12:56:00.000-04:00,53.595499999999994,
2026-09-01T12:57:00.000-04:00,53.703500000000005,
2026-09-01T12:58:00.000-04:00,53.789,
2026-09-01T12:59:00.000-04:00,54.88399999999999,
2026-09-01T13:00:00.000-04:00,55.139,
2026-09-01T13:01:00.000-04:00,54.86,
2026-09-01T13:02:00.000-04:00,54.644,
2026-09-01T13:03:00.000-04:00,55.823,
2026-09-01T13:04:00.000-04:00,56.448499999999996,
2026-09-01T13:05:00.000-04:00,56.876000000000005,
2026-09-01T13:06:00.000-04:00,56.7635,
2026-09-01T13:07:00.000-04:00,56.5205,
2026-09-01T13:08:00.000-04:00,57.047000000000004,
2026-09-01T13:09:00.000-04:00,56.6915,
2026-09-01T13:10:00.000-04:00,57.83,
2026-09-01T13:11:00.000-04:00,58.433,
2026-09-01T13:12:00.000-04:00,59.117000000000004,
2026-09-01T13:13:00.000-04:00,59.445499999999996,
2026-09-01T13:14:00.000-04:00,58.784000000000006,
2026-09-01T13:15:00.000-04:00,58.541000000000004,
2026-09-01T13:16:00.000-04:00,58.001000000000005,
2026-09-01T13:17:00.000-04:00,57.546499999999995,
2026-09-01T13:18:00.000-04:00,57.397999999999996,
2026-09-01T13:19:00.000-04:00,57.1145,
2026-09-01T13:20:00.000-04:00,56.372,
2026-09-01T13:21:00.000-04:00,56.025499999999994,
2026-09-01T13:22:00.000-04:00,55.773500000000006,
2026-09-01T13:23:00.000-04:00,55.238,
2026-09-01T13:24:00.000-04:00,55.359500000000004,
2026-09-01T13:25:00.000-04:00,55.445,
2026-09-01T13:26:00.000-04:00,55.4765,
2026-09-01T13:27:00.000-04:00,55.373,
2026-09-01T13:28:00.000-04:00,55.265,
2026-09-01T13:29:00.000-04:00,55.4585,
2026-09-01T13:30:00.000-04:00,54.972500000000004,
2026-09-01T13:31:00.000-04:00,54.88249999999999,
2026-09-01T13:32:00.000-04:00,55.215500000000006,
2026-09-01T13:33:00.000-04:00,55.085,
2026-09-01T13:34:00.000-04:00,55.1615,
2026-09-01T13:35:00.000-04:00,56.2145,
2026-09-01T13:36:00.000-04:00,56.723,
2026-09-01T13:37:00.000-04:00,57.974,
2026-09-01T13:38:00.000-04:00,57.9335,
2026-09-01T13:39:00.000-04:00,57.416,
2026-09-01T13:40:00.000-04:00,57.983000000000004,
2026-09-01T13:41:00.000-04:00,58.289,
2026-09-01T13:42:00.000-04:00,58.748,
2026-09-01T13:43:00.000-04:00,58.6715,
2026-09-01T13:44:00.000-04:00,58.230500000000006,
2026-09-01T13:45:00.000-04:00,58.613,
2026-09-01T13:46:00.000-04:00,59.45,
2026-09-01T13:47:00.000-04:00,59.458999999999996,
2026-09-01T13:48:00.000-04:00,58.9505,
2026-09-01T13:49:00.000-04:00,58.04600000000001,
2026-09-01T13:50:00.000-04:00,57.524,
2026-09-01T13:51:00.000-04:00,57.137,
2026-09-01T13:52:00.000-04:00,57.2855,
2026-09-01T13:53:00.000-04:00,56.4215,
2026-09-01T13:54:00.000-04:00,56.5925,
2026-09-01T13:55:00.000-04:00,56.223499999999994,
2026-09-01T13:56:00.000-04:00,55.4495,
2026-09-01T13:57:00.000-04:00,56.102000000000004,
2026-09-01T13:58:00.000-04:00,55.305499999999995,
2026-09-01T13:59:00.000-04:00,54.968,
2026-09-01T14:00:00.000-04:00,55.2065,
2026-09-01T14:01:00.000-04:00,55.553,
2026-09-01T14:02:00.000-04:00,55.1165,
2026-09-01T14:03:00.000-04:00,55.643,
2026-09-01T14:04:00.000-04:00,55.3775,
2026-09-01T14:05:00.000-04:00,55.04,
2026-09-01T14:06:00.000-04:00,55.1165,
2026-09-01T14:07:00.000-04:00,55.4765,
2026-09-01T14:08:00.000-04:00,55.229,
2026-09-01T14:09:00.000-04:00,54.828500000000005,
2026-09-01T14:10:00.000-04:00,54.644,
2026-09-01T14:11:00.000-04:00,54.374,
2026-09-01T14:12:00.000-04:00,54.734,
2026-09-01T14:13:00.000-04:00,54.509,
2026-09-01T14:14:00.000-04:00,54.158,
2026-09-01T14:15:00.000-04:00,54.44149999999999,
2026-09-01T14:16:00.000-04:00,54.6935,
2026-09-01T14:17:00.000-04:00,54.5405,
2026-09-01T14:18:00.000-04:00,54.364999999999995,
2026-09-01T14:19:00.000-04:00,54.594500000000004,
2026-09-01T14:20:00.000-04:00,54.7205,
2026-09-01T14:21:00.000-04:00,54.88249999999999,
2026-09-01T14:22:00.000-04:00,54.88399999999999,
2026-09-01T14:23:00.000-04:00,54.59,
2026-09-01T14:24:00.000-04:00,56.03,
2026-09-01T14:26:00.000-04:00,58.118,
2026-09-01T14:39:00.000-04:00,56.96,
2026-09-01T14:40:00.000-04:00,57.092,
2026-09-01T14:41:00.000-04:00,57.533,
2026-09-01T14:42:00.000-04:00,56.96600000000001,
2026-09-01T14:43:00.000-04:00,57.379999999999995,
2026-09-01T14:44:00.000-04:00,56.835499999999996,
2026-09-01T14:45:00.000-04:00,56.723,
2026-09-01T14:46:00.000-04:00,57.105500000000006,
2026-09-01T14:47:00.000-04:00,56.849000000000004,
2026-09-01T14:48:00.000-04:00,57.078500000000005,
2026-09-01T14:49:00.000-04:00,56.853500000000004,
2026-09-01T14:50:00.000-04:00,57.388999999999996,
2026-09-01T14:51:00.000-04:00,59.819,
2026-09-01T14:52:00.000-04:00,60.358999999999995,
2026-09-01T14:53:00.000-04:00,60.278,
2026-09-01T14:54:00.000-04:00,59.9,
2026-09-01T14:55:00.000-04:00,59.396,
2026-09-01T14:56:00.000-04:00,59.1485,
2026-09-01T14:57:00.000-04:00,58.7705,
2026-09-01T14:58:00.000-04:00,58.478,
2026-09-01T14:59:00.000-04:00,58.496,
2026-09-01T15:00:00.000-04:00,58.0865,
2026-09-01T15:01:00.000-04:00,57.7805,
2026-09-01T15:02:00.000-04:00,57.497,
2026-09-01T15:03:00.000-04:00,57.578,
2026-09-01T15:04:00.000-04:00,57.6455,
2026-09-01T15:05:00.000-04:00,57.641000000000005,
2026-09-01T15:06:00.000-04:00,57.389,
2026-09-01T15:07:00.000-04:00,57.4295,
2026-09-01T15:08:00.000-04:00,57.4205,
2026-09-01T15:09:00.000-04:00,57.362,
2026-09-01T15:10:00.000-04:00,56.8895,
2026-09-01T15:11:00.000-04:00,56.678000000000004,
2026-09-01T15:12:00.000-04:00,56.99300000000001,
2026-09-01T15:13:00.000-04:00,56.93,
2026-09-01T15:14:00.000-04:00,60.152,
2026-09-01T15:15:00.000-04:00,60.786500000000004,
2026-09-01T15:16:00.000-04:00,60.8,
2026-09-01T15:38:00.000-04:00,57.001999999999995,
2026-09-01T15:39:00.000-04:00,57.843500000000006,
2026-09-01T15:40:00.000-04:00,59.765,
2026-09-01T15:41:00.000-04:00,60.961999999999996,
2026-09-01T15:42:00.000-04:00,61.619,
2026-09-01T15:43:00.000-04:00,61.84400000000001,
2026-09-01T15:44:00.000-04:00,61.524499999999996,
2026-09-01T15:45:00.000-04:00,61.214,
2026-09-01T15:46:00.000-04:00,60.88549999999999,
2026-09-01T15:47:00.000-04:00,60.7235,
2026-09-01T15:48:00.000-04:00,60.377,
2026-09-01T15:55:00.000-04:00,60.08,
2026-09-01T15:56:00.000-04:00,59.162,
2026-09-01T15:57:00.000-04:00,58.982,
2026-09-01T15:58:00.000-04:00,60.224,
2026-09-01T15:59:00.000-04:00,60.152,
2026-09-01T16:00:00.000-04:00,59.936,
2026-09-01T16:01:00.000-04:00,60.296,
2026-09-01T16:04:00.000-04:00,59.738,
2026-09-01T16:05:00.000-04:00,59.954,
2026-09-01T16:06:00.000-04:00,59.801,
2026-09-01T16:07:00.000-04:00,59.954,
2026-09-01T16:08:00.000-04:00,59.864,
2026-09-01T16:09:00.000-04:00,59.198,
2026-09-01T16:11:00.000-04:00,59.702,
2026-09-01T16:12:00.000-04:00,59.522,
2026-09-01T16:15:00.000-04:00,59.126,
2026-09-01T16:16:00.000-04:00,59.324,
2026-09-01T16:17:00.000-04:00,59.018,
2026-09-01T16:18:00.000-04:00,58.586,
2026-09-01T16:19:00.000-04:00,59.054,
2026-09-01T16:20:00.000-04:00,58.928,
2026-09-01T16:21:00.000-04:00,59.936,
2026-09-01T16:22:00.000-04:00,59.117000000000004,
2026-09-01T16:23:00.000-04:00,58.955,
2026-09-01T16:25:00.000-04:00,58.748,
2026-09-01T16:26:00.000-04:00,58.838,
2026-09-01T16:27:00.000-04:00,58.62800000000001,
2026-09-01T16:28:00.000-04:00,58.946,
2026-09-01T16:29:00.000-04:00,58.946,
2026-09-01T16:31:00.000-04:00,58.694,
2026-09-01T16:34:00.000-04:00,58.604,
2026-09-01T16:35:00.000-04:00,58.244,
2026-09-01T16:36:00.000-04:00,59.459,
2026-09-01T16:38:00.000-04:00,60.449,
2026-09-01T16:40:00.000-04:00,60.242,
2026-09-01T16:43:00.000-04:00,60.152,
2026-09-01T16:44:00.000-04:00,60.35,
2026-09-01T16:45:00.000-04:00,60.152,
2026-09-01T16:46:00.000-04:00,59.432,
2026-09-01T16:55:00.000-04:00,60.386,
2026-09-01T16:56:00.000-04:00,59.306,
2026-09-01T16:58:00.000-04:00,60.008,
2026-09-01T16:59:00.000-04:00,59.522000000000006,
2026-09-01T17:00:00.000-04:00,59.783,
2026-09-01T17:02:00.000-04:00,59.504,
2026-09-01T17:04:00.000-04:00,59.252,
2026-09-01T17:05:00.000-04:00,59.72,
2026-09-01T17:06:00.000-04:00,59.738,
2026-09-01T17:07:00.000-04:00,59.647999999999996,
2026-09-01T17:09:00.000-04:00,59.620999999999995,
2026-09-01T17:11:00.000-04:00,59.954,
2026-09-01T17:12:00.000-04:00,59.675,
2026-09-01T17:14:00.000-04:00,59.306,
2026-09-01T17:17:00.000-04:00,59.486,
2026-09-01T17:19:00.000-04:00,59.846,
2026-09-01T17:23:00.000-04:00,59.828,
2026-09-01T17:24:00.000-04:00,60.008,
2026-09-01T17:25:00.000-04:00,59.378,
2026-09-01T17:27:00.000-04:00,59.9,
2026-09-01T17:44:00.000-04:00,59.702,38.005
2026-09-01T17:45:00.000-04:00,59.702,
2026-09-01T17:46:00.000-04:00,58.64,
2026-09-01T17:54:00.000-04:00,59.414,
2026-09-01T17:55:00.000-04:00,58.864999999999995,
2026-09-01T17:56:00.000-04:00,59.054,
2026-09-01T17:57:00.000-04:00,59.126,
2026-09-01T17:58:00.000-04:00,59.63,
2026-09-01T17:59:00.000-04:00,59.162,
2026-09-01T18:00:00.000-04:00,59.018,
2026-09-01T18:01:00.000-04:00,59.207,
2026-09-01T18:02:00.000-04:00,59.054,
2026-09-01T18:04:00.000-04:00,59.126,
2026-09-01T18:05:00.000-04:00,58.91,
2026-09-01T18:06:00.000-04:00,58.586,
2026-09-01T18:07:00.000-04:00,58.82,
2026-09-01T18:08:00.000-04:00,58.964,
2026-09-01T18:09:00.000-04:00,58.604,
2026-09-01T18:10:00.000-04:00,58.703,
2026-09-01T18:11:00.000-04:00,58.64,
2026-09-01T18:12:00.000-04:00,58.721000000000004,
2026-09-01T18:14:00.000-04:00,57.992,
2026-09-01T18:15:00.000-04:00,58.928,
2026-09-01T18:16:00.000-04:00,59.252,
2026-09-01T18:17:00.000-04:00,59.054,
2026-09-01T18:18:00.000-04:00,58.208,
2026-09-01T18:19:00.000-04:00,58.55,
2026-09-01T18:20:00.000-04:00,58.334,
2026-09-01T18:21:00.000-04:00,58.541,
2026-09-01T18:22:00.000-04:00,58.514,
2026-09-01T18:23:00.000-04:00,58.298,
2026-09-01T18:24:00.000-04:00,58.136,
2026-09-01T18:25:00.000-04:00,58.676,
2026-09-01T18:26:00.000-04:00,58.244,
2026-09-01T18:27:00.000-04:00,58.406,
2026-09-01T18:28:00.000-04:00,57.884,
2026-09-01T18:29:00.000-04:00,58.28,
2026-09-01T18:30:00.000-04:00,58.118,
2026-09-01T18:31:00.000-04:00,58.307,
2026-09-01T18:32:00.000-04:00,58.316,
2026-09-01T18:33:00.000-04:00,58.442,
2026-09-01T18:34:00.000-04:00,58.388000000000005,
2026-09-01T18:35:00.000-04:00,58.504999999999995,
2026-09-01T18:36:00.000-04:00,58.154,
2026-09-01T18:37:00.000-04:00,58.451,
2026-09-01T18:38:00.000-04:00,58.028,
2026-09-01T18:39:00.000-04:00,58.496,
2026-09-01T18:40:00.000-04:00,58.316,
2026-09-01T18:41:00.000-04:00,57.65,
2026-09-01T18:42:00.000-04:00,58.649,
2026-09-01T18:43:00.000-04:00,58.136,
2026-09-01T18:44:00.000-04:00,57.893,
2026-09-01T18:45:00.000-04:00,57.947,
2026-09-01T18:46:00.000-04:00,57.326,
2026-09-01T18:47:00.000-04:00,57.812,
2026-09-01T18:48:00.000-04:00,57.704,
2026-09-01T18:49:00.000-04:00,57.704,
2026-09-01T18:51:00.000-04:00,58.244,
2026-09-01T18:52:00.000-04:00,58.163,
2026-09-01T18:53:00.000-04:00,57.965,
2026-09-01T18:54:00.000-04:00,57.623000000000005,
2026-09-01T18:55:00.000-04:00,57.884,
2026-09-01T18:57:00.000-04:00,57.452,
2026-09-01T18:58:00.000-04:00,58.181,
2026-09-01T19:00:00.000-04:00,57.569,
2026-09-01T19:01:00.000-04:00,57.92,
2026-09-01T19:02:00.000-04:00,57.956,
2026-09-01T19:03:00.000-04:00,57.739999999999995,
2026-09-01T19:06:00.000-04:00,58.244,
2026-09-01T19:07:00.000-04:00,58.1,
2026-09-01T19:08:00.000-04:00,58.1,
2026-09-01T19:09:00.000-04:00,58.352,
2026-09-01T19:10:00.000-04:00,58.01,
2026-09-01T19:11:00.000-04:00,57.794,
2026-09-01T19:17:00.000-04:00,57.668,
2026-09-01T19:18:00.000-04:00,57.434,
2026-09-01T19:19:00.000-04:00,57.326,
2026-09-01T19:21:00.000-04:00,57.56,
2026-09-01T19:22:00.000-04:00,58.073,
2026-09-01T19:23:00.000-04:00,57.488,
2026-09-01T19:24:00.000-04:00,57.326,
2026-09-01T19:25:00.000-04:00,57.254,
2026-09-01T19:26:00.000-04:00,57.704,
2026-09-01T19:27:00.000-04:00,57.83,
2026-09-01T19:28:00.000-04:00,57.074,
2026-09-01T19:29:00.000-04:00,57.416,
2026-09-01T19:30:00.000-04:00,57.407,
2026-09-01T19:31:00.000-04:00,57.614,
2026-09-01T19:32:00.000-04:00,57.578,
2026-09-01T19:33:00.000-04:00,57.263,
2026-09-01T19:37:00.000-04:00,57.452,38.005
2026-09-01T19:39:00.000-04:00,57.416,
2026-09-01T19:40:00.000-04:00,57.452,
2026-09-01T19:42:00.000-04:00,56.768,38.005
2026-09-01T19:43:00.000-04:00,58.01,
2026-09-01T19:44:00.000-04:00,57.379999999999995,
2026-09-01T19:45:00.000-04:00,57.65,
2026-09-01T19:46:00.000-04:00,57.506,38.005
2026-09-01T19:47:00.000-04:00,56.894,
2026-09-01T19:48:00.000-04:00,57.785,
2026-09-01T19:49:00.000-04:00,56.894,
2026-09-01T19:50:00.000-04:00,57.596000000000004,
2026-09-01T19:51:00.000-04:00,57.308,
2026-09-01T19:52:00.000-04:00,57.605000000000004,
2026-09-01T19:53:00.000-04:00,57.641000000000005,
2026-09-01T19:54:00.000-04:00,58.118,
2026-09-01T19:55:00.000-04:00,57.83,
2026-09-01T19:57:00.000-04:00,57.29,
2026-09-01T19:58:00.000-04:00,57.497,
2026-09-01T19:59:00.000-04:00,57.506,
2026-09-01T20:00:00.000-04:00,57.29,
2026-09-01T20:01:00.000-04:00,57.488,
2026-09-01T20:02:00.000-04:00,57.56,
2026-09-01T20:03:00.000-04:00,56.93,
2026-09-01T20:04:00.000-04:00,56.93,
2026-09-01T20:05:00.000-04:00,57.272,
2026-09-01T20:06:00.000-04:00,57.038,
2026-09-01T20:07:00.000-04:00,57.209,
2026-09-01T20:09:00.000-04:00,56.849000000000004,
2026-09-01T20:10:00.000-04:00,56.966,
2026-09-01T20:11:00.000-04:00,57.056,
2026-09-01T20:12:00.000-04:00,57.11,
2026-09-01T20:13:00.000-04:00,57.272000000000006,
2026-09-01T20:14:00.000-04:00,57.614,
2026-09-01T20:15:00.000-04:00,57.218,
2026-09-01T20:16:00.000-04:00,57.65,
2026-09-01T20:17:00.000-04:00,56.939,
2026-09-01T20:18:00.000-04:00,56.912,
2026-09-01T20:19:00.000-04:00,57.11,
2026-09-01T20:20:00.000-04:00,57.344,
2026-09-01T20:21:00.000-04:00,56.885000000000005,
2026-09-01T20:23:00.000-04:00,56.426,
2026-09-01T20:25:00.000-04:00,57.02,
2026-09-01T20:27:00.000-04:00,56.678,
2026-09-01T20:28:00.000-04:00,56.894,
2026-09-01T20:29:00.000-04:00,57.2,
2026-09-01T20:30:00.000-04:00,56.831,
2026-09-01T20:31:00.000-04:00,56.804,
2026-09-01T20:32:00.000-04:00,57.02,
2026-09-01T20:33:00.000-04:00,57.092,
2026-09-01T20:34:00.000-04:00,56.948,
2026-09-01T20:35:00.000-04:00,56.48,
2026-09-01T20:36:00.000-04:00,56.696,
2026-09-01T20:37:00.000-04:00,56.408,
2026-09-01T20:38:00.000-04:00,56.642,
2026-09-01T20:39:00.000-04:00,56.858,
2026-09-01T20:40:00.000-04:00,56.894,
2026-09-01T20:41:00.000-04:00,56.984,
2026-09-01T20:42:00.000-04:00,56.588,
2026-09-01T20:43:00.000-04:00,56.75,
2026-09-01T20:45:00.000-04:00,56.426,
2026-09-01T20:46:00.000-04:00,57.010999999999996,
2026-09-01T20:47:00.000-04:00,56.138000000000005,
2026-09-01T20:48:00.000-04:00,56.444,
2026-09-01T20:49:00.000-04:00,56.606,
2026-09-01T20:50:00.000-04:00,55.85,
2026-09-01T20:51:00.000-04:00,56.678,
2026-09-01T20:52:00.000-04:00,57.092,
2026-09-01T20:54:00.000-04:00,56.426,
2026-09-01T20:57:00.000-04:00,56.174,
2026-09-01T20:59:00.000-04:00,57.128,
2026-09-01T21:00:00.000-04:00,56.21,
2026-09-01T21:02:00.000-04:00,56.678,
2026-09-01T21:03:00.000-04:00,55.67,
2026-09-01T21:06:00.000-04:00,56.462,
2026-09-01T21:07:00.000-04:00,56.264,
2026-09-01T21:09:00.000-04:00,56.264,
2026-09-01T21:10:00.000-04:00,55.904,
2026-09-01T21:12:00.000-04:00,55.814,
2026-09-01T21:13:00.000-04:00,55.814,
2026-09-01T21:16:00.000-04:00,56.138,
2026-09-01T21:17:00.000-04:00,55.778,
2026-09-01T21:18:00.000-04:00,55.976,
2026-09-01T21:20:00.000-04:00,56.129,
2026-09-01T21:21:00.000-04:00,55.328,
2026-09-01T21:22:00.000-04:00,55.04,
2026-09-01T21:25:00.000-04:00,55.562,
2026-09-01T21:26:00.000-04:00,56.03,
2026-09-01T21:27:00.000-04:00,55.814,
2026-09-01T21:28:00.000-04:00,55.832,
2026-09-01T21:29:00.000-04:00,55.634,
2026-09-01T21:30:00.000-04:00,55.454,
2026-09-01T21:31:00.000-04:00,55.472,
2026-09-01T21:32:00.000-04:00,55.49,
2026-09-01T21:33:00.000-04:00,55.22,
2026-09-01T21:40:00.000-04:00,55.436,
2026-09-01T21:41:00.000-04:00,55.364,
2026-09-01T21:42:00.000-04:00,55.328,
2026-09-01T21:43:00.000-04:00,55.202,
2026-09-01T21:45:00.000-04:00,55.292,
2026-09-01T21:46:00.000-04:00,55.706,
2026-09-01T21:47:00.000-04:00,55.652,
2026-09-01T21:49:00.000-04:00,54.626000000000005,
2026-09-01T21:51:00.000-04:00,55.301,
2026-09-01T21:52:00.000-04:00,56.03,
2026-09-01T21:53:00.000-04:00,55.922,
2026-09-01T21:54:00.000-04:00,54.752,
2026-09-01T21:55:00.000-04:00,54.824,
2026-09-01T21:56:00.000-04:00,54.554,
2026-09-01T21:58:00.000-04:00,55.022,
2026-09-01T21:59:00.000-04:00,55.346,
2026-09-01T22:00:00.000-04:00,54.86,
2026-09-01T22:01:00.000-04:00,55.022,
2026-09-01T22:07:00.000-04:00,55.094,
2026-09-01T22:08:00.000-04:00,54.824,
2026-09-01T22:09:00.000-04:00,54.446,
2026-09-01T22:11:00.000-04:00,54.428,
2026-09-01T22:12:00.000-04:00,55.202,
2026-09-01T22:15:00.000-04:00,54.266,
2026-09-01T22:16:00.000-04:00,54.95,
2026-09-01T22:17:00.000-04:00,54.788,
2026-09-01T22:19:00.000-04:00,54.86,
2026-09-01T22:21:00.000-04:00,54.59,
2026-09-01T22:22:00.000-04:00,54.599000000000004,
2026-09-01T22:23:00.000-04:00,54.14,
2026-09-01T22:24:00.000-04:00,55.094,
2026-09-01T22:26:00.000-04:00,54.302,
2026-09-01T22:28:00.000-04:00,54.788,
2026-09-01T22:30:00.000-04:00,54.518,
2026-09-01T22:31:00.000-04:00,54.338,
2026-09-01T22:32:00.000-04:00,54.014,
2026-09-01T22:33:00.000-04:00,54.554,
2026-09-01T22:35:00.000-04:00,54.338,
2026-09-01T22:38:00.000-04:00,54.356,
2026-09-01T22:42:00.000-04:00,54.5,
2026-09-01T22:43:00.000-04:00,54.428,
2026-09-01T22:44:00.000-04:00,54.212,
2026-09-01T22:45:00.000-04:00,54.464,
2026-09-01T22:46:00.000-04:00,54.05,
2026-09-01T22:48:00.000-04:00,53.996,
2026-09-01T22:49:00.000-04:00,54.275,
2026-09-01T22:51:00.000-04:00,54.086,
2026-09-01T22:53:00.000-04:00,54.518,
2026-09-01T22:54:00.000-04:00,54.059,
2026-09-01T22:55:00.000-04:00,53.978,
2026-09-01T22:57:00.000-04:00,53.726,
2026-09-01T22:59:00.000-04:00,53.663,
2026-09-01T23:02:00.000-04:00,53.834,
2026-09-01T23:03:00.000-04:00,53.744,
2026-09-01T23:04:00.000-04:00,53.42,
2026-09-01T23:06:00.000-04:00,54.131,
2026-09-01T23:07:00.000-04:00,53.564,
2026-09-01T23:08:00.000-04:00,53.798,
2026-09-01T23:10:00.000-04:00,53.744,
2026-09-01T23:11:00.000-04:00,53.897,
2026-09-01T23:15:00.000-04:00,53.852,
2026-09-01T23:17:00.000-04:00,53.618,
2026-09-01T23:20:00.000-04:00,53.744,
2026-09-01T23:21:00.000-04:00,53.564,
2026-09-01T23:22:00.000-04:00,53.402,
2026-09-01T23:24:00.000-04:00,53.978,
2026-09-01T23:27:00.000-04:00,54.104,
2026-09-01T23:34:00.000-04:00,53.618,
2026-09-01T23:35:00.000-04:00,54.212,
2026-09-01T23:36:00.000-04:00,54.104,
2026-09-01T23:37:00.000-04:00,53.294,
2026-09-01T23:39:00.000-04:00,53.348,
2026-09-01T23:40:00.000-04:00,53.042,
2026-09-01T23:43:00.000-04:00,54.005,
2026-09-01T23:45:00.000-04:00,53.726,
2026-09-01T23:46:00.000-04:00,53.852,
2026-09-01T23:48:00.000-04:00,53.798,
2026-09-01T23:49:00.000-04:00,53.564,
2026-09-01T23:50:00.000-04:00,53.879000000000005,
2026-09-01T23:52:00.000-04:00,53.474,
2026-09-01T23:54:00.000-04:00,53.978,
2026-09-01T23:55:00.000-04:00,53.564,
2026-09-01T23:56:00.000-04:00,53.528,
2026-09-01T23:58:00.000-04:00,53.06,
2026-09-01T23:59:00.000-04:00,53.402,
2026-09-02T00:00:00.000-04:00,53.528,
2026-09-02T00:03:00.000-04:00,53.816,
2026-09-02T00:07:00.000-04:00,53.564,
2026-09-02T00:09:00.000-04:00,53.798,
2026-09-02T00:11:00.000-04:00,53.744,
2026-09-02T00:12:00.000-04:00,53.168,
2026-09-02T00:14:00.000-04:00,53.266999999999996,
2026-09-02T00:17:00.000-04:00,52.808,
2026-09-02T00:18:00.000-04:00,52.97,
2026-09-02T00:20:00.000-04:00,53.348,
2026-09-02T00:21:00.000-04:00,53.789,
2026-09-02T00:22:00.000-04:00,53.096,
2026-09-02T00:24:00.000-04:00,53.978,
2026-09-02T00:26:00.000-04:00,52.682,
2026-09-02T00:27:00.000-04:00,53.69,
2026-09-02T00:29:00.000-04:00,53.78,
2026-09-02T00:31:00.000-04:00,53.276,
2026-09-02T00:34:00.000-04:00,53.339,
2026-09-02T00:35:00.000-04:00,53.33,
2026-09-02T00:36:00.000-04:00,52.898,
2026-09-02T00:38:00.000-04:00,52.97,
2026-09-02T00:39:00.000-04:00,53.384,
2026-09-02T00:40:00.000-04:00,53.744,38.005
2026-09-02T00:41:00.000-04:00,53.33,
2026-09-02T00:43:00.000-04:00,53.132,
2026-09-02T00:45:00.000-04:00,53.222,
2026-09-02T00:47:00.000-04:00,52.358,
2026-09-02T00:48:00.000-04:00,52.628,
2026-09-02T00:50:00.000-04:00,52.718,
2026-09-02T00:51:00.000-04:00,52.934,
2026-09-02T00:52:00.000-04:00,53.402,
2026-09-02T00:54:00.000-04:00,54.104,
2026-09-02T00:56:00.000-04:00,53.402,
2026-09-02T00:57:00.000-04:00,53.726,
2026-09-02T00:59:00.000-04:00,53.258,
2026-09-02T01:02:00.000-04:00,52.106,
2026-09-02T01:04:00.000-04:00,52.214,
2026-09-02T01:05:00.000-04:00,52.16,
2026-09-02T01:11:00.000-04:00,52.952,
2026-09-02T01:12:00.000-04:00,52.844,
2026-09-02T01:14:00.000-04:00,52.376,
2026-09-02T01:16:00.000-04:00,53.006,
2026-09-02T01:18:00.000-04:00,52.826,
2026-09-02T01:27:00.000-04:00,52.304,
2026-09-02T01:32:00.000-04:00,52.502,
2026-09-02T01:38:00.000-04:00,52.628,
2026-09-02T01:39:00.000-04:00,51.512,
2026-09-02T01:43:00.000-04:00,51.71,
2026-09-02T01:51:00.000-04:00,51.728,
2026-09-02T01:57:00.000-04:00,52.034,
2026-09-02T02:03:00.000-04:00,51.8,
2026-09-02T02:07:00.000-04:00,51.89,
2026-09-02T02:10:00.000-04:00,52.736,
2026-09-02T02:15:00.000-04:00,52.286,
2026-09-02T02:18:00.000-04:00,52.169,
2026-09-02T02:22:00.000-04:00,51.98,
2026-09-02T02:23:00.000-04:00,52.394,
2026-09-02T02:31:00.000-04:00,51.17,
2026-09-02T02:40:00.000-04:00,52.376,
2026-09-02T02:52:00.000-04:00,51.53,38.005
2026-09-02T03:28:00.000-04:00,51.188,
2026-09-02T04:20:00.000-04:00,50.864,
2026-09-02T05:34:00.000-04:00,50.774,
2026-09-02T09:21:00.000-04:00,51.116,
2026-09-02T10:27:00.000-04:00,53.906,
2026-09-02T10:28:00.000-04:00,57.497,
2026-09-02T10:34:00.000-04:00,57.506,
2026-09-02T10:35:00.000-04:00,58.226,38.005
2026-09-02T11:08:00.000-04:00,54.734,
2026-09-02T11:18:00.000-04:00,56.372,
2026-09-02T11:19:00.000-04:00,56.768,
2026-09-02T11:43:00.000-04:00,57.65,
2026-09-02T12:48:00.000-04:00,57.524,
2026-09-02T12:49:00.000-04:00,59.342,
2026-09-02T12:50:00.000-04:00,60.854,38.005
2026-09-02T12:54:00.000-04:00,60.71,
2026-09-02T12:56:00.000-04:00,61.826,
2026-09-02T12:57:00.000-04:00,62.294000000000004,38.005
2026-09-02T12:58:00.000-04:00,62.6,
2026-09-02T13:02:00.000-04:00,59.756,
2026-09-02T13:06:00.000-04:00,59.467999999999996,38.005
2026-09-02T13:07:00.000-04:00,59.468,
2026-09-02T13:10:00.000-04:00,59.207,
2026-09-02T13:15:00.000-04:00,58.982,
2026-09-02T13:16:00.000-04:00,59.81,
2026-09-02T13:17:00.000-04:00,59.288,38.005
2026-09-02T13:18:00.000-04:00,59.576,38.005
2026-09-02T13:19:00.000-04:00,59.216,38.005
2026-09-02T13:20:00.000-04:00,59.18,
2026-09-02T13:23:00.000-04:00,58.91,
2026-09-02T13:24:00.000-04:00,59.342,38.005
2026-09-02T13:26:00.000-04:00,60.026,
2026-09-02T13:27:00.000-04:00,60.044,38.005
2026-09-02T13:28:00.000-04:00,59.732,38.005
2026-09-02T13:29:00.000-04:00,59.945,
2026-09-02T13:30:00.000-04:00,62.186,38.005
2026-09-02T13:31:00.000-04:00,61.754,
2026-09-02T13:32:00.000-04:00,61.358,
2026-09-02T13:34:00.000-04:00,60.278,
2026-09-02T13:35:00.000-04:00,60.278,
2026-09-02T13:37:00.000-04:00,59.828,38.005
2026-09-02T13:43:00.000-04:00,59.0,38.005
2026-09-02T13:44:00.000-04:00,58.622,
2026-09-02T13:46:00.000-04:00,58.856,38.005
2026-09-02T13:47:00.000-04:00,58.892,
2026-09-02T13:49:00.000-04:00,58.64,38.005
2026-09-02T13:50:00.000-04:00,58.982,38.005
2026-09-02T13:52:00.000-04:00,58.406,
2026-09-02T13:53:00.000-04:00,58.352,
2026-09-02T13:55:00.000-04:00,58.154,38.005
2026-09-02T13:56:00.000-04:00,58.406,
2026-09-02T14:03:00.000-04:00,59.162,
2026-09-02T14:05:00.000-04:00,58.478,38.005
2026-09-02T14:06:00.000-04:00,59.198,
2026-09-02T14:07:00.000-04:00,60.134,
2026-09-02T14:14:00.000-04:00,58.694,
2026-09-02T14:15:00.000-04:00,58.955,
2026-09-02T14:16:00.000-04:00,59.486,
2026-09-02T14:17:00.000-04:00,58.928,38.005
2026-09-02T14:27:00.000-04:00,60.116,
2026-09-02T14:40:00.000-04:00,59.594,
2026-09-02T14:53:00.000-04:00,59.198,
2026-09-02T15:23:00.000-04:00,59.162,
2026-09-02T15:27:00.000-04:00,59.09,
2026-09-02T15:30:00.000-04:00,58.586,
2026-09-02T15:47:00.000-04:00,58.982,38.005
2026-09-02T15:49:00.000-04:00,58.955,38.005
2026-09-02T15:50:00.000-04:00,58.532,38.005
2026-09-02T15:58:00.000-04:00,58.73,38.005
2026-09-02T16:03:00.000-04:00,59.216,
2026-09-02T16:07:00.000-04:00,58.91,
2026-09-02T16:20:00.000-04:00,56.804,
2026-09-02T16:21:00.000-04:00,57.614,
2026-09-02T16:22:00.000-04:00,57.65,38.005
2026-09-02T16:23:00.000-04:00,57.452,38.005
2026-09-02T16:24:00.000-04:00,57.182,38.005
2026-09-02T16:25:00.000-04:00,57.182,
2026-09-02T16:26:00.000-04:00,56.948,38.005
2026-09-02T16:27:00.000-04:00,57.182,
2026-09-02T16:28:00.000-04:00,57.326,38.005
2026-09-02T16:30:00.000-04:00,57.776,
2026-09-02T16:31:00.000-04:00,56.84,38.005
2026-09-02T16:33:00.000-04:00,57.866,38.005
2026-09-02T16:34:00.000-04:00,57.317,
2026-09-02T16:35:00.000-04:00,57.119,38.005
2026-09-02T16:36:00.000-04:00,57.748999999999995,
2026-09-02T16:37:00.000-04:00,57.83,
2026-09-02T16:38:00.000-04:00,57.614000000000004,
2026-09-02T16:39:00.000-04:00,57.236000000000004,
2026-09-02T16:40:00.000-04:00,57.623000000000005,
2026-09-02T16:41:00.000-04:00,57.776,
2026-09-02T16:42:00.000-04:00,57.83,38.005
2026-09-02T16:44:00.000-04:00,57.272,38.005
2026-09-02T16:45:00.000-04:00,57.812,
2026-09-02T16:48:00.000-04:00,57.02,38.005
2026-09-02T16:49:00.000-04:00,57.344,
2026-09-02T16:52:00.000-04:00,57.83,
2026-09-02T16:53:00.000-04:00,57.659,
2026-09-02T16:54:00.000-04:00,57.11,
2026-09-02T16:55:00.000-04:00,57.434,
2026-09-02T16:56:00.000-04:00,57.343999999999994,
2026-09-02T16:57:00.000-04:00,57.479,
2026-09-02T16:59:00.000-04:00,56.948,
2026-09-02T17:00:00.000-04:00,56.876000000000005,
2026-09-02T17:03:00.000-04:00,57.083,
2026-09-02T17:04:00.000-04:00,56.084,38.005
2026-09-02T17:08:00.000-04:00,56.84,38.005
2026-09-02T17:11:00.000-04:00,57.02,
2026-09-02T17:12:00.000-04:00,57.209,
2026-09-02T17:13:00.000-04:00,56.831,
2026-09-02T17:16:00.000-04:00,56.678,38.005
2026-09-02T17:19:00.000-04:00,57.12199999999999,38.005
2026-09-02T17:25:00.000-04:00,57.002,38.005
2026-09-02T17:27:00.000-04:00,56.138,38.005
2026-09-02T17:31:00.000-04:00,56.03,
2026-09-02T17:32:00.000-04:00,56.642,38.005
2026-09-02T17:33:00.000-04:00,56.174,
2026-09-02T17:34:00.000-04:00,55.85,38.005
2026-09-02T17:35:00.000-04:00,55.697,
2026-09-02T17:37:00.000-04:00,55.994,
2026-09-02T17:38:00.000-04:00,56.06,38.005
2026-09-02T17:39:00.000-04:00,56.39,
2026-09-02T17:42:00.000-04:00,56.246,
2026-09-02T17:43:00.000-04:00,56.516,
2026-09-02T17:44:00.000-04:00,56.642,
2026-09-02T17:45:00.000-04:00,56.498,
2026-09-02T17:46:00.000-04:00,56.606,38.005
2026-09-02T17:49:00.000-04:00,56.642,
2026-09-02T17:59:00.000-04:00,56.3,38.005
2026-09-02T18:00:00.000-04:00,57.668000000000006,
2026-09-02T18:01:00.000-04:00,59.378,
2026-09-02T18:02:00.000-04:00,61.538,
2026-09-02T18:03:00.000-04:00,62.726,
2026-09-02T18:04:00.000-04:00,64.13,38.005
2026-09-02T18:05:00.000-04:00,65.22800000000001,
2026-09-02T18:06:00.000-04:00,65.498,
2026-09-02T18:09:00.000-04:00,62.906,
2026-09-02T18:10:00.000-04:00,62.708,38.005
2026-09-02T18:11:00.000-04:00,62.492,
2026-09-02T18:12:00.000-04:00,61.871,
2026-09-02T18:13:00.000-04:00,61.034,
2026-09-02T18:14:00.000-04:00,60.611000000000004,
2026-09-02T18:15:00.000-04:00,60.521,
2026-09-02T18:16:00.000-04:00,60.314,
2026-09-02T18:18:00.000-04:00,60.278,
2026-09-02T18:19:00.000-04:00,59.63,
2026-09-02T18:20:00.000-04:00,59.252,
2026-09-02T18:21:00.000-04:00,59.018,
2026-09-02T18:22:00.000-04:00,58.658,38.005
2026-09-02T18:23:00.000-04:00,58.892,
2026-09-02T18:24:00.000-04:00,59.233999999999995,
2026-09-02T18:25:00.000-04:00,59.126,
2026-09-02T18:26:00.000-04:00,58.874,
2026-09-02T18:27:00.000-04:00,58.658,
2026-09-02T18:28:00.000-04:00,59.018,
2026-09-02T18:29:00.000-04:00,58.388,
2026-09-02T18:30:00.000-04:00,58.343,
2026-09-02T18:31:00.000-04:00,58.586,
2026-09-02T18:33:00.000-04:00,58.472,38.005
2026-09-02T18:34:00.000-04:00,57.758,38.005
2026-09-02T18:35:00.000-04:00,57.974,
2026-09-02T18:36:00.000-04:00,58.046,38.005
2026-09-02T18:37:00.000-04:00,57.704,
2026-09-02T18:38:00.000-04:00,57.506,38.005
2026-09-02T18:40:00.000-04:00,57.902,38.005
2026-09-02T18:41:00.000-04:00,57.146,38.005
2026-09-02T18:42:00.000-04:00,57.254,
2026-09-02T18:44:00.000-04:00,57.794,38.005
2026-09-02T18:45:00.000-04:00,58.1,38.005
2026-09-02T18:46:00.000-04:00,57.169999999999995,38.005
2026-09-02T18:47:00.000-04:00,57.272,
2026-09-02T18:48:00.000-04:00,57.47,
2026-09-02T18:49:00.000-04:00,57.74,
2026-09-02T18:51:00.000-04:00,57.542,
2026-09-02T18:53:00.000-04:00,57.533,
2026-09-02T18:54:00.000-04:00,57.578,
2026-09-02T18:55:00.000-04:00,57.434,
2026-09-02T18:56:00.000-04:00,57.299,
2026-09-02T18:57:00.000-04:00,57.614,
2026-09-02T18:58:00.000-04:00,57.434,
2026-09-02T18:59:00.000-04:00,57.173,38.005
2026-09-02T19:03:00.000-04:00,57.542,
2026-09-02T19:04:00.000-04:00,56.822,
2026-09-02T19:05:00.000-04:00,56.948,38.005
2026-09-02T19:06:00.000-04:00,56.876,
2026-09-02T19:07:00.000-04:00,56.858,38.005
2026-09-02T19:08:00.000-04:00,56.650999999999996,
2026-09-02T19:09:00.000-04:00,57.092,
2026-09-02T19:10:00.000-04:00,56.744,38.005
2026-09-02T19:11:00.000-04:00,56.804,38.005
2026-09-02T19:12:00.000-04:00,56.75,38.005
2026-09-02T19:13:00.000-04:00,56.084,38.005
2026-09-02T19:16:00.000-04:00,56.552,
2026-09-02T19:17:00.000-04:00,56.912,
2026-09-02T19:18:00.000-04:00,57.092,
2026-09-02T19:19:00.000-04:00,56.264,
2026-09-02T19:20:00.000-04:00,57.2,38.005
2026-09-02T19:21:00.000-04:00,57.119,
2026-09-02T19:22:00.000-04:00,57.299,
2026-09-02T19:23:00.000-04:00,57.407,
2026-09-02T19:24:00.000-04:00,57.028999999999996,
2026-09-02T19:25:00.000-04:00,57.236000000000004,
2026-09-02T19:26:00.000-04:00,57.343999999999994,
2026-09-02T19:27:00.000-04:00,57.263000000000005,
2026-09-02T19:28:00.000-04:00,57.182,
2026-09-02T19:29:00.000-04:00,56.876,
2026-09-02T19:30:00.000-04:00,56.939,
2026-09-02T19:31:00.000-04:00,56.714,
2026-09-02T19:32:00.000-04:00,57.821,
2026-09-02T19:33:00.000-04:00,57.857,
2026-09-02T19:34:00.000-04:00,57.884,
2026-09-02T19:35:00.000-04:00,58.298,
2026-09-02T19:36:00.000-04:00,58.496,
2026-09-02T19:37:00.000-04:00,58.154,38.005
2026-09-02T19:38:00.000-04:00,57.578,38.005
2026-09-02T19:39:00.000-04:00,58.478,38.005
2026-09-02T19:40:00.000-04:00,59.504000000000005,38.005
2026-09-02T19:41:00.000-04:00,58.748,
2026-09-02T19:42:00.000-04:00,58.64,38.005
2026-09-02T19:43:00.000-04:00,58.316,
2026-09-02T19:44:00.000-04:00,58.172,38.005
2026-09-02T19:45:00.000-04:00,58.316,
2026-09-02T19:46:00.000-04:00,57.830000000000005,38.005
2026-09-02T19:47:00.000-04:00,57.47,38.005
2026-09-02T19:48:00.000-04:00,57.623000000000005,
2026-09-02T19:49:00.000-04:00,57.488,
2026-09-02T19:50:00.000-04:00,57.29,38.005
2026-09-02T19:51:00.000-04:00,56.912,
2026-09-02T19:52:00.000-04:00,57.704,38.005
2026-09-02T19:53:00.000-04:00,57.281,
2026-09-02T19:55:00.000-04:00,57.29,
2026-09-02T19:56:00.000-04:00,57.425,
2026-09-02T19:57:00.000-04:00,57.488,38.005
2026-09-02T19:58:00.000-04:00,56.894,38.005
2026-09-02T19:59:00.000-04:00,57.416,38.005
2026-09-02T20:00:00.000-04:00,57.74,
2026-09-02T20:01:00.000-04:00,57.173,
2026-09-02T20:02:00.000-04:00,57.632,38.005
2026-09-02T20:03:00.000-04:00,56.552,38.005
2026-09-02T20:04:00.000-04:00,56.156,
2026-09-02T20:05:00.000-04:00,56.75,38.005
2026-09-02T20:06:00.000-04:00,56.252,38.005
2026-09-02T20:07:00.000-04:00,57.002,38.005
2026-09-02T20:08:00.000-04:00,57.182,
2026-09-02T20:09:00.000-04:00,57.074,38.005
2026-09-02T20:10:00.000-04:00,56.876,
2026-09-02T20:11:00.000-04:00,57.422,38.005
2026-09-02T20:12:00.000-04:00,57.74,38.005
2026-09-02T20:13:00.000-04:00,58.253,
2026-09-02T22:02:00.000-04:00,55.202,
2026-09-02T22:03:00.000-04:00,55.328,
2026-09-02T22:04:00.000-04:00,55.706,
2026-09-02T22:05:00.000-04:00,56.138,
2026-09-02T22:06:00.000-04:00,55.391000000000005,
2026-09-02T22:07:00.000-04:00,55.4,38.005
2026-09-02T22:08:00.000-04:00,55.004,
2026-09-02T22:09:00.000-04:00,55.339999999999996,38.005
2026-09-02T22:10:00.000-04:00,55.688,
2026-09-02T22:11:00.000-04:00,54.392,38.005
2026-09-02T22:12:00.000-04:00,55.31,38.005
2026-09-02T22:13:00.000-04:00,54.896,
2026-09-02T22:14:00.000-04:00,54.977000000000004,
2026-09-02T22:15:00.000-04:00,55.157,
2026-09-02T22:16:00.000-04:00,55.49,
2026-09-02T22:25:00.000-04:00,55.13,
2026-09-02T22:26:00.000-04:00,54.86,38.005
2026-09-02T22:27:00.000-04:00,55.418,38.005
2026-09-02T22:28:00.000-04:00,54.617000000000004,
2026-09-02T22:29:00.000-04:00,54.32,38.005
2026-09-02T22:30:00.000-04:00,55.166,
2026-09-02T22:31:00.000-04:00,54.986,38.005
2026-09-02T22:32:00.000-04:00,54.806,
2026-09-02T22:33:00.000-04:00,54.716,
2026-09-02T22:34:00.000-04:00,55.247,38.005
2026-09-02T22:35:00.000-04:00,55.093999999999994,
2026-09-02T22:36:00.000-04:00,55.301,
2026-09-02T22:37:00.000-04:00,55.175,
2026-09-02T22:38:00.000-04:00,55.076,
2026-09-02T22:40:00.000-04:00,54.905,
2026-09-02T22:41:00.000-04:00,55.157,
2026-09-02T22:42:00.000-04:00,54.689,
2026-09-02T22:43:00.000-04:00,55.175,
2026-09-02T22:44:00.000-04:00,55.148,
2026-09-02T22:51:00.000-04:00,55.094,
2026-09-02T22:53:00.000-04:00,55.129999999999995,38.005
2026-09-02T22:55:00.000-04:00,55.112,
2026-09-02T22:56:00.000-04:00,54.932,38.005
2026-09-02T23:02:00.000-04:00,54.887,38.005
2026-09-02T23:03:00.000-04:00,54.824,38.005
2026-09-02T23:04:00.000-04:00,55.256,38.005
2026-09-02T23:06:00.000-04:00,54.122,
2026-09-02T23:16:00.000-04:00,54.869,
2026-09-02T23:17:00.000-04:00,54.518,
2026-09-02T23:18:00.000-04:00,54.608000000000004,
2026-09-02T23:19:00.000-04:00,54.158,
2026-09-02T23:22:00.000-04:00,54.968,
2026-09-02T23:23:00.000-04:00,54.968,
2026-09-02T23:32:00.000-04:00,54.743,
2026-09-02T23:33:00.000-04:00,54.400999999999996,
2026-09-02T23:34:00.000-04:00,54.41,
2026-09-02T23:37:00.000-04:00,54.26,38.005
2026-09-03T00:09:00.000-04:00,54.176,
2026-09-03T00:10:00.000-04:00,54.455,38.005
2026-09-03T00:11:00.000-04:00,53.699,
2026-09-03T00:24:00.000-04:00,54.32,
2026-09-03T03:04:00.000-04:00,51.854,
2026-09-03T03:05:00.000-04:00,51.071,
2026-09-03T03:06:00.000-04:00,51.836,
2026-09-03T03:07:00.000-04:00,51.989,
2026-09-03T03:08:00.000-04:00,51.53,
2026-09-03T03:09:00.000-04:00,51.314,38.005
2026-09-03T03:10:00.000-04:00,51.593,
2026-09-03T03:11:00.000-04:00,52.322,38.005
2026-09-03T03:12:00.000-04:00,52.034,
2026-09-03T03:13:00.000-04:00,51.584,
2026-09-03T03:14:00.000-04:00,52.556,38.005
2026-09-03T03:16:00.000-04:00,52.466,38.005
2026-09-03T03:18:00.000-04:00,51.62,
2026-09-03T03:20:00.000-04:00,51.89,
2026-09-03T03:21:00.000-04:00,52.178,38.005
2026-09-03T03:22:00.000-04:00,52.154,38.005
2026-09-03T03:23:00.000-04:00,52.448,
2026-09-03T03:25:00.000-04:00,51.926,
2026-09-03T03:26:00.000-04:00,51.494,
2026-09-03T03:27:00.000-04:00,52.105999999999995,
2026-09-03T03:28:00.000-04:00,51.503,
2026-09-03T03:29:00.000-04:00,51.242,38.005
2026-09-03T03:30:00.000-04:00,51.629000000000005,
2026-09-03T03:31:00.000-04:00,51.242,
2026-09-03T03:33:00.000-04:00,51.998,38.005
2026-09-03T03:34:00.000-04:00,51.341,
2026-09-03T03:35:00.000-04:00,51.818,
2026-09-03T03:36:00.000-04:00,51.431,
2026-09-03T03:37:00.000-04:00,50.864,
2026-09-03T03:38:00.000-04:00,51.35,38.005
2026-09-03T03:39:00.000-04:00,51.638,
2026-09-03T03:40:00.000-04:00,51.431,
2026-09-03T03:41:00.000-04:00,51.602,38.005
2026-09-03T07:03:00.000-04:00,50.234,
2026-09-03T07:04:00.000-04:00,49.916,38.005
2026-09-03T07:05:00.000-04:00,49.721000000000004,
2026-09-03T07:06:00.000-04:00,49.964,
2026-09-03T07:07:00.000-04:00,49.82899999999999,
2026-09-03T07:08:00.000-04:00,49.442,
2026-09-03T07:09:00.000-04:00,49.442,
2026-09-03T07:10:00.000-04:00,49.55,
2026-09-03T07:11:00.000-04:00,49.802,
2026-09-03T07:12:00.000-04:00,49.577,38.005
2026-09-03T07:13:00.000-04:00,49.406000000000006,
2026-09-03T07:14:00.000-04:00,49.694,38.005
2026-09-03T07:15:00.000-04:00,49.513999999999996,
2026-09-03T07:16:00.000-04:00,49.55,38.005
2026-09-03T07:17:00.000-04:00,49.946,
2026-09-03T07:18:00.000-04:00,49.208,
2026-09-03T07:19:00.000-04:00,49.667,
2026-09-03T07:20:00.000-04:00,49.900999999999996,
2026-09-03T07:21:00.000-04:00,50.396,
2026-09-03T07:22:00.000-04:00,49.964,
2026-09-03T07:23:00.000-04:00,50.072,
2026-09-03T07:24:00.000-04:00,49.442,38.005
2026-09-03T07:25:00.000-04:00,49.973,
2026-09-03T07:26:00.000-04:00,49.136,38.005
2026-09-03T07:27:00.000-04:00,50.342,
2026-09-03T07:28:00.000-04:00,49.802,
2026-09-03T07:29:00.000-04:00,50.378,
2026-09-03T07:30:00.000-04:00,50.189,
2026-09-03T07:31:00.000-04:00,49.82,
2026-09-03T07:32:00.000-04:00,49.855999999999995,38.005
2026-09-03T07:33:00.000-04:00,49.865,
2026-09-03T07:34:00.000-04:00,49.604,
2026-09-03T07:35:00.000-04:00,49.586,
2026-09-03T07:36:00.000-04:00,49.325,
2026-09-03T07:37:00.000-04:00,49.163,
2026-09-03T07:38:00.000-04:00,49.658,
2026-09-03T07:39:00.000-04:00,49.658,
2026-09-03T07:40:00.000-04:00,49.064,38.005
2026-09-03T07:41:00.000-04:00,50.027,38.005
2026-09-03T07:42:00.000-04:00,49.451,
2026-09-03T07:43:00.000-04:00,49.757000000000005,
2026-09-03T07:44:00.000-04:00,49.577,
2026-09-03T07:45:00.000-04:00,49.721000000000004,
2026-09-03T07:46:00.000-04:00,48.902,38.005
2026-09-03T07:47:00.000-04:00,49.964,
2026-09-03T07:48:00.000-04:00,49.172,
2026-09-03T07:49:00.000-04:00,49.748000000000005,
2026-09-03T07:50:00.000-04:00,49.28,38.005
2026-09-03T07:51:00.000-04:00,49.135999999999996,
2026-09-03T07:52:00.000-04:00,49.748000000000005,
2026-09-03T07:53:00.000-04:00,49.496,38.005
2026-09-03T07:54:00.000-04:00,49.316,
2026-09-03T07:55:00.000-04:00,49.694,
2026-09-03T07:56:00.000-04:00,49.442,
2026-09-03T07:57:00.000-04:00,49.658,
2026-09-03T07:58:00.000-04:00,50.108,
2026-09-03T07:59:00.000-04:00,49.037000000000006,
2026-09-03T08:00:00.000-04:00,49.46,
2026-09-03T08:01:00.000-04:00,49.687999999999995,38.005
2026-09-03T08:02:00.000-04:00,49.900999999999996,
2026-09-03T08:03:00.000-04:00,49.91,
2026-09-03T08:04:00.000-04:00,49.442,
2026-09-03T08:05:00.000-04:00,49.568,
2026-09-03T08:06:00.000-04:00,49.784,
2026-09-03T08:07:00.000-04:00,50.468,
2026-09-03T08:08:00.000-04:00,50.702,
2026-09-03T08:16:00.000-04:00,50.252,
2026-09-03T08:41:00.000-04:00,50.396,
2026-09-03T08:42:00.000-04:00,51.944,
2026-09-03T09:16:00.000-04:00,52.601,
2026-09-03T09:17:00.000-04:00,52.979,38.005
2026-09-03T09:18:00.000-04:00,52.646,
2026-09-03T09:19:00.000-04:00,52.862,38.005
2026-09-03T09:20:00.000-04:00,53.033,
2026-09-03T09:21:00.000-04:00,52.943,
2026-09-03T09:22:00.000-04:00,53.312,38.005
2026-09-03T09:23:00.000-04:00,53.717,
2026-09-03T09:24:00.000-04:00,54.004999999999995,
2026-09-03T09:25:00.000-04:00,54.05,38.005
2026-09-03T09:26:00.000-04:00,54.734,
2026-09-03T09:27:00.000-04:00,55.067,
2026-09-03T09:28:00.000-04:00,55.04,
2026-09-03T09:29:00.000-04:00,54.302,38.005
2026-09-03T09:30:00.000-04:00,54.374,
2026-09-03T09:31:00.000-04:00,56.156,
2026-09-03T09:32:00.000-04:00,58.937,
2026-09-03T09:33:00.000-04:00,59.486000000000004,
2026-09-03T09:34:00.000-04:00,60.458,
2026-09-03T09:35:00.000-04:00,61.994,38.005
2026-09-03T09:36:00.000-04:00,62.528,38.005
2026-09-03T09:37:00.000-04:00,62.861000000000004,
2026-09-03T09:38:00.000-04:00,63.563,
2026-09-03T09:39:00.000-04:00,63.626000000000005,
2026-09-03T09:40:00.000-04:00,63.923,
2026-09-03T09:41:00.000-04:00,63.806,
2026-09-03T09:42:00.000-04:00,62.798,
2026-09-03T09:43:00.000-04:00,61.778,38.005
2026-09-03T09:44:00.000-04:00,60.367999999999995,
2026-09-03T09:45:00.000-04:00,59.396,
2026-09-03T09:46:00.000-04:00,59.045,
2026-09-03T09:47:00.000-04:00,58.433,
2026-09-03T09:48:00.000-04:00,57.857,
2026-09-03T09:49:00.000-04:00,57.488,
2026-09-03T09:50:00.000-04:00,57.002,
2026-09-03T09:51:00.000-04:00,56.66,
2026-09-03T09:52:00.000-04:00,56.804,
2026-09-03T09:53:00.000-04:00,56.272999999999996,
2026-09-03T09:54:00.000-04:00,56.624,
2026-09-03T09:55:00.000-04:00,56.912,
2026-09-03T09:56:00.000-04:00,56.426,
2026-09-03T09:57:00.000-04:00,56.300000000000004,38.005
2026-09-03T09:58:00.000-04:00,55.562,
2026-09-03T09:59:00.000-04:00,56.462,38.005
2026-09-03T10:00:00.000-04:00,56.54599999999999,38.005
2026-09-03T10:01:00.000-04:00,56.507,
2026-09-03T10:02:00.000-04:00,56.272999999999996,
2026-09-03T10:03:00.000-04:00,55.742,
2026-09-03T10:04:00.000-04:00,55.571,
2026-09-03T10:05:00.000-04:00,55.472,
2026-09-03T10:06:00.000-04:00,55.625,38.005
2026-09-03T10:07:00.000-04:00,55.607,
2026-09-03T10:08:00.000-04:00,55.472,
2026-09-03T10:09:00.000-04:00,55.028,38.005
2026-09-03T10:10:00.000-04:00,55.166,38.005
2026-09-03T10:11:00.000-04:00,55.256,
2026-09-03T10:12:00.000-04:00,55.022,
2026-09-03T10:13:00.000-04:00,54.716,
2026-09-03T10:14:00.000-04:00,54.391999999999996,
2026-09-03T10:15:00.000-04:00,54.284,
2026-09-03T10:16:00.000-04:00,54.373999999999995,
2026-09-03T10:17:00.000-04:00,55.013000000000005,
2026-09-03T10:18:00.000-04:00,54.734,
2026-09-03T10:19:00.000-04:00,54.5,
2026-09-03T10:20:00.000-04:00,54.494,38.005
2026-09-03T10:21:00.000-04:00,54.778999999999996,
2026-09-03T10:22:00.000-04:00,54.194,
2026-09-03T10:23:00.000-04:00,53.653999999999996,
2026-09-03T10:24:00.000-04:00,53.816,
2026-09-03T10:25:00.000-04:00,54.608000000000004,
2026-09-03T10:26:00.000-04:00,54.698,
2026-09-03T10:27:00.000-04:00,55.22,38.005
2026-09-03T10:28:00.000-04:00,54.794000000000004,38.005
2026-09-03T10:29:00.000-04:00,54.392,
2026-09-03T10:30:00.000-04:00,54.257,
2026-09-03T10:31:00.000-04:00,54.653000000000006,
2026-09-03T10:32:00.000-04:00,53.861000000000004,
2026-09-03T10:33:00.000-04:00,54.302,38.005
2026-09-03T10:34:00.000-04:00,54.059,
2026-09-03T10:35:00.000-04:00,54.563,
2026-09-03T10:36:00.000-04:00,54.778999999999996,38.005
2026-09-03T10:37:00.000-04:00,54.266000000000005,
2026-09-03T10:38:00.000-04:00,53.735,
2026-09-03T10:39:00.000-04:00,53.986999999999995,
2026-09-03T10:40:00.000-04:00,54.032,
2026-09-03T10:41:00.000-04:00,54.346999999999994,
2026-09-03T10:42:00.000-04:00,54.32,
2026-09-03T10:43:00.000-04:00,56.435,
2026-09-03T10:44:00.000-04:00,57.245000000000005,
2026-09-03T10:45:00.000-04:00,57.209,
2026-09-03T10:46:00.000-04:00,56.804,
2026-09-03T10:47:00.000-04:00,56.93,38.005
2026-09-03T10:48:00.000-04:00,56.372,
2026-09-03T10:49:00.000-04:00,57.02,
2026-09-03T10:50:00.000-04:00,55.796,
2026-09-03T10:51:00.000-04:00,56.237,
2026-09-03T10:52:00.000-04:00,55.571,
2026-09-03T10:53:00.000-04:00,55.31,
2026-09-03T10:54:00.000-04:00,54.91400000000001,38.005
2026-09-03T10:55:00.000-04:00,54.806,
2026-09-03T10:56:00.000-04:00,54.203,
2026-09-03T10:57:00.000-04:00,54.563,
2026-09-03T10:58:00.000-04:00,54.617000000000004,
2026-09-03T10:59:00.000-04:00,55.238,
2026-09-03T11:00:00.000-04:00,55.166,
2026-09-03T11:01:00.000-04:00,54.851,
2026-09-03T11:02:00.000-04:00,54.536,
2026-09-03T11:03:00.000-04:00,54.392,
2026-09-03T11:04:00.000-04:00,54.176,
2026-09-03T11:05:00.000-04:00,53.96,
2026-09-03T11:06:00.000-04:00,54.620000000000005,38.005
2026-09-03T11:07:00.000-04:00,54.05,
2026-09-03T11:08:00.000-04:00,54.373999999999995,
2026-09-03T11:09:00.000-04:00,56.966,
2026-09-03T11:10:00.000-04:00,59.504,
2026-09-03T11:11:00.000-04:00,60.53,
2026-09-03T11:12:00.000-04:00,59.36,
2026-09-03T11:13:00.000-04:00,58.325,
2026-09-03T11:14:00.000-04:00,57.794,38.005
2026-09-03T11:15:00.000-04:00,57.227000000000004,
2026-09-03T11:16:00.000-04:00,57.056,
2026-09-03T11:17:00.000-04:00,56.623999999999995,
2026-09-03T11:18:00.000-04:00,56.777,
2026-09-03T11:19:00.000-04:00,56.021,
2026-09-03T11:20:00.000-04:00,56.219,
2026-09-03T11:21:00.000-04:00,55.886,
2026-09-03T11:22:00.000-04:00,55.994,
2026-09-03T11:23:00.000-04:00,55.886,
2026-09-03T11:24:00.000-04:00,55.22,38.005
2026-09-03T11:25:00.000-04:00,55.4,
2026-09-03T11:26:00.000-04:00,54.89000000000001,38.005
2026-09-03T11:27:00.000-04:00,54.95,
2026-09-03T11:28:00.000-04:00,54.32,38.005
2026-09-03T11:29:00.000-04:00,54.563,
2026-09-03T11:30:00.000-04:00,54.95,
2026-09-03T11:31:00.000-04:00,57.541999999999994,38.005
2026-09-03T11:32:00.000-04:00,59.962999999999994,
2026-09-03T11:33:00.000-04:00,59.126000000000005,
2026-09-03T11:34:00.000-04:00,58.64,
2026-09-03T11:35:00.000-04:00,58.504999999999995,
2026-09-03T11:36:00.000-04:00,57.65,
2026-09-03T11:37:00.000-04:00,56.984,
2026-09-03T11:38:00.000-04:00,56.885000000000005,
2026-09-03T11:39:00.000-04:00,56.696,38.005
2026-09-03T11:40:00.000-04:00,56.858000000000004,
2026-09-03T11:41:00.000-04:00,56.165,
2026-09-03T11:42:00.000-04:00,56.129000000000005,
2026-09-03T11:43:00.000-04:00,56.183,
2026-09-03T11:44:00.000-04:00,55.742,38.005
2026-09-03T11:45:00.000-04:00,55.903999999999996,
2026-09-03T11:46:00.000-04:00,56.192,38.005
2026-09-03T11:47:00.000-04:00,55.525999999999996,
2026-09-03T11:48:00.000-04:00,55.796,38.005
2026-09-03T11:49:00.000-04:00,55.472,
2026-09-03T11:50:00.000-04:00,55.427,
2026-09-03T11:51:00.000-04:00,55.094,
2026-09-03T11:52:00.000-04:00,55.796,
2026-09-03T11:53:00.000-04:00,55.364,38.005
2026-09-03T11:54:00.000-04:00,55.274,38.005
2026-09-03T11:55:00.000-04:00,55.418000000000006,38.005
2026-09-03T11:56:00.000-04:00,55.238,
2026-09-03T11:57:00.000-04:00,55.13,
2026-09-03T11:58:00.000-04:00,55.472,
2026-09-03T11:59:00.000-04:00,55.445,38.005
2026-09-03T12:00:00.000-04:00,54.968,
2026-09-03T12:01:00.000-04:00,54.896,
2026-09-03T12:02:00.000-04:00,54.788,38.005
2026-09-03T12:03:00.000-04:00,54.968,
2026-09-03T12:04:00.000-04:00,54.419,
2026-09-03T12:05:00.000-04:00,54.59,38.005
2026-09-03T12:06:00.000-04:00,54.86,
2026-09-03T12:07:00.000-04:00,55.121,
2026-09-03T12:08:00.000-04:00,54.914,
2026-09-03T12:09:00.000-04:00,55.598,38.005
2026-09-03T12:10:00.000-04:00,54.977000000000004,
2026-09-03T12:11:00.000-04:00,54.977000000000004,
2026-09-03T12:12:00.000-04:00,54.626,
2026-09-03T12:13:00.000-04:00,54.59,38.005
2026-09-03T12:14:00.000-04:00,55.274,
2026-09-03T12:15:00.000-04:00,54.878,
2026-09-03T12:16:00.000-04:00,55.13,38.005
2026-09-03T12:17:00.000-04:00,55.093999999999994,38.005
2026-09-03T12:18:00.000-04:00,54.788,38.005
2026-09-03T12:19:00.000-04:00,54.769999999999996,38.005
2026-09-03T12:20:00.000-04:00,55.498999999999995,
2026-09-03T12:21:00.000-04:00,55.76,
2026-09-03T12:22:00.000-04:00,55.328,
2026-09-03T12:23:00.000-04:00,55.382,38.005
2026-09-03T12:24:00.000-04:00,54.977000000000004,
2026-09-03T12:25:00.000-04:00,55.031,
2026-09-03T12:26:00.000-04:00,54.878,
2026-09-03T12:27:00.000-04:00,55.376,38.005
2026-09-03T12:28:00.000-04:00,55.688,
2026-09-03T12:29:00.000-04:00,55.147999999999996,
2026-09-03T12:30:00.000-04:00,55.778000000000006,
2026-09-03T12:31:00.000-04:00,55.706,
2026-09-03T12:32:00.000-04:00,55.436,38.005
2026-09-03T12:33:00.000-04:00,55.436,
2026-09-03T12:34:00.000-04:00,55.247,
2026-09-03T12:35:00.000-04:00,55.058,38.005
2026-09-03T12:36:00.000-04:00,55.58,
2026-09-03T12:37:00.000-04:00,55.13,38.005
2026-09-03T12:38:00.000-04:00,54.95,38.005
2026-09-03T12:39:00.000-04:00,55.304,38.005
2026-09-03T12:40:00.000-04:00,55.778,
2026-09-03T12:41:00.000-04:00,56.624,38.005
2026-09-03T12:42:00.000-04:00,56.309,
2026-09-03T12:43:00.000-04:00,56.966,
2026-09-03T12:44:00.000-04:00,56.714,38.005
2026-09-03T12:45:00.000-04:00,56.588,38.005
2026-09-03T12:48:00.000-04:00,56.588,38.005
2026-09-03T12:49:00.000-04:00,56.38399999999999,38.005
2026-09-03T12:50:00.000-04:00,56.066,
2026-09-03T12:51:00.000-04:00,56.138000000000005,
2026-09-03T12:52:00.000-04:00,56.372,
2026-09-03T12:53:00.000-04:00,56.309,
2026-09-03T12:54:00.000-04:00,56.650999999999996,
2026-09-03T12:55:00.000-04:00,56.426,
2026-09-03T12:56:00.000-04:00,56.708,38.005
2026-09-03T12:57:00.000-04:00,56.444,
2026-09-03T12:58:00.000-04:00,56.597,
2026-09-03T12:59:00.000-04:00,56.84,
2026-09-03T13:02:00.000-04:00,56.642,
2026-09-03T13:03:00.000-04:00,56.138,
2026-09-03T13:04:00.000-04:00,56.417,
2026-09-03T13:05:00.000-04:00,56.894,
2026-09-03T13:12:00.000-04:00,55.976,
2026-09-03T13:28:00.000-04:00,54.554,
2026-09-03T13:33:00.000-04:00,55.616,
2026-09-03T13:34:00.000-04:00,55.148,
2026-09-03T13:35:00.000-04:00,56.048,
2026-09-03T13:38:00.000-04:00,57.038,
2026-09-03T13:43:00.000-04:00,56.156,
2026-09-03T13:46:00.000-04:00,56.018,38.005
2026-09-03T13:47:00.000-04:00,56.245999999999995,
2026-09-03T13:48:00.000-04:00,56.354,
2026-09-03T13:49:00.000-04:00,56.192,
2026-09-03T13:50:00.000-04:00,57.47,
2026-09-03T13:51:00.000-04:00,56.966,38.005
2026-09-03T13:52:00.000-04:00,56.534,
2026-09-03T13:53:00.000-04:00,57.146,
2026-09-03T13:54:00.000-04:00,56.84,
2026-09-03T13:55:00.000-04:00,56.75,38.005
2026-09-03T13:56:00.000-04:00,56.876,
2026-09-03T13:57:00.000-04:00,55.958,38.005
2026-09-03T13:58:00.000-04:00,56.309,
2026-09-03T13:59:00.000-04:00,56.786,
2026-09-03T14:04:00.000-04:00,56.552,
2026-09-03T14:05:00.000-04:00,55.778,38.005
2026-09-03T14:06:00.000-04:00,55.652,
2026-09-03T14:07:00.000-04:00,55.913,
2026-09-03T14:08:00.000-04:00,56.156,
2026-09-03T14:09:00.000-04:00,55.562,
2026-09-03T14:10:00.000-04:00,55.85,
2026-09-03T14:11:00.000-04:00,55.802,38.005
2026-09-03T14:12:00.000-04:00,56.21,
2026-09-03T14:17:00.000-04:00,55.58,
2026-09-03T14:19:00.000-04:00,55.49,
2026-09-03T14:20:00.000-04:00,55.508,38.005
2026-09-03T14:21:00.000-04:00,55.679,
2026-09-03T14:22:00.000-04:00,55.616,
2026-09-03T14:25:00.000-04:00,55.616,38.005
2026-09-03T14:26:00.000-04:00,55.598,
2026-09-03T14:27:00.000-04:00,55.679,
2026-09-03T14:30:00.000-04:00,55.904,38.005
2026-09-03T14:31:00.000-04:00,55.04,38.005
2026-09-03T14:32:00.000-04:00,55.409,
2026-09-03T14:33:00.000-04:00,55.868,38.005
2026-09-03T14:34:00.000-04:00,55.868,
2026-09-03T14:39:00.000-04:00,55.724,
2026-09-03T14:40:00.000-04:00,55.796,
2026-09-03T14:41:00.000-04:00,55.553,38.005
2026-09-03T15:17:00.000-04:00,55.85,
2026-09-03T15:18:00.000-04:00,55.715,
2026-09-03T15:19:00.000-04:00,55.814,
2026-09-03T15:20:00.000-04:00,56.318,
2026-09-03T15:21:00.000-04:00,55.778,
2026-09-03T15:22:00.000-04:00,55.967,
2026-09-03T15:23:00.000-04:00,56.363,
2026-09-03T15:24:00.000-04:00,56.12,
2026-09-03T15:25:00.000-04:00,55.886,
2026-09-03T15:26:00.000-04:00,55.841,
2026-09-03T15:27:00.000-04:00,56.39,
2026-09-03T15:28:00.000-04:00,56.372,
2026-09-03T15:29:00.000-04:00,56.21,
2026-09-03T15:30:00.000-04:00,56.039,
2026-09-03T15:32:00.000-04:00,55.94,
2026-09-03T15:33:00.000-04:00,56.165,
2026-09-03T15:34:00.000-04:00,56.228,
2026-09-03T15:35:00.000-04:00,56.66,38.005
2026-09-03T15:36:00.000-04:00,56.867000000000004,
2026-09-03T15:37:00.000-04:00,56.12,38.005
2026-09-03T15:38:00.000-04:00,56.687,
2026-09-03T15:39:00.000-04:00,56.39,
2026-09-03T15:40:00.000-04:00,55.994,
2026-09-03T16:52:00.000-04:00,54.554,
2026-09-03T16:53:00.000-04:00,56.246,38.005
2026-09-03T16:54:00.000-04:00,56.246,
2026-09-03T16:56:00.000-04:00,57.758,38.005
2026-09-03T16:57:00.000-04:00,57.326,
2026-09-03T18:12:00.000-04:00,54.698,38.005
2026-09-04T10:11:00.000-04:00,47.12,
2026-09-04T11:16:00.000-04:00,47.021,
2026-09-04T13:12:00.000-04:00,48.001999999999995,
2026-09-04T13:13:00.000-04:00,48.938,
2026-09-04T13:14:00.000-04:00,50.756,
2026-09-04T13:35:00.000-04:00,51.935,38.005
2026-09-04T13:40:00.000-04:00,53.033,
2026-09-04T13:41:00.000-04:00,53.51,
2026-09-04T13:50:00.000-04:00,52.82599999999999,
2026-09-04T14:29:00.000-04:00,52.592,
2026-09-04T14:30:00.000-04:00,53.906,
2026-09-04T14:57:00.000-04:00,53.852,
2026-09-04T14:58:00.000-04:00,53.708,
2026-09-04T15:00:00.000-04:00,55.364000000000004,
2026-09-04T15:01:00.000-04:00,55.94,
2026-09-04T15:02:00.000-04:00,56.57,
2026-09-04T15:04:00.000-04:00,56.489000000000004,
2026-09-04T15:05:00.000-04:00,57.848,38.005
2026-09-04T15:06:00.000-04:00,58.370000000000005,
2026-09-04T15:07:00.000-04:00,58.37,
2026-09-04T15:08:00.000-04:00,58.604,38.005
2026-09-04T16:09:00.000-04:00,51.764,
2026-09-04T17:41:00.000-04:00,52.214,
2026-09-04T17:42:00.000-04:00,53.582,
2026-09-04T17:43:00.000-04:00,54.545,
2026-09-04T17:44:00.000-04:00,57.128,38.005
2026-09-04T17:45:00.000-04:00,57.83,38.005
2026-09-04T17:46:00.000-04:00,58.928,
2026-09-04T17:47:00.000-04:00,59.558,
2026-09-04T17:54:00.000-04:00,56.552,
2026-09-04T17:55:00.000-04:00,57.452,
2026-09-04T17:56:00.000-04:00,58.199,
2026-09-04T17:57:00.000-04:00,58.586,
2026-09-04T18:08:00.000-04:00,55.994,
2026-09-04T18:09:00.000-04:00,57.047,
2026-09-05T14:59:00.000-04:00,50.828,
2026-09-05T15:00:00.000-04:00,50.81,38.005
2026-09-05T16:28:00.000-04:00,52.736,
2026-09-05T19:31:00.000-04:00,49.892,
2026-09-05T19:42:00.000-04:00,50.738,
2026-09-06T13:25:00.000-04:00,50.27,
2026-09-06T13:50:00.000-04:00,52.808,
2026-09-06T13:51:00.000-04:00,53.042,
2026-09-06T13:52:00.000-04:00,53.942,38.005
2026-09-06T13:53:00.000-04:00,55.04,
2026-09-06T13:54:00.000-04:00,55.274,
2026-09-06T14:17:00.000-04:00,51.422,
2026-09-06T14:18:00.000-04:00,51.692,
2026-09-06T14:19:00.000-04:00,53.06,
2026-09-07T09:36:00.000-04:00,50.198,
2026-09-07T11:47:00.000-04:00,51.134,
2026-09-07T12:20:00.000-04:00,51.872,
2026-09-07T12:23:00.000-04:00,53.528,38.005
2026-09-07T12:24:00.000-04:00,53.54600000000001,
2026-09-07T12:26:00.000-04:00,55.328,
2026-09-08T08:31:00.000-04:00,48.452,
2026-09-08T08:57:00.000-04:00,50.414,
2026-09-08T09:21:00.000-04:00,52.574,
2026-09-08T09:22:00.000-04:00,53.384,
2026-09-08T09:23:00.000-04:00,54.446,38.005
2026-09-08T09:24:00.000-04:00,54.581,38.005
2026-09-08T09:25:00.000-04:00,54.572,
2026-09-08T09:26:00.000-04:00,54.716,
2026-09-08T09:29:00.000-04:00,54.734,38.005
2026-09-08T09:30:00.000-04:00,53.546,
2026-09-08T11:51:00.000-04:00,54.302,
2026-09-08T12:03:00.000-04:00,54.95,38.005
2026-09-08T12:04:00.000-04:00,56.039,
2026-09-08T12:05:00.000-04:00,59.162000000000006,38.005
2026-09-08T12:06:00.000-04:00,60.053,
2026-09-08T12:07:00.000-04:00,60.476,
2026-09-08T12:25:00.000-04:00,54.986000000000004,38.005
2026-09-08T13:23:00.000-04:00,54.05,
2026-09-08T17:32:00.000-04:00,52.34,
2026-09-09T08:19:00.000-04:00,48.488,
2026-09-09T08:20:00.000-04:00,51.007999999999996,38.005
2026-09-09T08:21:00.000-04:00,52.07,
2026-09-09T08:22:00.000-04:00,53.42,
2026-09-09T08:39:00.000-04:00,48.83,
2026-09-09T08:41:00.000-04:00,50.288,38.005
2026-09-09T08:46:00.000-04:00,50.54,38.005
2026-09-09T08:47:00.000-04:00,50.477000000000004,
2026-09-09T08:48:00.000-04:00,51.116,
2026-09-09T09:30:00.000-04:00,49.568,
2026-09-09T09:31:00.000-04:00,50.378,
2026-09-09T09:32:00.000-04:00,52.556,38.005
2026-09-09T10:06:00.000-04:00,49.892,
2026-09-09T10:23:00.000-04:00,50.549,
2026-09-09T10:24:00.000-04:00,50.648,
2026-09-09T10:25:00.000-04:00,50.63,38.005
2026-09-09T10:28:00.000-04:00,49.748,38.005
2026-09-09T10:29:00.000-04:00,51.566,38.005
2026-09-09T10:30:00.000-04:00,53.681,
2026-09-09T10:31:00.000-04:00,55.625,
2026-09-09T10:32:00.000-04:00,55.958,
2026-09-09T10:33:00.000-04:00,56.561,
2026-09-09T10:34:00.000-04:00,57.695,
2026-09-09T10:35:00.000-04:00,57.641000000000005,
2026-09-09T11:47:00.000-04:00,49.28,
2026-09-09T11:52:00.000-04:00,50.504,
2026-09-09T11:53:00.000-04:00,50.738,
2026-09-09T11:57:00.000-04:00,50.099000000000004,
2026-09-09T12:13:00.000-04:00,49.262,
2026-09-09T12:14:00.000-04:00,51.340999999999994,
2026-09-09T12:30:00.000-04:00,50.486,
2026-09-09T15:37:00.000-04:00,52.592,
2026-09-09T15:38:00.000-04:00,53.618,
2026-09-09T15:40:00.000-04:00,55.436,38.005
2026-09-09T16:02:00.000-04:00,54.248,
2026-09-09T16:25:00.000-04:00,53.456,
2026-09-09T16:28:00.000-04:00,54.41,
2026-09-09T16:29:00.000-04:00,55.076,
2026-09-09T16:30:00.000-04:00,56.228,38.005
2026-09-09T16:50:00.000-04:00,54.212,
2026-09-09T16:51:00.000-04:00,54.212,
2026-09-09T18:49:00.000-04:00,53.257999999999996,
2026-09-09T18:50:00.000-04:00,54.122,
2026-09-09T18:52:00.000-04:00,56.282,38.005
2026-09-09T19:36:00.000-04:00,52.52,
2026-09-09T19:37:00.000-04:00,52.646,
2026-09-10T08:34:00.000-04:00,48.596,
2026-09-10T08:37:00.000-04:00,49.91,38.005
2026-09-10T08:40:00.000-04:00,49.622,
2026-09-10T08:41:00.000-04:00,50.054,
2026-09-10T08:43:00.000-04:00,50.414,
2026-09-10T08:44:00.000-04:00,50.585,
2026-09-10T08:45:00.000-04:00,51.35,38.005
2026-09-10T08:53:00.000-04:00,51.386,38.005
2026-09-10T08:54:00.000-04:00,52.898,
2026-09-10T08:56:00.000-04:00,53.15,38.005
2026-09-10T08:59:00.000-04:00,52.34,
2026-09-10T09:07:00.000-04:00,51.629000000000005,
2026-09-10T09:10:00.000-04:00,52.826,38.005
2026-09-10T09:11:00.000-04:00,51.782,
2026-09-10T09:16:00.000-04:00,53.078,38.005
2026-09-10T09:17:00.000-04:00,54.374,
2026-09-10T09:18:00.000-04:00,55.94,
2026-09-10T09:19:00.000-04:00,56.201,
2026-09-10T09:20:00.000-04:00,56.849000000000004,
2026-09-10T09:21:00.000-04:00,57.578,
2026-09-10T09:24:00.000-04:00,55.094,
2026-09-10T09:26:00.000-04:00,53.924,38.005
2026-09-10T09:30:00.000-04:00,54.716,
2026-09-10T09:31:00.000-04:00,55.058,
2026-09-10T09:32:00.000-04:00,56.588,38.005
2026-09-10T10:29:00.000-04:00,51.188,
2026-09-10T11:13:00.000-04:00,52.988,
2026-09-10T11:33:00.000-04:00,51.998,38.005
2026-09-10T11:48:00.000-04:00,54.437,
2026-09-10T11:49:00.000-04:00,56.354,
2026-09-10T11:50:00.000-04:00,56.786,38.005
2026-09-10T12:09:00.000-04:00,53.906,
2026-09-10T12:10:00.000-04:00,56.192,
2026-09-10T12:11:00.000-04:00,59.018,38.005
2026-09-10T12:12:00.000-04:00,60.026,38.005
2026-09-10T12:15:00.000-04:00,59.9,
2026-09-10T13:04:00.000-04:00,55.256,
2026-09-10T13:58:00.000-04:00,55.337,
2026-09-10T14:04:00.000-04:00,56.48,
2026-09-10T17:02:00.000-04:00,57.146,38.005
2026-09-10T18:33:00.000-04:00,54.104,
2026-09-10T18:34:00.000-04:00,54.716,
2026-09-11T09:53:00.000-04:00,48.02,
2026-09-11T11:50:00.000-04:00,50.855,
2026-09-11T11:51:00.000-04:00,53.051,
2026-09-11T11:52:00.000-04:00,54.815,
2026-09-11T11:53:00.000-04:00,55.688,
2026-09-11T11:54:00.000-04:00,56.21,
2026-09-11T12:36:00.000-04:00,52.304,
2026-09-11T12:37:00.000-04:00,54.194,38.005
2026-09-11T13:01:00.000-04:00,57.137,
2026-09-11T13:02:00.000-04:00,58.694,
2026-09-11T14:37:00.000-04:00,54.373999999999995,
2026-09-11T18:31:00.000-04:00,54.41,
2026-09-14T08:13:00.000-04:00,48.776,
2026-09-14T10:21:00.000-04:00,47.655499999999996,
2026-09-14T10:22:00.000-04:00,50.330000000000005,
2026-09-14T10:56:00.000-04:00,50.504,
2026-09-14T10:59:00.000-04:00,50.756,
2026-09-14T11:09:00.000-04:00,50.714,
2026-09-14T11:43:00.000-04:00,50.432,
2026-09-14T12:54:00.000-04:00,50.594,
2026-09-14T12:55:00.000-04:00,51.736999999999995,
2026-09-14T12:56:00.000-04:00,52.448,
2026-09-14T12:58:00.000-04:00,51.908,
2026-09-14T13:22:00.000-04:00,51.332,
2026-09-14T13:33:00.000-04:00,52.790000000000006,
2026-09-14T14:09:00.000-04:00,53.230999999999995,
2026-09-14T14:16:00.000-04:00,51.998,
2026-09-14T15:18:00.000-04:00,49.856,
2026-09-14T15:21:00.000-04:00,50.576,
2026-09-14T15:22:00.000-04:00,51.2645,
2026-09-14T15:23:00.000-04:00,52.49,
2026-09-14T15:30:00.000-04:00,52.7,
2026-09-14T15:44:00.000-04:00,52.781000000000006,
2026-09-14T15:45:00.000-04:00,53.852,
2026-09-14T15:46:00.000-04:00,52.772,
2026-09-14T15:48:00.000-04:00,53.114,
2026-09-14T15:49:00.000-04:00,53.114,
2026-09-14T15:53:00.000-04:00,53.15,
2026-09-14T15:57:00.000-04:00,53.294,
2026-09-14T16:51:00.000-04:00,51.188,
2026-09-14T17:00:00.000-04:00,51.44,
2026-09-14T17:50:00.000-04:00,50.738,
2026-09-14T17:56:00.000-04:00,50.756,
2026-09-14T18:14:00.000-04:00,50.778499999999994,
2026-09-14T18:25:00.000-04:00,51.035,
2026-09-15T09:16:00.000-04:00,50.63,
2026-09-15T09:17:00.000-04:00,51.367999999999995,
2026-09-15T09:18:00.000-04:00,52.196,
2026-09-15T09:19:00.000-04:00,53.072,38.005
2026-09-15T09:20:00.000-04:00,53.195,
2026-09-15T09:21:00.000-04:00,52.727000000000004,
2026-09-15T09:22:00.000-04:00,53.753,
2026-09-15T09:23:00.000-04:00,53.879000000000005,
2026-09-15T09:24:00.000-04:00,53.186,38.005
2026-09-15T09:25:00.000-04:00,52.61,
2026-09-15T09:26:00.000-04:00,52.331,
2026-09-15T09:34:00.000-04:00,51.161,
2026-09-15T09:35:00.000-04:00,50.738,
2026-09-15T10:03:00.000-04:00,49.352,
2026-09-15T10:04:00.000-04:00,49.991,38.005
2026-09-15T10:05:00.000-04:00,50.702,38.005
2026-09-15T10:06:00.000-04:00,50.54,
2026-09-15T10:07:00.000-04:00,50.78,38.005
2026-09-15T10:08:00.000-04:00,51.224,
2026-09-15T10:11:00.000-04:00,51.062,38.005
2026-09-15T10:18:00.000-04:00,50.522,38.005
2026-09-15T10:19:00.000-04:00,50.522,38.005
2026-09-15T10:23:00.000-04:00,50.594,
2026-09-15T10:26:00.000-04:00,50.468,38.005
2026-09-15T10:28:00.000-04:00,50.846,38.005
2026-09-15T10:30:00.000-04:00,51.296,
2026-09-15T10:56:00.000-04:00,50.126,
2026-09-15T10:57:00.000-04:00,49.982,
2026-09-15T11:22:00.000-04:00,49.622,38.005
2026-09-15T11:23:00.000-04:00,49.757000000000005,
2026-09-15T11:24:00.000-04:00,49.928,
2026-09-15T11:25:00.000-04:00,49.595,
2026-09-15T11:26:00.000-04:00,49.892,
2026-09-15T11:27:00.000-04:00,49.667,
2026-09-15T11:28:00.000-04:00,50.792,
2026-09-15T11:29:00.000-04:00,50.27,
2026-09-15T11:30:00.000-04:00,49.658,
2026-09-15T11:31:00.000-04:00,50.234,38.005
2026-09-15T11:32:00.000-04:00,50.756,38.005
2026-09-15T11:41:00.000-04:00,50.378,38.005
2026-09-15T11:42:00.000-04:00,50.288,38.005
2026-09-15T11:43:00.000-04:00,50.336000000000006,38.005
2026-09-15T11:44:00.000-04:00,50.54,
2026-09-15T11:45:00.000-04:00,50.504000000000005,
2026-09-15T11:46:00.000-04:00,50.666,
2026-09-15T11:47:00.000-04:00,50.269999999999996,
2026-09-15T11:48:00.000-04:00,50.126,
2026-09-15T11:49:00.000-04:00,51.152,
2026-09-15T11:50:00.000-04:00,50.423,
2026-09-15T11:51:00.000-04:00,50.36,
2026-09-15T11:52:00.000-04:00,50.419999999999995,38.005
2026-09-15T11:53:00.000-04:00,50.828,
2026-09-15T11:55:00.000-04:00,51.188,38.005
2026-09-15T12:16:00.000-04:00,50.684,
2026-09-15T12:17:00.000-04:00,50.72,
2026-09-15T12:18:00.000-04:00,50.576,38.005
2026-09-15T12:19:00.000-04:00,51.818,
2026-09-15T12:20:00.000-04:00,51.332,
2026-09-15T12:21:00.000-04:00,50.972,
2026-09-15T12:22:00.000-04:00,50.819,
2026-09-15T12:23:00.000-04:00,50.738,
2026-09-15T12:24:00.000-04:00,50.882,
2026-09-15T12:25:00.000-04:00,50.666,
2026-09-15T12:26:00.000-04:00,50.585,38.005
2026-09-15T12:27:00.000-04:00,50.81,
2026-09-15T12:28:00.000-04:00,51.62,
2026-09-15T12:29:00.000-04:00,51.017,
2026-09-15T12:30:00.000-04:00,51.053,
2026-09-15T12:31:00.000-04:00,50.216,38.005
2026-09-15T12:32:00.000-04:00,50.747,
2026-09-15T12:33:00.000-04:00,51.035,
2026-09-15T12:34:00.000-04:00,50.9,
2026-09-15T12:35:00.000-04:00,50.369,38.005
2026-09-15T12:36:00.000-04:00,51.323,38.005
2026-09-15T12:37:00.000-04:00,50.864000000000004,
2026-09-15T12:38:00.000-04:00,50.684,38.005
2026-09-15T12:39:00.000-04:00,50.638999999999996,
2026-09-15T12:40:00.000-04:00,50.846,
2026-09-15T12:41:00.000-04:00,51.161,
2026-09-15T12:42:00.000-04:00,50.936,38.005
2026-09-15T12:43:00.000-04:00,50.747,
2026-09-15T12:44:00.000-04:00,51.125,
2026-09-15T12:45:00.000-04:00,50.81,38.005
2026-09-15T12:46:00.000-04:00,50.980999999999995,
2026-09-15T12:47:00.000-04:00,50.828,
2026-09-15T12:48:00.000-04:00,51.080000000000005,38.005
2026-09-15T12:49:00.000-04:00,50.441,
2026-09-15T12:50:00.000-04:00,50.684,
2026-09-15T12:51:00.000-04:00,50.99,38.005
2026-09-15T12:52:00.000-04:00,51.314,38.005
2026-09-15T12:53:00.000-04:00,50.864,
2026-09-15T12:54:00.000-04:00,50.72,
2026-09-15T12:55:00.000-04:00,50.972,38.005
2026-09-15T12:56:00.000-04:00,51.053,
2026-09-15T12:57:00.000-04:00,50.72,
2026-09-15T12:58:00.000-04:00,51.355999999999995,38.005
2026-09-15T12:59:00.000-04:00,51.017,
2026-09-15T13:00:00.000-04:00,52.07,38.005
2026-09-15T13:01:00.000-04:00,51.53,
2026-09-15T13:02:00.000-04:00,52.214,
2026-09-15T13:03:00.000-04:00,52.565,
2026-09-15T13:04:00.000-04:00,51.602000000000004,
2026-09-15T13:05:00.000-04:00,51.098,
2026-09-15T13:06:00.000-04:00,51.674,
2026-09-15T13:07:00.000-04:00,50.909,
2026-09-15T13:08:00.000-04:00,50.558,
2026-09-15T13:09:00.000-04:00,50.888,38.005
2026-09-15T13:10:00.000-04:00,51.134,
2026-09-15T13:11:00.000-04:00,51.413,
2026-09-15T13:12:00.000-04:00,51.125,
2026-09-15T13:13:00.000-04:00,50.95399999999999,
2026-09-15T13:14:00.000-04:00,51.197,
2026-09-15T13:15:00.000-04:00,50.882,
2026-09-15T13:16:00.000-04:00,51.188,38.005
2026-09-15T13:17:00.000-04:00,51.062,
2026-09-15T13:18:00.000-04:00,51.305,
2026-09-15T13:19:00.000-04:00,50.9,38.005
2026-09-15T13:20:00.000-04:00,50.693,
2026-09-15T13:21:00.000-04:00,50.936,
2026-09-15T13:22:00.000-04:00,51.134,38.005
2026-09-15T13:23:00.000-04:00,51.161,
2026-09-15T13:24:00.000-04:00,50.999,
2026-09-15T13:25:00.000-04:00,51.044,
2026-09-15T13:26:00.000-04:00,50.99,38.005
2026-09-15T13:27:00.000-04:00,50.99,
2026-09-15T13:28:00.000-04:00,50.998999999999995,
2026-09-15T13:29:00.000-04:00,51.025999999999996,
2026-09-15T13:30:00.000-04:00,50.585,
2026-09-15T13:31:00.000-04:00,50.936,
2026-09-15T13:32:00.000-04:00,50.989999999999995,
2026-09-15T13:33:00.000-04:00,50.927,
2026-09-15T13:34:00.000-04:00,50.801,
2026-09-15T13:35:00.000-04:00,50.936,
2026-09-15T13:36:00.000-04:00,50.936,
2026-09-15T13:37:00.000-04:00,50.612,38.005
2026-09-15T13:38:00.000-04:00,50.378,
2026-09-15T13:39:00.000-04:00,50.54,
2026-09-15T13:40:00.000-04:00,50.756,38.005
2026-09-15T13:41:00.000-04:00,50.54,
2026-09-15T13:42:00.000-04:00,51.107,
2026-09-15T13:43:00.000-04:00,50.495000000000005,
2026-09-15T13:44:00.000-04:00,50.765,
2026-09-15T13:45:00.000-04:00,50.81,
2026-09-15T13:46:00.000-04:00,50.81,38.005
2026-09-15T13:47:00.000-04:00,51.305,
2026-09-15T13:48:00.000-04:00,51.863,
2026-09-15T13:49:00.000-04:00,53.762,
2026-09-15T13:50:00.000-04:00,55.346000000000004,
2026-09-15T13:51:00.000-04:00,55.994,38.005
2026-09-15T13:52:00.000-04:00,56.75,
2026-09-15T13:53:00.000-04:00,57.182,
2026-09-15T13:54:00.000-04:00,57.326,38.005
2026-09-15T13:55:00.000-04:00,57.542,38.005
2026-09-15T13:56:00.000-04:00,56.156,
2026-09-15T13:57:00.000-04:00,54.968,
2026-09-15T13:58:00.000-04:00,54.203,
2026-09-15T13:59:00.000-04:00,53.798,38.005
2026-09-15T14:00:00.000-04:00,53.456,
2026-09-15T14:01:00.000-04:00,53.816,
2026-09-15T14:02:00.000-04:00,52.412,38.005
2026-09-15T14:03:00.000-04:00,52.799,
2026-09-15T14:04:00.000-04:00,52.448,38.005
2026-09-15T14:05:00.000-04:00,51.62,38.005
2026-09-15T14:06:00.000-04:00,51.926,
2026-09-15T14:07:00.000-04:00,52.142,
2026-09-15T14:08:00.000-04:00,51.98,38.005
2026-09-15T14:09:00.000-04:00,51.44,
2026-09-15T14:10:00.000-04:00,52.664,
2026-09-15T14:11:00.000-04:00,52.004,38.005
2026-09-15T14:12:00.000-04:00,52.034,
2026-09-15T14:13:00.000-04:00,51.935,
2026-09-15T14:14:00.000-04:00,52.142,
2026-09-15T14:15:00.000-04:00,52.016,38.005
2026-09-15T14:16:00.000-04:00,51.458,
2026-09-15T14:17:00.000-04:00,51.53,38.005
2026-09-15T14:18:00.000-04:00,51.332,
2026-09-15T14:19:00.000-04:00,51.422,
2026-09-15T14:20:00.000-04:00,51.287,
2026-09-15T14:21:00.000-04:00,51.287,
2026-09-15T14:22:00.000-04:00,51.944,
2026-09-15T14:23:00.000-04:00,51.358999999999995,
2026-09-15T14:24:00.000-04:00,51.719,
2026-09-15T14:25:00.000-04:00,51.53,
2026-09-15T14:26:00.000-04:00,51.602,
2026-09-15T14:27:00.000-04:00,51.557,
2026-09-15T14:28:00.000-04:00,51.745999999999995,
2026-09-15T14:29:00.000-04:00,51.620000000000005,
2026-09-15T14:30:00.000-04:00,51.593,
2026-09-15T14:31:00.000-04:00,51.602000000000004,
2026-09-15T14:32:00.000-04:00,51.638,
2026-09-15T14:33:00.000-04:00,51.736999999999995,
2026-09-15T14:34:00.000-04:00,52.007,
2026-09-15T14:35:00.000-04:00,51.215,
2026-09-15T14:36:00.000-04:00,51.557,
2026-09-15T14:37:00.000-04:00,51.872,
2026-09-15T14:38:00.000-04:00,51.152,38.005
2026-09-15T14:39:00.000-04:00,51.340999999999994,
2026-09-15T14:40:00.000-04:00,51.26,
2026-09-15T14:41:00.000-04:00,51.376999999999995,
2026-09-15T14:42:00.000-04:00,51.188,
2026-09-15T14:43:00.000-04:00,51.431,
2026-09-15T14:44:00.000-04:00,51.53,
2026-09-15T14:45:00.000-04:00,51.332,38.005
2026-09-15T14:46:00.000-04:00,51.15200000000001,38.005
2026-09-15T14:47:00.000-04:00,51.269000000000005,
2026-09-15T14:48:00.000-04:00,51.602000000000004,
2026-09-15T14:49:00.000-04:00,51.134,
2026-09-15T14:50:00.000-04:00,51.053,
2026-09-15T14:51:00.000-04:00,51.278,
2026-09-15T14:52:00.000-04:00,51.344,38.005
2026-09-15T14:53:00.000-04:00,50.792,
2026-09-15T14:54:00.000-04:00,50.927,
2026-09-15T14:55:00.000-04:00,51.089,
2026-09-15T14:56:00.000-04:00,51.125,
2026-09-15T14:57:00.000-04:00,51.215,
2026-09-15T14:58:00.000-04:00,51.35,
2026-09-15T14:59:00.000-04:00,51.908,
2026-09-15T15:00:00.000-04:00,51.44,
2026-09-15T15:14:00.000-04:00,51.899,
2026-09-15T15:15:00.000-04:00,52.772,
2026-09-15T15:16:00.000-04:00,53.384,
2026-09-15T15:33:00.000-04:00,52.547,
2026-09-15T15:34:00.000-04:00,52.988,
2026-09-15T15:35:00.000-04:00,52.475,
2026-09-15T15:36:00.000-04:00,52.763000000000005,
2026-09-15T15:37:00.000-04:00,53.384,
2026-09-15T15:38:00.000-04:00,52.718,38.005
2026-09-15T15:39:00.000-04:00,52.49,38.005
2026-09-15T15:40:00.000-04:00,53.230999999999995,
2026-09-15T15:41:00.000-04:00,53.006,
2026-09-15T15:42:00.000-04:00,52.403000000000006,
2026-09-15T15:43:00.000-04:00,52.538,38.005
2026-09-15T15:44:00.000-04:00,52.475,
2026-09-15T15:53:00.000-04:00,53.006,
2026-09-15T15:54:00.000-04:00,54.608000000000004,38.005
2026-09-15T15:59:00.000-04:00,53.618,
2026-09-15T16:00:00.000-04:00,55.499,
2026-09-15T16:01:00.000-04:00,56.228,
2026-09-15T16:02:00.000-04:00,56.732,
2026-09-16T08:21:00.000-04:00,45.725,
2026-09-16T08:22:00.000-04:00,46.166,
2026-09-16T08:24:00.000-04:00,47.138,
2026-09-16T08:25:00.000-04:00,49.523,
2026-09-16T08:26:00.000-04:00,49.784,
2026-09-16T08:27:00.000-04:00,50.702,38.005
2026-09-16T08:28:00.000-04:00,50.972,
2026-09-16T08:29:00.000-04:00,50.342,
2026-09-16T08:30:00.000-04:00,49.154,
2026-09-16T08:31:00.000-04:00,48.70399999999999,
2026-09-16T08:44:00.000-04:00,46.607,
2026-09-16T08:45:00.000-04:00,47.138,38.005
2026-09-16T08:46:00.000-04:00,46.652,
2026-09-16T08:47:00.000-04:00,46.80799999999999,38.005
2026-09-16T08:48:00.000-04:00,46.256,
2026-09-16T08:49:00.000-04:00,46.85,38.005
2026-09-16T08:50:00.000-04:00,46.409000000000006,
2026-09-16T08:51:00.000-04:00,46.535,
2026-09-16T08:52:00.000-04:00,46.535,
2026-09-16T08:53:00.000-04:00,46.697,
2026-09-16T08:54:00.000-04:00,46.994,
2026-09-16T08:55:00.000-04:00,46.616,
2026-09-16T08:56:00.000-04:00,46.652,
2026-09-16T08:57:00.000-04:00,46.796,
2026-09-16T08:58:00.000-04:00,46.316,38.005
2026-09-16T08:59:00.000-04:00,46.616,
2026-09-16T09:00:00.000-04:00,47.012,
2026-09-16T09:01:00.000-04:00,47.102,38.005
2026-09-16T09:02:00.000-04:00,46.274,
2026-09-16T09:03:00.000-04:00,46.147999999999996,
2026-09-16T09:04:00.000-04:00,46.571,
2026-09-16T09:05:00.000-04:00,46.022,
2026-09-16T09:06:00.000-04:00,46.498999999999995,
2026-09-16T09:07:00.000-04:00,46.472,38.005
2026-09-16T09:08:00.000-04:00,46.508,38.005
2026-09-16T09:09:00.000-04:00,46.147999999999996,
2026-09-16T09:10:00.000-04:00,45.536,38.005
2026-09-16T09:11:00.000-04:00,46.328,38.005
2026-09-16T09:12:00.000-04:00,46.634,
2026-09-16T09:13:00.000-04:00,46.364,38.005
2026-09-16T09:14:00.000-04:00,45.887,
2026-09-16T09:15:00.000-04:00,46.238,
2026-09-16T09:16:00.000-04:00,45.68,
2026-09-16T09:17:00.000-04:00,45.086,
2026-09-16T09:18:00.000-04:00,45.86,
2026-09-16T09:19:00.000-04:00,45.509,38.005
2026-09-16T09:20:00.000-04:00,45.14,
2026-09-16T09:21:00.000-04:00,45.59,
2026-09-16T09:22:00.000-04:00,45.572,
2026-09-16T09:23:00.000-04:00,44.942,
2026-09-16T09:24:00.000-04:00,45.995000000000005,
2026-09-16T09:25:00.000-04:00,45.626000000000005,38.005
2026-09-16T09:26:00.000-04:00,45.698,
2026-09-16T09:27:00.000-04:00,45.391999999999996,38.005
2026-09-16T09:28:00.000-04:00,46.202,
2026-09-16T09:29:00.000-04:00,46.814,
2026-09-16T09:30:00.000-04:00,46.076,
2026-09-16T09:31:00.000-04:00,46.004000000000005,
2026-09-16T09:32:00.000-04:00,46.840999999999994,
2026-09-16T09:33:00.000-04:00,47.048,
2026-09-16T09:34:00.000-04:00,46.436,38.005
2026-09-16T09:35:00.000-04:00,45.815,
2026-09-16T09:36:00.000-04:00,46.67,38.005
2026-09-16T09:37:00.000-04:00,46.13,
2026-09-16T09:38:00.000-04:00,45.932,
2026-09-16T09:39:00.000-04:00,46.058,38.005
2026-09-16T09:40:00.000-04:00,46.04,
2026-09-16T09:41:00.000-04:00,45.752,38.005
2026-09-16T09:42:00.000-04:00,46.4,38.005
2026-09-16T09:43:00.000-04:00,45.788,
2026-09-16T09:44:00.000-04:00,45.806,38.005
2026-09-16T09:45:00.000-04:00,45.86,38.005
2026-09-16T09:46:00.000-04:00,46.58,38.005
2026-09-16T09:47:00.000-04:00,45.446,
2026-09-16T09:48:00.000-04:00,45.806,
2026-09-16T09:49:00.000-04:00,46.238,
2026-09-16T09:50:00.000-04:00,45.878,38.005
2026-09-16T09:51:00.000-04:00,46.226,38.005
2026-09-16T09:52:00.000-04:00,46.166,38.005
2026-09-16T09:53:00.000-04:00,45.716,38.005
2026-09-16T09:54:00.000-04:00,46.598,38.005
2026-09-16T09:55:00.000-04:00,46.634,
2026-09-16T09:56:00.000-04:00,46.904,
2026-09-16T09:57:00.000-04:00,46.238,
2026-09-16T09:58:00.000-04:00,46.256,38.005
2026-09-16T09:59:00.000-04:00,46.808,38.005
2026-09-16T10:00:00.000-04:00,46.661,
2026-09-16T10:01:00.000-04:00,46.58,
2026-09-16T10:02:00.000-04:00,47.036,38.005
2026-09-16T10:03:00.000-04:00,46.373000000000005,
2026-09-16T10:04:00.000-04:00,46.04900000000001,
2026-09-16T10:05:00.000-04:00,45.896,
2026-09-16T10:06:00.000-04:00,46.607,
2026-09-16T10:07:00.000-04:00,46.571,
2026-09-16T10:08:00.000-04:00,46.724000000000004,
2026-09-16T10:09:00.000-04:00,46.238,38.005
2026-09-16T10:10:00.000-04:00,46.094,38.005
2026-09-16T10:11:00.000-04:00,46.544,
2026-09-16T10:12:00.000-04:00,46.742000000000004,
2026-09-16T10:13:00.000-04:00,46.382,
2026-09-16T10:14:00.000-04:00,46.862,38.005
2026-09-16T10:15:00.000-04:00,46.652,38.005
2026-09-16T10:16:00.000-04:00,46.526,38.005
2026-09-16T10:17:00.000-04:00,46.157,38.005
2026-09-16T10:18:00.000-04:00,45.194,38.005
2026-09-16T10:19:00.000-04:00,46.040000000000006,
2026-09-16T10:20:00.000-04:00,46.166,
2026-09-16T10:21:00.000-04:00,46.094,38.005
2026-09-16T10:22:00.000-04:00,45.698,
2026-09-16T10:23:00.000-04:00,46.196,38.005
2026-09-16T10:24:00.000-04:00,46.409,
2026-09-16T10:25:00.000-04:00,45.968,
2026-09-16T10:26:00.000-04:00,46.13,
2026-09-16T10:27:00.000-04:00,46.706,
2026-09-16T10:28:00.000-04:00,46.346000000000004,
2026-09-16T10:29:00.000-04:00,46.679,
2026-09-16T10:30:00.000-04:00,46.544,
2026-09-16T10:31:00.000-04:00,46.471999999999994,
2026-09-16T10:32:00.000-04:00,45.905,
2026-09-16T10:33:00.000-04:00,45.824,38.005
2026-09-16T10:34:00.000-04:00,46.058,
2026-09-16T10:35:00.000-04:00,46.562,
2026-09-16T10:36:00.000-04:00,46.634,
2026-09-16T10:37:00.000-04:00,47.03,
2026-09-16T10:38:00.000-04:00,47.072,38.005
2026-09-16T10:39:00.000-04:00,49.037,
2026-09-16T10:40:00.000-04:00,48.632000000000005,
2026-09-16T10:41:00.000-04:00,49.658,
2026-09-16T10:42:00.000-04:00,49.448,38.005
2026-09-16T10:43:00.000-04:00,49.568,
2026-09-16T10:44:00.000-04:00,48.986,38.005
2026-09-16T10:45:00.000-04:00,49.064,
2026-09-16T10:46:00.000-04:00,48.416,38.005
2026-09-16T10:47:00.000-04:00,47.984,
2026-09-16T10:48:00.000-04:00,48.578,
2026-09-16T10:49:00.000-04:00,48.757999999999996,
2026-09-16T10:50:00.000-04:00,48.272,
2026-09-16T10:51:00.000-04:00,48.391999999999996,38.005
2026-09-16T10:52:00.000-04:00,47.66,38.005
2026-09-16T10:53:00.000-04:00,47.777,
2026-09-16T10:54:00.000-04:00,47.921,
2026-09-16T10:55:00.000-04:00,47.435,
2026-09-16T10:56:00.000-04:00,47.777,
2026-09-16T10:57:00.000-04:00,47.246,
2026-09-16T10:58:00.000-04:00,46.616,
2026-09-16T10:59:00.000-04:00,48.23,38.005
2026-09-16T11:00:00.000-04:00,48.137,
2026-09-16T11:01:00.000-04:00,48.370999999999995,
2026-09-16T11:02:00.000-04:00,48.083,
2026-09-16T11:03:00.000-04:00,48.164,
2026-09-16T11:04:00.000-04:00,47.623999999999995,
2026-09-16T11:05:00.000-04:00,47.93,
2026-09-16T11:06:00.000-04:00,48.11,
2026-09-16T11:07:00.000-04:00,48.236000000000004,
2026-09-16T11:09:00.000-04:00,48.848,
2026-09-16T11:10:00.000-04:00,49.451,
2026-09-16T11:11:00.000-04:00,50.09,
2026-09-16T11:12:00.000-04:00,50.99,
2026-09-16T11:34:00.000-04:00,48.668,38.005
2026-09-16T11:47:00.000-04:00,48.722,
2026-09-16T11:48:00.000-04:00,47.678,
2026-09-16T11:49:00.000-04:00,48.758,38.005
2026-09-16T11:52:00.000-04:00,47.858,
2026-09-16T11:53:00.000-04:00,48.83,
2026-09-16T12:05:00.000-04:00,49.928,
2026-09-16T12:06:00.000-04:00,49.568,38.005
2026-09-16T12:07:00.000-04:00,49.784,
2026-09-16T12:08:00.000-04:00,50.0,
2026-09-16T12:09:00.000-04:00,49.892,
2026-09-16T12:12:00.000-04:00,50.072,
2026-09-16T12:13:00.000-04:00,49.874,38.005
2026-09-16T12:17:00.000-04:00,49.685,38.005
2026-09-16T12:28:00.000-04:00,50.126,
2026-09-16T12:35:00.000-04:00,49.406,
2026-09-16T12:39:00.000-04:00,49.712,
2026-09-16T12:41:00.000-04:00,49.91,38.005
2026-09-16T12:43:00.000-04:00,49.064,38.005
2026-09-16T12:46:00.000-04:00,49.316,
2026-09-16T12:47:00.000-04:00,49.244,38.005
2026-09-16T12:53:00.000-04:00,48.344,38.005
2026-09-16T12:54:00.000-04:00,49.19,
2026-09-16T12:55:00.000-04:00,49.522999999999996,
2026-09-16T13:04:00.000-04:00,49.388,
2026-09-16T13:05:00.000-04:00,50.378,
2026-09-16T13:06:00.000-04:00,52.196,38.005
2026-09-16T13:13:00.000-04:00,51.404,
2026-09-16T13:14:00.000-04:00,50.18,38.005
2026-09-16T13:24:00.000-04:00,50.108,
2026-09-16T15:15:00.000-04:00,50.306,
2026-09-16T15:23:00.000-04:00,51.386,
2026-09-16T15:24:00.000-04:00,52.754,
2026-09-16T15:30:00.000-04:00,53.168,
2026-09-16T15:39:00.000-04:00,52.268,38.005
2026-09-16T15:57:00.000-04:00,52.34,
2026-09-16T15:58:00.000-04:00,52.502,
2026-09-16T16:58:00.000-04:00,50.666,
2026-09-16T17:07:00.000-04:00,50.108,
2026-09-16T17:08:00.000-04:00,49.82,
2026-09-16T17:09:00.000-04:00,50.126,38.005
2026-09-16T17:57:00.000-04:00,49.370000000000005,
2026-09-16T17:58:00.000-04:00,51.358999999999995,
2026-09-16T17:59:00.000-04:00,52.313,
2026-09-16T18:00:00.000-04:00,52.232,
2026-09-16T18:01:00.000-04:00,52.556,38.005
2026-09-16T18:21:00.000-04:00,51.116,
2026-09-16T18:24:00.000-04:00,50.936,38.005
2026-09-16T18:36:00.000-04:00,50.684,38.005
2026-09-16T18:38:00.000-04:00,50.414,38.005
2026-09-16T18:47:00.000-04:00,50.306,
2026-09-16T18:51:00.000-04:00,49.64,
2026-09-16T18:52:00.000-04:00,50.468,38.005
2026-09-16T18:53:00.000-04:00,50.504,38.005
2026-09-16T18:54:00.000-04:00,50.738,
2026-09-16T19:00:00.000-04:00,49.154,38.005
2026-09-16T19:06:00.000-04:00,49.928,38.005
2026-09-16T19:55:00.000-04:00,48.884,38.005
2026-09-16T19:57:00.000-04:00,48.29,
2026-09-17T08:21:00.000-04:00,47.291,
2026-09-17T08:22:00.000-04:00,49.478,38.005
2026-09-17T08:28:00.000-04:00,47.192,
2026-09-17T08:50:00.000-04:00,47.894,
2026-09-17T09:02:00.000-04:00,48.002,
2026-09-17T09:11:00.000-04:00,47.498,
2026-09-17T09:14:00.000-04:00,47.309,
2026-09-17T09:15:00.000-04:00,47.138,
2026-09-17T09:16:00.000-04:00,47.417,
2026-09-17T09:17:00.000-04:00,48.388999999999996,
2026-09-17T09:18:00.000-04:00,48.344,
2026-09-17T09:19:00.000-04:00,48.065,
2026-09-17T09:20:00.000-04:00,47.768,38.005
2026-09-17T09:21:00.000-04:00,48.001999999999995,
2026-09-17T09:22:00.000-04:00,48.038,
2026-09-17T09:23:00.000-04:00,49.082,
2026-09-17T09:24:00.000-04:00,49.82899999999999,
2026-09-17T09:25:00.000-04:00,50.09,
2026-09-17T09:26:00.000-04:00,50.423,
2026-09-17T09:27:00.000-04:00,50.657,
2026-09-17T09:28:00.000-04:00,51.08,
2026-09-17T09:29:00.000-04:00,51.656,
2026-09-17T09:30:00.000-04:00,52.259,
2026-09-17T09:31:00.000-04:00,52.412,
2026-09-17T09:32:00.000-04:00,51.593,
2026-09-17T09:33:00.000-04:00,52.025000000000006,
2026-09-17T09:34:00.000-04:00,52.466,
2026-09-17T09:35:00.000-04:00,53.42,38.005
2026-09-17T09:36:00.000-04:00,53.276,
2026-09-17T09:39:00.000-04:00,51.718999999999994,
2026-09-17T09:40:00.000-04:00,51.772999999999996,
2026-09-17T09:41:00.000-04:00,52.457,
2026-09-17T09:42:00.000-04:00,53.042,
2026-09-17T09:43:00.000-04:00,53.375,
2026-09-17T09:44:00.000-04:00,53.537000000000006,
2026-09-17T09:45:00.000-04:00,53.753,
2026-09-17T09:46:00.000-04:00,53.78,
2026-09-17T09:47:00.000-04:00,54.104,
2026-09-17T09:48:00.000-04:00,53.69,
2026-09-17T09:51:00.000-04:00,51.872,
2026-09-17T09:52:00.000-04:00,53.204,
2026-09-17T09:53:00.000-04:00,52.295,
2026-09-17T09:54:00.000-04:00,51.818,
2026-09-17T09:55:00.000-04:00,51.692,38.005
2026-09-17T09:56:00.000-04:00,51.188,
2026-09-17T09:57:00.000-04:00,51.331999999999994,
2026-09-17T09:58:00.000-04:00,50.611999999999995,
2026-09-17T09:59:00.000-04:00,50.702,
2026-09-17T10:00:00.000-04:00,51.107,
2026-09-17T10:01:00.000-04:00,50.351,
2026-09-17T10:02:00.000-04:00,49.991,
2026-09-17T10:03:00.000-04:00,50.198,
2026-09-17T10:04:00.000-04:00,49.946,
2026-09-17T10:05:00.000-04:00,49.928,
2026-09-17T10:06:00.000-04:00,49.964,
2026-09-17T10:07:00.000-04:00,49.982,
2026-09-17T10:08:00.000-04:00,49.478,
2026-09-17T10:09:00.000-04:00,49.694,
2026-09-17T10:10:00.000-04:00,49.486999999999995,
2026-09-17T10:11:00.000-04:00,50.108,38.005
2026-09-17T10:12:00.000-04:00,49.055,
2026-09-17T10:13:00.000-04:00,49.568,
2026-09-17T10:14:00.000-04:00,49.592000000000006,38.005
2026-09-17T10:15:00.000-04:00,49.388,
2026-09-17T10:16:00.000-04:00,49.163,
2026-09-17T10:17:00.000-04:00,49.289,38.005
2026-09-17T10:18:00.000-04:00,49.108999999999995,
2026-09-17T10:19:00.000-04:00,48.821,
2026-09-17T10:20:00.000-04:00,49.388,
2026-09-17T10:21:00.000-04:00,49.459999999999994,
2026-09-17T10:22:00.000-04:00,49.712,
2026-09-17T10:23:00.000-04:00,49.376,38.005
2026-09-17T10:24:00.000-04:00,48.821,
2026-09-17T10:25:00.000-04:00,49.19,
2026-09-17T10:26:00.000-04:00,48.776,38.005
2026-09-17T10:27:00.000-04:00,49.064,
2026-09-17T10:28:00.000-04:00,48.902,
2026-09-17T10:29:00.000-04:00,48.344,
2026-09-17T10:30:00.000-04:00,48.866,38.005
2026-09-17T10:31:00.000-04:00,48.626,38.005
2026-09-17T10:32:00.000-04:00,47.714,
2026-09-17T10:33:00.000-04:00,48.641000000000005,
2026-09-17T10:34:00.000-04:00,47.57,
2026-09-17T10:35:00.000-04:00,48.074,
2026-09-17T10:36:00.000-04:00,48.362,38.005
2026-09-17T10:37:00.000-04:00,47.498000000000005,
2026-09-17T10:38:00.000-04:00,48.02,
2026-09-17T10:39:00.000-04:00,48.128,
2026-09-17T10:40:00.000-04:00,47.921,
2026-09-17T10:41:00.000-04:00,47.534,
2026-09-17T10:42:00.000-04:00,46.886,
2026-09-17T10:43:00.000-04:00,48.551,
2026-09-17T10:44:00.000-04:00,48.407,
2026-09-17T10:45:00.000-04:00,47.471000000000004,
2026-09-17T10:46:00.000-04:00,46.994,
2026-09-17T10:47:00.000-04:00,47.272999999999996,38.005
2026-09-17T10:48:00.000-04:00,47.192,
2026-09-17T10:49:00.000-04:00,47.576,38.005
2026-09-17T10:50:00.000-04:00,48.019999999999996,38.005
2026-09-17T10:51:00.000-04:00,47.417,
2026-09-17T10:52:00.000-04:00,46.49,38.005
2026-09-17T10:53:00.000-04:00,47.858,38.005
2026-09-17T10:54:00.000-04:00,47.264,
2026-09-17T10:55:00.000-04:00,47.066,
2026-09-17T10:56:00.000-04:00,47.39,
2026-09-17T10:57:00.000-04:00,47.245999999999995,
2026-09-17T10:58:00.000-04:00,46.616,
2026-09-17T10:59:00.000-04:00,47.192,
2026-09-17T11:00:00.000-04:00,47.37800000000001,38.005
2026-09-17T11:01:00.000-04:00,46.688,
2026-09-17T11:02:00.000-04:00,47.03,
2026-09-17T11:03:00.000-04:00,46.796,38.005
2026-09-17T11:04:00.000-04:00,47.408,
2026-09-17T11:05:00.000-04:00,47.03,
2026-09-17T11:06:00.000-04:00,46.868,
2026-09-17T11:07:00.000-04:00,46.94,
2026-09-17T11:08:00.000-04:00,46.661,
2026-09-17T11:09:00.000-04:00,46.697,
2026-09-17T11:10:00.000-04:00,46.967,
2026-09-17T11:11:00.000-04:00,46.328,38.005
2026-09-17T11:12:00.000-04:00,46.931,
2026-09-17T11:13:00.000-04:00,46.913,
2026-09-17T11:14:00.000-04:00,46.373000000000005,
2026-09-17T11:15:00.000-04:00,47.102,
2026-09-17T11:16:00.000-04:00,46.769,
2026-09-17T11:17:00.000-04:00,47.318,
2026-09-17T11:18:00.000-04:00,46.876999999999995,
2026-09-17T11:19:00.000-04:00,46.661,
2026-09-17T11:20:00.000-04:00,47.309,
2026-09-17T11:21:00.000-04:00,47.102000000000004,
2026-09-17T11:22:00.000-04:00,47.552,
2026-09-17T11:23:00.000-04:00,47.894,
2026-09-17T11:24:00.000-04:00,47.678,
2026-09-17T11:25:00.000-04:00,47.471000000000004,
2026-09-17T11:26:00.000-04:00,47.084,
2026-09-17T11:27:00.000-04:00,46.516999999999996,
2026-09-17T11:28:00.000-04:00,47.021,
2026-09-17T11:29:00.000-04:00,47.372,
2026-09-17T11:30:00.000-04:00,46.445,
2026-09-17T11:31:00.000-04:00,46.903999999999996,
2026-09-17T11:32:00.000-04:00,46.913,
2026-09-17T11:33:00.000-04:00,47.084,
2026-09-17T11:34:00.000-04:00,46.952,38.005
2026-09-17T11:35:00.000-04:00,47.444,
2026-09-17T11:36:00.000-04:00,46.778,
2026-09-17T11:37:00.000-04:00,48.488,38.005
2026-09-17T11:38:00.000-04:00,47.21,38.005
2026-09-17T11:39:00.000-04:00,47.209999999999994,
2026-09-17T11:40:00.000-04:00,47.228,
2026-09-17T11:41:00.000-04:00,46.904,38.005
2026-09-17T11:42:00.000-04:00,47.623999999999995,
2026-09-17T11:43:00.000-04:00,46.616,
2026-09-17T11:44:00.000-04:00,47.039,
2026-09-17T11:45:00.000-04:00,46.607,
2026-09-17T11:46:00.000-04:00,46.876999999999995,
2026-09-17T11:47:00.000-04:00,46.625,
2026-09-17T11:48:00.000-04:00,46.760000000000005,
2026-09-17T11:49:00.000-04:00,47.138,
2026-09-17T11:50:00.000-04:00,46.78999999999999,38.005
2026-09-17T11:51:00.000-04:00,46.058,38.005
2026-09-17T11:52:00.000-04:00,45.932,
2026-09-17T11:53:00.000-04:00,46.489999999999995,
2026-09-17T11:54:00.000-04:00,46.867999999999995,
2026-09-17T11:55:00.000-04:00,46.751,
2026-09-17T11:56:00.000-04:00,46.697,
2026-09-17T11:57:00.000-04:00,46.787000000000006,
2026-09-17T11:58:00.000-04:00,46.79600000000001,
2026-09-17T11:59:00.000-04:00,46.634,
2026-09-17T12:00:00.000-04:00,46.462999999999994,
2026-09-17T12:01:00.000-04:00,46.697,
2026-09-17T12:02:00.000-04:00,46.868,
2026-09-17T12:03:00.000-04:00,46.535,
2026-09-17T12:04:00.000-04:00,46.022000000000006,
2026-09-17T12:05:00.000-04:00,46.409000000000006,
2026-09-17T12:06:00.000-04:00,45.760999999999996,
2026-09-17T12:07:00.000-04:00,45.689,
2026-09-17T12:08:00.000-04:00,46.247,
2026-09-17T12:09:00.000-04:00,46.265,
2026-09-17T12:10:00.000-04:00,46.129999999999995,
2026-09-17T12:11:00.000-04:00,46.283,
2026-09-17T12:12:00.000-04:00,45.824,
2026-09-17T12:13:00.000-04:00,45.59,
2026-09-17T12:14:00.000-04:00,45.419,
2026-09-17T12:15:00.000-04:00,45.815,
2026-09-17T12:16:00.000-04:00,45.536,38.005
2026-09-17T12:17:00.000-04:00,46.4,38.005
2026-09-17T12:18:00.000-04:00,46.211,
2026-09-17T12:19:00.000-04:00,45.932,38.005
2026-09-17T12:20:00.000-04:00,45.626000000000005,
2026-09-17T12:21:00.000-04:00,44.942,
2026-09-17T12:22:00.000-04:00,46.184000000000005,38.005
2026-09-17T12:23:00.000-04:00,45.212,
2026-09-17T12:24:00.000-04:00,45.932,
2026-09-17T12:25:00.000-04:00,46.418,
2026-09-17T12:26:00.000-04:00,45.536,
2026-09-17T12:27:00.000-04:00,46.373000000000005,38.005
2026-09-17T12:28:00.000-04:00,45.473,
2026-09-17T12:29:00.000-04:00,45.86,
2026-09-17T12:30:00.000-04:00,45.374,38.005
2026-09-17T12:31:00.000-04:00,46.013000000000005,
2026-09-17T12:32:00.000-04:00,45.815,
2026-09-17T12:33:00.000-04:00,45.689,
2026-09-17T12:34:00.000-04:00,44.870000000000005,
2026-09-17T12:35:00.000-04:00,45.518,
2026-09-17T12:36:00.000-04:00,45.778999999999996,
2026-09-17T12:37:00.000-04:00,45.518,38.005
2026-09-17T12:38:00.000-04:00,45.176,38.005
2026-09-17T12:39:00.000-04:00,44.906,
2026-09-17T12:40:00.000-04:00,45.5,38.005
2026-09-17T12:41:00.000-04:00,44.6,38.005
2026-09-17T12:42:00.000-04:00,44.756,38.005
2026-09-17T12:43:00.000-04:00,45.373999999999995,
2026-09-17T12:44:00.000-04:00,45.509,
2026-09-17T12:45:00.000-04:00,45.149,
2026-09-17T12:46:00.000-04:00,45.68,38.005
2026-09-17T12:47:00.000-04:00,45.473,
2026-09-17T12:48:00.000-04:00,45.041,
2026-09-17T12:49:00.000-04:00,45.473,
2026-09-17T12:50:00.000-04:00,46.184,
2026-09-17T12:51:00.000-04:00,45.373999999999995,
2026-09-17T12:52:00.000-04:00,45.382999999999996,
2026-09-17T12:53:00.000-04:00,45.167,
2026-09-17T12:54:00.000-04:00,45.671,
2026-09-17T12:55:00.000-04:00,45.392,
2026-09-17T12:56:00.000-04:00,45.77,38.005
2026-09-17T12:57:00.000-04:00,45.635,
2026-09-17T12:58:00.000-04:00,45.419,
2026-09-17T12:59:00.000-04:00,45.473,38.005
2026-09-17T13:00:00.000-04:00,45.734,38.005
2026-09-17T13:01:00.000-04:00,45.356,
2026-09-17T13:02:00.000-04:00,45.464,38.005
2026-09-17T13:03:00.000-04:00,45.482,
2026-09-17T13:04:00.000-04:00,45.563,
2026-09-17T13:05:00.000-04:00,45.203,
2026-09-17T13:06:00.000-04:00,44.987,
2026-09-17T13:07:00.000-04:00,44.654,
2026-09-17T13:08:00.000-04:00,45.488,38.005
2026-09-17T13:09:00.000-04:00,45.887,
2026-09-17T13:10:00.000-04:00,45.86,
2026-09-17T13:11:00.000-04:00,45.734,
2026-09-17T13:12:00.000-04:00,46.022,
2026-09-17T13:13:00.000-04:00,44.906,38.005
2026-09-17T13:14:00.000-04:00,45.446,
2026-09-17T13:15:00.000-04:00,45.68,
2026-09-17T13:16:00.000-04:00,45.347,
2026-09-17T13:17:00.000-04:00,45.851,
2026-09-17T13:18:00.000-04:00,45.400999999999996,
2026-09-17T13:19:00.000-04:00,46.661,
2026-09-17T13:20:00.000-04:00,45.815,
2026-09-17T13:21:00.000-04:00,46.076,
2026-09-17T13:22:00.000-04:00,45.742999999999995,
2026-09-17T13:23:00.000-04:00,45.437,
2026-09-17T13:24:00.000-04:00,45.509,
2026-09-17T13:25:00.000-04:00,44.654,
2026-09-17T13:26:00.000-04:00,45.158,38.005
2026-09-17T13:27:00.000-04:00,45.311,
2026-09-17T13:28:00.000-04:00,45.338,
2026-09-17T13:29:00.000-04:00,45.257000000000005,
2026-09-17T13:30:00.000-04:00,45.391999999999996,
2026-09-17T13:31:00.000-04:00,44.762,
2026-09-17T13:32:00.000-04:00,45.149,38.005
2026-09-17T13:33:00.000-04:00,45.284,
2026-09-17T13:34:00.000-04:00,45.65,38.005
2026-09-17T13:35:00.000-04:00,44.969,
2026-09-17T13:36:00.000-04:00,45.122,
2026-09-17T13:37:00.000-04:00,44.96,
2026-09-17T13:38:00.000-04:00,44.96,
2026-09-17T13:39:00.000-04:00,44.978,38.005
2026-09-17T13:40:00.000-04:00,45.554,
2026-09-17T13:41:00.000-04:00,45.05,
2026-09-17T13:42:00.000-04:00,45.842,
2026-09-17T13:43:00.000-04:00,45.662,38.005
2026-09-17T13:44:00.000-04:00,44.564,
2026-09-17T13:45:00.000-04:00,44.564,
2026-09-17T13:46:00.000-04:00,45.86,
2026-09-17T13:47:00.000-04:00,45.671,
2026-09-17T13:48:00.000-04:00,45.176,
2026-09-17T13:49:00.000-04:00,46.697,
2026-09-17T13:50:00.000-04:00,47.039,
2026-09-17T13:51:00.000-04:00,47.111000000000004,
2026-09-17T13:52:00.000-04:00,47.236999999999995,
2026-09-17T13:53:00.000-04:00,47.291,
2026-09-17T13:54:00.000-04:00,46.760000000000005,
2026-09-17T13:55:00.000-04:00,46.688,
2026-09-17T13:56:00.000-04:00,46.76,
2026-09-17T13:57:00.000-04:00,46.076,38.005
2026-09-17T13:58:00.000-04:00,46.013,
2026-09-17T13:59:00.000-04:00,45.68,
2026-09-17T14:00:00.000-04:00,46.742000000000004,
2026-09-17T14:01:00.000-04:00,46.58,
2026-09-17T14:02:00.000-04:00,46.067,
2026-09-17T14:03:00.000-04:00,46.364000000000004,
2026-09-17T14:04:00.000-04:00,46.814,
2026-09-17T14:05:00.000-04:00,45.608000000000004,
2026-09-17T14:06:00.000-04:00,45.824,
2026-09-17T14:07:00.000-04:00,46.409000000000006,
2026-09-17T14:08:00.000-04:00,45.724999999999994,38.005
2026-09-17T14:09:00.000-04:00,45.698,
2026-09-17T14:10:00.000-04:00,45.824,38.005
2026-09-17T14:11:00.000-04:00,46.328,
2026-09-17T14:12:00.000-04:00,45.869,
2026-09-17T14:13:00.000-04:00,46.076,38.005
2026-09-17T14:14:00.000-04:00,46.129999999999995,
2026-09-17T14:15:00.000-04:00,46.382000000000005,
2026-09-17T14:16:00.000-04:00,45.878,38.005
2026-09-17T14:17:00.000-04:00,46.058,
2026-09-17T14:18:00.000-04:00,44.798,38.005
2026-09-17T14:19:00.000-04:00,45.698,
2026-09-17T14:20:00.000-04:00,46.022,
2026-09-17T14:21:00.000-04:00,45.47,38.005
2026-09-17T14:22:00.000-04:00,45.752,
2026-09-17T14:23:00.000-04:00,45.545,
2026-09-17T14:24:00.000-04:00,46.283,
2026-09-17T14:25:00.000-04:00,45.400999999999996,
2026-09-17T14:26:00.000-04:00,44.834,38.005
2026-09-17T14:27:00.000-04:00,45.364999999999995,
2026-09-17T14:28:00.000-04:00,45.707,
2026-09-17T14:29:00.000-04:00,45.644,
2026-09-17T14:30:00.000-04:00,45.446,
2026-09-17T14:31:00.000-04:00,45.68,
2026-09-17T14:32:00.000-04:00,44.555,38.005
2026-09-17T14:33:00.000-04:00,45.302,38.005
2026-09-17T14:34:00.000-04:00,46.076,38.005
2026-09-17T14:35:00.000-04:00,45.716,
2026-09-17T14:36:00.000-04:00,45.248000000000005,
2026-09-17T14:37:00.000-04:00,45.5,
2026-09-17T14:38:00.000-04:00,45.824,
2026-09-17T14:39:00.000-04:00,45.959,
2026-09-17T14:40:00.000-04:00,45.68,
2026-09-17T14:41:00.000-04:00,45.959,
2026-09-17T14:42:00.000-04:00,45.248000000000005,
2026-09-17T14:43:00.000-04:00,45.437,
2026-09-17T14:44:00.000-04:00,45.986000000000004,
2026-09-17T14:45:00.000-04:00,45.914,
2026-09-17T14:46:00.000-04:00,45.86,
2026-09-17T14:47:00.000-04:00,45.194,38.005
2026-09-17T14:48:00.000-04:00,44.678,38.005
2026-09-17T14:49:00.000-04:00,46.427,
2026-09-17T14:50:00.000-04:00,45.05,38.005
2026-09-17T14:51:00.000-04:00,44.789,
2026-09-17T14:52:00.000-04:00,46.067,
2026-09-17T14:53:00.000-04:00,45.716,
2026-09-17T14:54:00.000-04:00,44.72,38.005
2026-09-17T14:55:00.000-04:00,44.843,
2026-09-17T14:56:00.000-04:00,44.69,38.005
2026-09-17T14:57:00.000-04:00,45.05,
2026-09-17T14:58:00.000-04:00,45.194,
2026-09-17T14:59:00.000-04:00,45.185,38.005
2026-09-17T15:00:00.000-04:00,45.266,
2026-09-17T15:01:00.000-04:00,45.086,38.005
2026-09-17T15:02:00.000-04:00,44.312,38.005
2026-09-17T15:03:00.000-04:00,45.428,38.005
2026-09-17T15:04:00.000-04:00,46.274,38.005
2026-09-17T15:05:00.000-04:00,44.888,38.005
2026-09-17T15:06:00.000-04:00,44.897000000000006,
2026-09-17T15:07:00.000-04:00,44.672,
2026-09-17T15:08:00.000-04:00,44.735,
2026-09-17T15:09:00.000-04:00,45.014,
2026-09-17T15:10:00.000-04:00,45.221000000000004,
2026-09-17T15:11:00.000-04:00,44.222,
2026-09-17T15:12:00.000-04:00,44.42,
2026-09-17T15:13:00.000-04:00,45.248,38.005
2026-09-17T15:14:00.000-04:00,45.398,38.005
2026-09-17T15:15:00.000-04:00,45.068,
2026-09-17T15:16:00.000-04:00,44.57299999999999,
2026-09-17T15:17:00.000-04:00,43.826,
2026-09-17T15:18:00.000-04:00,44.846000000000004,38.005
2026-09-17T15:19:00.000-04:00,45.68,
2026-09-17T15:20:00.000-04:00,44.618,
2026-09-17T15:21:00.000-04:00,45.329,
2026-09-17T15:22:00.000-04:00,44.42,38.005
2026-09-17T15:23:00.000-04:00,45.122,
2026-09-17T15:24:00.000-04:00,44.69,
2026-09-17T15:25:00.000-04:00,45.356,
2026-09-17T15:26:00.000-04:00,45.211999999999996,38.005
2026-09-17T15:27:00.000-04:00,44.303,
2026-09-17T15:28:00.000-04:00,44.599999999999994,38.005
2026-09-17T15:29:00.000-04:00,44.789,
2026-09-17T15:30:00.000-04:00,45.004999999999995,
2026-09-17T15:31:00.000-04:00,45.167,
2026-09-17T15:32:00.000-04:00,45.158,
2026-09-17T15:33:00.000-04:00,44.996,38.005
2026-09-17T15:34:00.000-04:00,44.888,
2026-09-17T15:35:00.000-04:00,44.443999999999996,38.005
2026-09-17T15:36:00.000-04:00,44.276,38.005
2026-09-17T15:37:00.000-04:00,45.5,
2026-09-17T15:38:00.000-04:00,45.392,
2026-09-17T15:39:00.000-04:00,45.778999999999996,38.005
2026-09-17T15:40:00.000-04:00,44.798,
2026-09-17T15:41:00.000-04:00,44.285,
2026-09-17T15:42:00.000-04:00,43.988,
2026-09-17T15:43:00.000-04:00,45.356,
2026-09-17T15:44:00.000-04:00,44.906,
2026-09-17T15:45:00.000-04:00,44.618,
2026-09-17T15:46:00.000-04:00,44.510000000000005,
2026-09-17T15:47:00.000-04:00,44.384,
2026-09-17T15:48:00.000-04:00,44.087,
2026-09-17T15:49:00.000-04:00,44.258,
2026-09-17T15:50:00.000-04:00,45.355999999999995,38.005
2026-09-17T15:51:00.000-04:00,46.22,
2026-09-17T15:52:00.000-04:00,44.78,
2026-09-17T15:53:00.000-04:00,44.672,
2026-09-17T15:54:00.000-04:00,44.92400000000001,
2026-09-17T15:55:00.000-04:00,43.844,38.005
2026-09-17T15:56:00.000-04:00,44.78,
2026-09-17T15:57:00.000-04:00,44.456,
2026-09-17T15:58:00.000-04:00,44.141000000000005,
2026-09-17T15:59:00.000-04:00,43.88,
2026-09-17T16:00:00.000-04:00,44.57,38.005
2026-09-17T16:01:00.000-04:00,43.781,
2026-09-17T16:02:00.000-04:00,44.15,
2026-09-17T16:03:00.000-04:00,44.078,
2026-09-17T16:04:00.000-04:00,44.573,
2026-09-17T16:05:00.000-04:00,45.068,
2026-09-17T16:06:00.000-04:00,45.041,
2026-09-17T16:07:00.000-04:00,45.23,
2026-09-17T16:08:00.000-04:00,45.566,38.005
2026-09-17T16:09:00.000-04:00,46.076,
2026-09-17T16:10:00.000-04:00,44.87,
2026-09-17T16:11:00.000-04:00,45.176,
2026-09-17T16:12:00.000-04:00,44.762,
2026-09-17T16:13:00.000-04:00,43.376,
2026-09-17T16:14:00.000-04:00,44.105,
2026-09-17T16:15:00.000-04:00,44.132,
2026-09-17T16:16:00.000-04:00,44.17700000000001,
2026-09-17T16:17:00.000-04:00,44.447,
2026-09-17T16:18:00.000-04:00,44.474000000000004,
2026-09-17T16:19:00.000-04:00,45.374,38.005
2026-09-17T16:20:00.000-04:00,44.807,
2026-09-17T16:21:00.000-04:00,44.195,
2026-09-17T16:22:00.000-04:00,44.312,
2026-09-17T16:23:00.000-04:00,43.916,
2026-09-17T16:24:00.000-04:00,44.342000000000006,38.005
2026-09-17T16:25:00.000-04:00,44.474,
2026-09-17T16:26:00.000-04:00,45.257,
2026-09-17T16:27:00.000-04:00,45.734,
2026-09-17T16:28:00.000-04:00,45.536,38.005
2026-09-17T16:29:00.000-04:00,45.536,
2026-09-17T16:30:00.000-04:00,45.455,
2026-09-17T16:31:00.000-04:00,45.923,38.005
2026-09-17T16:32:00.000-04:00,45.914,
2026-09-17T16:33:00.000-04:00,45.158,
2026-09-17T16:34:00.000-04:00,45.446,
2026-09-17T16:35:00.000-04:00,45.959,
2026-09-17T16:36:00.000-04:00,45.167,
2026-09-17T16:37:00.000-04:00,45.653000000000006,
2026-09-17T16:38:00.000-04:00,45.158,
2026-09-17T16:39:00.000-04:00,45.653000000000006,
2026-09-17T16:40:00.000-04:00,45.113,
2026-09-17T16:41:00.000-04:00,45.824,
2026-09-17T16:42:00.000-04:00,44.617999999999995,38.005
2026-09-17T16:43:00.000-04:00,45.266,
2026-09-17T16:44:00.000-04:00,45.194,38.005
2026-09-17T16:45:00.000-04:00,45.662000000000006,
2026-09-17T16:46:00.000-04:00,45.356,
2026-09-17T16:47:00.000-04:00,45.068,
2026-09-17T16:48:00.000-04:00,45.185,
2026-09-17T16:49:00.000-04:00,45.797,
2026-09-17T16:50:00.000-04:00,47.282,
2026-09-17T16:51:00.000-04:00,47.798,38.005
2026-09-17T16:52:00.000-04:00,47.957,
2026-09-17T16:53:00.000-04:00,50.117000000000004,
2026-09-17T16:54:00.000-04:00,51.071,
2026-09-17T16:55:00.000-04:00,51.989000000000004,
2026-09-17T16:56:00.000-04:00,53.42,
2026-09-17T16:57:00.000-04:00,53.672,
2026-09-17T16:58:00.000-04:00,54.266,38.005
2026-09-17T16:59:00.000-04:00,53.771,
2026-09-17T17:00:00.000-04:00,51.818,38.005
2026-09-17T17:01:00.000-04:00,50.900000000000006,38.005
2026-09-17T17:02:00.000-04:00,50.738,
2026-09-17T17:03:00.000-04:00,50.774,
2026-09-17T17:04:00.000-04:00,50.647999999999996,
2026-09-17T17:05:00.000-04:00,50.072,
2026-09-17T17:17:00.000-04:00,49.73,
2026-09-18T03:55:00.000-04:00,52.565,
2026-09-18T03:56:00.000-04:00,53.006,
2026-09-18T03:57:00.000-04:00,53.384,38.005
2026-09-18T03:58:00.000-04:00,53.573,
2026-09-18T03:59:00.000-04:00,52.925,
2026-09-18T04:00:00.000-04:00,52.808,
2026-09-18T04:01:00.000-04:00,53.123,
2026-09-18T04:02:00.000-04:00,52.736,
2026-09-18T04:03:00.000-04:00,53.108000000000004,38.005
2026-09-18T04:04:00.000-04:00,53.096000000000004,
2026-09-18T04:05:00.000-04:00,53.195,
2026-09-18T04:06:00.000-04:00,53.06,
2026-09-18T04:07:00.000-04:00,52.394,38.005
2026-09-18T04:08:00.000-04:00,52.736000000000004,
2026-09-18T04:09:00.000-04:00,53.483000000000004,
2026-09-18T04:10:00.000-04:00,53.024,38.005
2026-09-18T04:11:00.000-04:00,53.132000000000005,
2026-09-18T04:12:00.000-04:00,53.132,
2026-09-18T04:13:00.000-04:00,53.239999999999995,
2026-09-18T04:14:00.000-04:00,53.384,
2026-09-18T04:15:00.000-04:00,53.456,
2026-09-18T04:16:00.000-04:00,53.735,38.005
2026-09-18T04:17:00.000-04:00,53.573,
2026-09-18T04:18:00.000-04:00,53.582,
2026-09-18T04:19:00.000-04:00,52.916,
2026-09-18T04:20:00.000-04:00,53.222,38.005
2026-09-18T04:21:00.000-04:00,53.564,
2026-09-18T04:22:00.000-04:00,53.519000000000005,
2026-09-18T04:23:00.000-04:00,52.997,
2026-09-18T04:24:00.000-04:00,52.745000000000005,
2026-09-18T04:25:00.000-04:00,52.025000000000006,
2026-09-18T04:26:00.000-04:00,52.465999999999994,
2026-09-18T04:27:00.000-04:00,51.971000000000004,
2026-09-18T04:28:00.000-04:00,51.476,
2026-09-18T04:29:00.000-04:00,51.458,
2026-09-18T04:30:00.000-04:00,51.17,38.005
2026-09-18T04:31:00.000-04:00,50.936,
2026-09-18T04:32:00.000-04:00,51.08,
2026-09-18T04:33:00.000-04:00,51.044000000000004,38.005
2026-09-18T04:34:00.000-04:00,50.504,
2026-09-18T04:35:00.000-04:00,50.531000000000006,
2026-09-18T04:36:00.000-04:00,50.792,
2026-09-18T04:37:00.000-04:00,50.395999999999994,38.005
2026-09-18T04:38:00.000-04:00,51.332,
2026-09-18T04:39:00.000-04:00,50.504,38.005
2026-09-18T04:40:00.000-04:00,50.0,
2026-09-18T04:41:00.000-04:00,50.18,
2026-09-18T04:42:00.000-04:00,50.534,38.005
2026-09-18T04:43:00.000-04:00,50.18,
2026-09-18T04:44:00.000-04:00,50.027,
2026-09-18T04:45:00.000-04:00,49.676,
2026-09-18T04:46:00.000-04:00,49.631,
2026-09-18T04:47:00.000-04:00,50.009,
2026-09-18T04:48:00.000-04:00,50.306,
2026-09-18T04:49:00.000-04:00,49.892,38.005
2026-09-18T04:50:00.000-04:00,49.559,
2026-09-18T04:51:00.000-04:00,49.739,
2026-09-18T04:52:00.000-04:00,49.568,
2026-09-18T04:53:00.000-04:00,48.848,
2026-09-18T04:54:00.000-04:00,49.577,
2026-09-18T04:55:00.000-04:00,49.172,
2026-09-18T04:56:00.000-04:00,48.668,38.005
2026-09-18T04:57:00.000-04:00,48.695,
2026-09-18T04:58:00.000-04:00,48.632,38.005
2026-09-18T04:59:00.000-04:00,49.495999999999995,
2026-09-18T05:00:00.000-04:00,49.046,
2026-09-18T05:01:00.000-04:00,48.659000000000006,
2026-09-18T05:02:00.000-04:00,48.83,
2026-09-18T05:03:00.000-04:00,49.01,
2026-09-18T05:04:00.000-04:00,49.244,
2026-09-18T05:05:00.000-04:00,49.144999999999996,
2026-09-18T05:06:00.000-04:00,48.848,
2026-09-18T05:07:00.000-04:00,48.83,
2026-09-18T05:08:00.000-04:00,48.848,38.005
2026-09-18T05:09:00.000-04:00,49.01,
2026-09-18T05:10:00.000-04:00,48.425,38.005
2026-09-18T05:11:00.000-04:00,48.056,
2026-09-18T05:12:00.000-04:00,48.569,
2026-09-18T05:13:00.000-04:00,48.056,
2026-09-18T05:14:00.000-04:00,47.462,
2026-09-18T05:15:00.000-04:00,48.038,
2026-09-18T05:16:00.000-04:00,48.722,
2026-09-18T05:17:00.000-04:00,48.452,
2026-09-18T05:18:00.000-04:00,48.218,38.005
2026-09-18T05:19:00.000-04:00,47.75,
2026-09-18T05:20:00.000-04:00,47.642,
2026-09-18T05:21:00.000-04:00,47.534,38.005
2026-09-18T05:22:00.000-04:00,47.804,
2026-09-18T05:23:00.000-04:00,47.435,
2026-09-18T05:24:00.000-04:00,48.488,38.005
2026-09-18T05:25:00.000-04:00,47.858000000000004,
2026-09-18T05:26:00.000-04:00,47.786,
2026-09-18T05:27:00.000-04:00,47.426,
2026-09-18T05:28:00.000-04:00,47.075,
2026-09-18T05:29:00.000-04:00,47.650999999999996,
2026-09-18T05:30:00.000-04:00,47.498000000000005,
2026-09-18T05:31:00.000-04:00,46.733000000000004,
2026-09-18T05:32:00.000-04:00,47.480000000000004,
2026-09-18T05:33:00.000-04:00,46.787,
2026-09-18T05:34:00.000-04:00,46.553,
2026-09-18T05:35:00.000-04:00,47.012,
2026-09-18T05:36:00.000-04:00,46.742,38.005
2026-09-18T05:37:00.000-04:00,47.048,
2026-09-18T05:38:00.000-04:00,47.39,
2026-09-18T05:39:00.000-04:00,46.958,
2026-09-18T05:40:00.000-04:00,46.418,
2026-09-18T05:41:00.000-04:00,46.742,
2026-09-18T05:42:00.000-04:00,46.706,
2026-09-18T05:43:00.000-04:00,46.328,
2026-09-18T05:44:00.000-04:00,47.156,
2026-09-18T05:45:00.000-04:00,46.445,38.005
2026-09-18T05:46:00.000-04:00,46.679,
2026-09-18T05:47:00.000-04:00,47.039,38.005
2026-09-18T05:48:00.000-04:00,46.364000000000004,
2026-09-18T05:49:00.000-04:00,46.247,
2026-09-18T05:50:00.000-04:00,46.31,
2026-09-18T05:51:00.000-04:00,46.922,38.005
2026-09-18T05:52:00.000-04:00,46.643,38.005
2026-09-18T05:53:00.000-04:00,45.806,
2026-09-18T05:54:00.000-04:00,46.571,38.005
2026-09-18T06:17:00.000-04:00,44.861000000000004,
2026-09-18T06:18:00.000-04:00,45.5,38.005
2026-09-18T06:19:00.000-04:00,45.239000000000004,
2026-09-18T06:20:00.000-04:00,45.131,
2026-09-18T06:21:00.000-04:00,45.707,
2026-09-18T06:22:00.000-04:00,44.978,
2026-09-18T06:23:00.000-04:00,45.077,
2026-09-18T06:24:00.000-04:00,44.753,
2026-09-18T06:25:00.000-04:00,44.456,
2026-09-18T06:26:00.000-04:00,44.342000000000006,38.005
2026-09-18T06:27:00.000-04:00,45.068,
2026-09-18T06:28:00.000-04:00,44.78,
2026-09-18T06:29:00.000-04:00,45.032,
2026-09-18T06:30:00.000-04:00,45.329,
2026-09-18T06:31:00.000-04:00,45.284,
2026-09-18T06:32:00.000-04:00,45.212,
2026-09-18T06:33:00.000-04:00,45.724999999999994,
2026-09-18T06:34:00.000-04:00,44.6,
2026-09-18T06:35:00.000-04:00,44.825,
2026-09-18T06:36:00.000-04:00,44.230999999999995,
2026-09-18T06:37:00.000-04:00,44.564,
2026-09-18T06:38:00.000-04:00,43.898,
2026-09-18T06:39:00.000-04:00,43.835,
2026-09-18T06:40:00.000-04:00,44.339,
2026-09-18T06:41:00.000-04:00,43.817,
2026-09-18T06:42:00.000-04:00,44.654,38.005
2026-09-18T06:43:00.000-04:00,43.897999999999996,
2026-09-18T06:44:00.000-04:00,44.537,
2026-09-18T06:45:00.000-04:00,44.24,
2026-09-18T06:46:00.000-04:00,43.997,
2026-09-18T06:47:00.000-04:00,44.924,
2026-09-18T06:48:00.000-04:00,43.691,
2026-09-18T06:49:00.000-04:00,43.879999999999995,
2026-09-18T06:50:00.000-04:00,44.096000000000004,
2026-09-18T06:51:00.000-04:00,44.861000000000004,
2026-09-18T06:52:00.000-04:00,45.527,38.005
2026-09-18T06:53:00.000-04:00,44.816,
2026-09-18T06:54:00.000-04:00,45.464,
2026-09-18T06:55:00.000-04:00,45.176,
2026-09-18T06:56:00.000-04:00,45.977000000000004,
2026-09-18T06:57:00.000-04:00,45.086,
2026-09-18T06:58:00.000-04:00,45.464,
2026-09-18T06:59:00.000-04:00,45.662000000000006,
2026-09-18T07:00:00.000-04:00,45.734,38.005
2026-09-18T07:01:00.000-04:00,45.752,
2026-09-18T07:02:00.000-04:00,46.153999999999996,38.005
2026-09-18T07:03:00.000-04:00,44.995999999999995,
2026-09-18T07:04:00.000-04:00,46.238,
2026-09-18T07:05:00.000-04:00,46.04,38.005
2026-09-18T07:06:00.000-04:00,45.797,
2026-09-18T07:07:00.000-04:00,46.346,38.005
2026-09-18T07:08:00.000-04:00,46.193,
2026-09-18T07:09:00.000-04:00,45.941,
2026-09-18T07:10:00.000-04:00,45.626,
2026-09-18T07:11:00.000-04:00,46.598,
2026-09-18T07:12:00.000-04:00,46.52,38.005
2026-09-18T07:13:00.000-04:00,46.571,
2026-09-18T07:14:00.000-04:00,46.166,
2026-09-18T07:15:00.000-04:00,46.466,38.005
2026-09-18T07:16:00.000-04:00,46.211,
2026-09-18T07:17:00.000-04:00,46.409,
2026-09-18T07:18:00.000-04:00,45.743,
2026-09-18T07:19:00.000-04:00,46.553,
2026-09-18T07:20:00.000-04:00,46.283,
2026-09-18T07:21:00.000-04:00,46.715,
2026-09-18T07:22:00.000-04:00,46.238,
2026-09-18T07:23:00.000-04:00,46.418,
2026-09-18T07:24:00.000-04:00,46.598,
2026-09-18T07:25:00.000-04:00,46.787,38.005
2026-09-18T07:26:00.000-04:00,46.796,
2026-09-18T07:27:00.000-04:00,46.454,38.005
2026-09-18T07:28:00.000-04:00,46.823,
2026-09-18T07:29:00.000-04:00,47.336,
2026-09-18T07:30:00.000-04:00,46.652,
2026-09-18T07:31:00.000-04:00,46.58,
2026-09-18T07:32:00.000-04:00,46.373000000000005,38.005
2026-09-18T07:33:00.000-04:00,47.039,
2026-09-18T07:34:00.000-04:00,46.706,
2026-09-18T07:35:00.000-04:00,46.706,
2026-09-18T07:36:00.000-04:00,47.174,38.005
2026-09-18T07:37:00.000-04:00,47.714,38.005
2026-09-18T07:38:00.000-04:00,46.697,
2026-09-18T07:39:00.000-04:00,47.156,
2026-09-18T07:40:00.000-04:00,47.345,
2026-09-18T07:41:00.000-04:00,47.084,
2026-09-18T07:42:00.000-04:00,46.904,
2026-09-18T07:43:00.000-04:00,47.581999999999994,38.005
2026-09-18T07:44:00.000-04:00,47.227999999999994,38.005
2026-09-18T07:45:00.000-04:00,47.3,
2026-09-18T07:46:00.000-04:00,47.3,
2026-09-18T07:47:00.000-04:00,47.228,
2026-09-18T07:48:00.000-04:00,47.453,38.005
2026-09-18T07:49:00.000-04:00,47.804,
2026-09-18T07:50:00.000-04:00,47.732,
2026-09-18T07:51:00.000-04:00,47.399,38.005
2026-09-18T07:52:00.000-04:00,47.804,38.005
2026-09-18T07:53:00.000-04:00,48.065,
2026-09-18T07:54:00.000-04:00,48.191,
2026-09-18T07:55:00.000-04:00,48.425,38.005
2026-09-18T07:56:00.000-04:00,48.028999999999996,
2026-09-18T07:57:00.000-04:00,48.695,
2026-09-18T07:58:00.000-04:00,47.948,38.005
2026-09-18T07:59:00.000-04:00,48.001999999999995,
2026-09-18T08:00:00.000-04:00,48.992,38.005
2026-09-18T08:01:00.000-04:00,47.948,
2026-09-18T08:02:00.000-04:00,48.92,
2026-09-18T08:03:00.000-04:00,49.028,
2026-09-18T08:04:00.000-04:00,49.244,38.005
2026-09-18T08:05:00.000-04:00,48.758,
2026-09-18T08:06:00.000-04:00,49.442,
2026-09-18T08:07:00.000-04:00,48.695,
2026-09-18T08:08:00.000-04:00,48.218,38.005
2026-09-18T08:09:00.000-04:00,49.226,
2026-09-18T08:10:00.000-04:00,48.416,
2026-09-18T08:11:00.000-04:00,49.199,
2026-09-18T08:12:00.000-04:00,48.721999999999994,
2026-09-18T08:13:00.000-04:00,49.55,
2026-09-18T08:14:00.000-04:00,48.812000000000005,38.005
2026-09-18T08:15:00.000-04:00,49.676,38.005
2026-09-18T08:16:00.000-04:00,49.541,
2026-09-18T08:17:00.000-04:00,49.46,
2026-09-18T08:18:00.000-04:00,49.436,38.005
2026-09-18T08:19:00.000-04:00,49.388,
2026-09-18T08:20:00.000-04:00,49.586,
2026-09-18T08:21:00.000-04:00,49.397,
2026-09-18T08:22:00.000-04:00,49.064,
2026-09-18T08:23:00.000-04:00,49.676,
2026-09-18T08:24:00.000-04:00,49.541,
2026-09-18T08:25:00.000-04:00,49.442,
2026-09-18T08:26:00.000-04:00,49.937,
2026-09-18T08:27:00.000-04:00,49.882999999999996,
2026-09-18T08:28:00.000-04:00,49.919,
2026-09-18T08:29:00.000-04:00,49.900999999999996,
2026-09-18T08:30:00.000-04:00,50.036,
2026-09-18T08:31:00.000-04:00,49.298,
2026-09-18T08:32:00.000-04:00,49.658,38.005
2026-09-18T08:33:00.000-04:00,50.081,
2026-09-18T08:34:00.000-04:00,49.964,
2026-09-18T08:35:00.000-04:00,50.269999999999996,
2026-09-18T08:36:00.000-04:00,50.099000000000004,
2026-09-18T08:37:00.000-04:00,50.684,
2026-09-18T08:38:00.000-04:00,50.324,
2026-09-18T08:39:00.000-04:00,50.306,
2026-09-18T08:40:00.000-04:00,50.660000000000004,38.005
2026-09-18T08:41:00.000-04:00,50.423,
2026-09-18T08:42:00.000-04:00,49.811,
2026-09-18T08:43:00.000-04:00,50.036,
2026-09-18T08:44:00.000-04:00,50.567,38.005
2026-09-18T08:45:00.000-04:00,50.468,
2026-09-18T08:46:00.000-04:00,50.258,38.005
2026-09-18T08:47:00.000-04:00,50.54900000000001,
2026-09-18T08:48:00.000-04:00,50.585,
2026-09-18T09:09:00.000-04:00,51.764,
2026-09-18T10:05:00.000-04:00,54.788,
2026-09-18T10:06:00.000-04:00,55.274,
2026-09-18T10:07:00.000-04:00,54.428,
2026-09-18T10:08:00.000-04:00,55.352000000000004,38.005
2026-09-18T10:09:00.000-04:00,55.138999999999996,
2026-09-18T10:10:00.000-04:00,54.68,
2026-09-18T10:11:00.000-04:00,55.076,38.005
2026-09-18T10:12:00.000-04:00,54.896,
2026-09-18T10:13:00.000-04:00,54.446,38.005
2026-09-18T10:14:00.000-04:00,54.446,38.005
2026-09-18T10:15:00.000-04:00,53.573,
2026-09-18T10:16:00.000-04:00,52.979,
2026-09-18T10:17:00.000-04:00,52.897999999999996,
2026-09-18T10:18:00.000-04:00,53.213,
2026-09-18T10:19:00.000-04:00,53.33,
2026-09-18T10:20:00.000-04:00,52.925,
2026-09-18T10:21:00.000-04:00,52.016000000000005,
2026-09-18T10:22:00.000-04:00,52.772000000000006,
2026-09-18T10:23:00.000-04:00,52.772,38.005
2026-09-18T10:24:00.000-04:00,52.682,
2026-09-18T10:25:00.000-04:00,53.231,
2026-09-18T10:26:00.000-04:00,53.06,
2026-09-18T10:27:00.000-04:00,53.285,
2026-09-18T10:28:00.000-04:00,53.159,
2026-09-18T10:29:00.000-04:00,53.195,
2026-09-18T10:30:00.000-04:00,52.7,
2026-09-18T10:31:00.000-04:00,52.178,
2026-09-18T10:32:00.000-04:00,52.105999999999995,
2026-09-18T10:33:00.000-04:00,52.826,
2026-09-18T10:34:00.000-04:00,53.20399999999999,
2026-09-18T10:35:00.000-04:00,53.411,
2026-09-18T10:36:00.000-04:00,53.132000000000005,
2026-09-18T10:37:00.000-04:00,52.664,
2026-09-18T10:38:00.000-04:00,51.908,38.005
2026-09-18T10:39:00.000-04:00,52.682,38.005
2026-09-18T10:40:00.000-04:00,52.501999999999995,
2026-09-18T10:41:00.000-04:00,51.764,
2026-09-18T10:42:00.000-04:00,52.28,38.005
2026-09-18T10:43:00.000-04:00,52.322,
2026-09-18T10:44:00.000-04:00,52.88,
2026-09-18T10:45:00.000-04:00,52.439,
2026-09-18T10:46:00.000-04:00,52.52,
2026-09-18T10:47:00.000-04:00,52.492999999999995,
2026-09-18T10:48:00.000-04:00,52.466,38.005
2026-09-18T10:49:00.000-04:00,53.375,
2026-09-18T10:50:00.000-04:00,51.8,
2026-09-18T10:51:00.000-04:00,52.268,38.005
2026-09-18T10:52:00.000-04:00,52.313,
2026-09-18T10:53:00.000-04:00,52.7,
2026-09-18T10:54:00.000-04:00,52.196,
2026-09-18T10:55:00.000-04:00,51.719,
2026-09-18T10:56:00.000-04:00,52.844,
2026-09-18T10:57:00.000-04:00,53.105000000000004,
2026-09-18T10:58:00.000-04:00,52.97,
2026-09-18T10:59:00.000-04:00,53.186,
2026-09-18T11:00:00.000-04:00,52.637,
2026-09-18T11:01:00.000-04:00,53.051,
2026-09-18T11:02:00.000-04:00,52.016,
2026-09-18T11:03:00.000-04:00,52.538,
2026-09-18T11:04:00.000-04:00,52.772,
2026-09-18T11:05:00.000-04:00,51.845,
2026-09-18T11:06:00.000-04:00,53.186,38.005
2026-09-18T11:07:00.000-04:00,52.07,
2026-09-18T11:08:00.000-04:00,52.403,38.005
2026-09-18T11:09:00.000-04:00,52.466,
2026-09-18T11:10:00.000-04:00,52.268,
2026-09-18T11:31:00.000-04:00,52.592,
2026-09-18T11:35:00.000-04:00,51.638,
2026-09-18T11:36:00.000-04:00,51.458,
2026-09-18T12:01:00.000-04:00,50.99,
2026-09-18T12:03:00.000-04:00,52.844,38.005
2026-09-18T12:06:00.000-04:00,52.736,
2026-09-18T12:09:00.000-04:00,53.222,
2026-09-18T12:10:00.000-04:00,52.565,
2026-09-18T12:11:00.000-04:00,52.772,
2026-09-18T12:12:00.000-04:00,52.861999999999995,
2026-09-18T12:38:00.000-04:00,52.034,
2026-09-18T12:57:00.000-04:00,52.214,
2026-09-18T12:58:00.000-04:00,54.14,38.005
2026-09-18T12:59:00.000-04:00,55.328,
2026-09-18T13:05:00.000-04:00,53.672,
2026-09-18T13:06:00.000-04:00,55.034,38.005
2026-09-18T13:31:00.000-04:00,53.762,
2026-09-18T13:32:00.000-04:00,53.276,
2026-09-18T13:33:00.000-04:00,52.88,
2026-09-18T13:40:00.000-04:00,53.33,
2026-09-18T13:43:00.000-04:00,54.068,
2026-09-18T13:44:00.000-04:00,54.013999999999996,38.005
2026-09-18T15:35:00.000-04:00,52.124,
2026-09-18T17:53:00.000-04:00,51.872,
2026-09-18T17:54:00.000-04:00,52.79,38.005
2026-09-18T17:55:00.000-04:00,52.988,
2026-09-18T17:56:00.000-04:00,53.735,
2026-09-18T17:57:00.000-04:00,54.257,
2026-09-18T17:58:00.000-04:00,55.04,
2026-09-18T17:59:00.000-04:00,55.238,
2026-09-18T18:04:00.000-04:00,54.644,
2026-09-18T18:16:00.000-04:00,53.69,
2026-09-19T05:44:00.000-04:00,49.676,
2026-09-19T05:45:00.000-04:00,49.748,38.005
2026-09-19T05:46:00.000-04:00,49.586,38.005
2026-09-19T05:49:00.000-04:00,49.289,38.005
2026-09-19T05:50:00.000-04:00,49.226,
2026-09-19T05:51:00.000-04:00,49.568,38.005
2026-09-19T05:52:00.000-04:00,48.632,
2026-09-19T05:57:00.000-04:00,49.586,38.005
2026-09-19T05:59:00.000-04:00,49.01,
2026-09-19T06:00:00.000-04:00,49.604,38.005
2026-09-19T06:02:00.000-04:00,48.632,38.005
2026-09-19T06:04:00.000-04:00,48.254000000000005,38.005
2026-09-19T06:07:00.000-04:00,48.812,
2026-09-19T06:08:00.000-04:00,47.966,
2026-09-19T06:09:00.000-04:00,48.38,
2026-09-19T06:10:00.000-04:00,48.191,
2026-09-19T06:11:00.000-04:00,48.416,
2026-09-19T06:12:00.000-04:00,48.614,38.005
2026-09-19T06:13:00.000-04:00,48.326,38.005
2026-09-19T06:22:00.000-04:00,47.282,
2026-09-19T06:23:00.000-04:00,47.75,38.005
2026-09-19T06:24:00.000-04:00,47.696,
2026-09-19T06:26:00.000-04:00,47.492,38.005
2026-09-19T06:30:00.000-04:00,48.128,38.005
2026-09-19T06:36:00.000-04:00,47.426,
2026-09-19T06:43:00.000-04:00,47.246,
2026-09-19T06:54:00.000-04:00,45.788,38.005
2026-09-19T07:05:00.000-04:00,45.59,
2026-09-19T07:12:00.000-04:00,46.175,
2026-09-19T07:13:00.000-04:00,45.275,
2026-09-19T07:14:00.000-04:00,46.274,38.005
2026-09-19T07:18:00.000-04:00,45.356,
2026-09-19T07:19:00.000-04:00,46.778,38.005
2026-09-19T07:20:00.000-04:00,46.004,
2026-09-19T07:26:00.000-04:00,46.256,
2026-09-19T07:41:00.000-04:00,45.518,
2026-09-19T07:42:00.000-04:00,45.751999999999995,38.005
2026-09-19T07:43:00.000-04:00,46.166,
2026-09-19T07:44:00.000-04:00,45.923,
2026-09-19T07:45:00.000-04:00,45.788,
2026-09-19T07:46:00.000-04:00,44.732,38.005
2026-09-19T07:47:00.000-04:00,45.662,
2026-09-19T07:48:00.000-04:00,45.95,
2026-09-19T07:49:00.000-04:00,45.391999999999996,
2026-09-19T07:50:00.000-04:00,45.230000000000004,38.005
2026-09-19T07:51:00.000-04:00,45.482,
2026-09-19T07:52:00.000-04:00,45.158,
2026-09-19T07:53:00.000-04:00,45.374,38.005
2026-09-19T08:01:00.000-04:00,46.58,
2026-09-19T08:02:00.000-04:00,46.364000000000004,
2026-09-19T08:03:00.000-04:00,45.626,
2026-09-19T08:04:00.000-04:00,45.5,
2026-09-19T08:05:00.000-04:00,46.111999999999995,
2026-09-19T08:06:00.000-04:00,45.95,
2026-09-19T08:07:00.000-04:00,46.301,38.005
2026-09-19T08:08:00.000-04:00,46.616,
2026-09-19T08:09:00.000-04:00,46.454,
2026-09-19T08:14:00.000-04:00,47.588,
2026-09-19T08:15:00.000-04:00,46.49,
2026-09-19T08:18:00.000-04:00,46.994,
2026-09-19T08:20:00.000-04:00,46.802,38.005
2026-09-19T08:21:00.000-04:00,46.742000000000004,
2026-09-19T08:22:00.000-04:00,47.093,
2026-09-19T08:23:00.000-04:00,47.228,
2026-09-19T08:24:00.000-04:00,47.21,
2026-09-19T08:26:00.000-04:00,47.282,38.005
2026-09-19T08:29:00.000-04:00,46.994,38.005
2026-09-19T08:36:00.000-04:00,48.038,
2026-09-19T08:39:00.000-04:00,48.308,
2026-09-19T08:42:00.000-04:00,48.605,
2026-09-19T08:44:00.000-04:00,48.65,38.005
2026-09-19T08:45:00.000-04:00,47.894,38.005
2026-09-19T08:50:00.000-04:00,48.587,
2026-09-19T08:53:00.000-04:00,48.506,
2026-09-19T08:54:00.000-04:00,48.866,
2026-09-19T08:55:00.000-04:00,48.335,
2026-09-19T08:56:00.000-04:00,49.316,
2026-09-19T08:57:00.000-04:00,49.19,38.005
2026-09-19T08:58:00.000-04:00,48.677,
2026-09-19T08:59:00.000-04:00,49.144999999999996,
2026-09-19T09:00:00.000-04:00,48.056,
2026-09-19T09:07:00.000-04:00,49.028,
2026-09-19T09:08:00.000-04:00,49.181,38.005
2026-09-19T09:15:00.000-04:00,50.234,38.005
2026-09-19T09:21:00.000-04:00,49.622,38.005
2026-09-19T09:22:00.000-04:00,49.928,
2026-09-19T09:23:00.000-04:00,49.226,
2026-09-19T09:25:00.000-04:00,49.982,
2026-09-19T09:56:00.000-04:00,50.45,38.005
2026-09-19T09:57:00.000-04:00,50.756,38.005
2026-09-19T10:18:00.000-04:00,50.36,
2026-09-19T10:19:00.000-04:00,50.576,38.005
2026-09-19T10:23:00.000-04:00,50.963,38.005
2026-09-19T10:31:00.000-04:00,50.567,
2026-09-19T10:35:00.000-04:00,50.666,
2026-09-19T10:38:00.000-04:00,50.45,
2026-09-19T10:39:00.000-04:00,50.54,38.005
2026-09-19T10:40:00.000-04:00,51.341,38.005
2026-09-19T10:43:00.000-04:00,51.494,38.005
2026-09-19T10:46:00.000-04:00,51.476,38.005
2026-09-19T10:47:00.000-04:00,50.846,38.005
2026-09-19T10:51:00.000-04:00,50.828,
2026-09-19T10:52:00.000-04:00,51.332,
2026-09-19T10:56:00.000-04:00,51.494,
2026-09-19T10:58:00.000-04:00,51.692,
2026-09-19T11:00:00.000-04:00,51.44,
2026-09-19T11:01:00.000-04:00,51.44,
2026-09-19T11:03:00.000-04:00,51.665000000000006,
2026-09-19T11:04:00.000-04:00,52.016,
2026-09-19T11:05:00.000-04:00,51.17,
2026-09-19T11:06:00.000-04:00,51.71,
2026-09-19T11:07:00.000-04:00,51.385999999999996,
2026-09-19T11:08:00.000-04:00,52.178,38.005
2026-09-19T11:09:00.000-04:00,52.178,
2026-09-19T11:10:00.000-04:00,51.602,38.005
2026-09-19T11:11:00.000-04:00,51.512,38.005
2026-09-19T11:28:00.000-04:00,52.106,38.005
2026-09-19T11:32:00.000-04:00,51.998,
2026-09-19T11:35:00.000-04:00,53.078,38.005
2026-09-19T11:37:00.000-04:00,52.637,
2026-09-19T11:40:00.000-04:00,53.006,
2026-09-19T11:44:00.000-04:00,51.116,
2026-09-19T11:45:00.000-04:00,51.134,38.005
2026-09-19T11:49:00.000-04:00,50.252,38.005
2026-09-19T11:51:00.000-04:00,50.234,
2026-09-19T11:53:00.000-04:00,50.702,
2026-09-19T11:56:00.000-04:00,50.0,38.005
2026-09-19T12:00:00.000-04:00,50.918,
2026-09-19T12:01:00.000-04:00,50.27,
2026-09-19T12:06:00.000-04:00,50.072,
2026-09-19T12:07:00.000-04:00,49.766,38.005
2026-09-19T12:09:00.000-04:00,49.748,
2026-09-19T12:12:00.000-04:00,50.0,
2026-09-19T12:13:00.000-04:00,49.622,38.005
2026-09-19T12:17:00.000-04:00,49.352,
2026-09-19T12:18:00.000-04:00,49.118,38.005
2026-09-19T12:19:00.000-04:00,49.73,38.005
2026-09-19T12:23:00.000-04:00,49.964,
2026-09-19T12:27:00.000-04:00,49.442,38.005
2026-09-19T12:31:00.000-04:00,50.288,
2026-09-19T12:42:00.000-04:00,49.388,
2026-09-19T12:44:00.000-04:00,48.938,
2026-09-19T12:45:00.000-04:00,49.694,
2026-09-19T12:47:00.000-04:00,48.47,
2026-09-19T12:51:00.000-04:00,49.28,
2026-09-19T12:54:00.000-04:00,48.758,
2026-09-19T12:58:00.000-04:00,48.299,38.005
2026-09-19T13:01:00.000-04:00,47.642,
2026-09-19T13:08:00.000-04:00,48.038,
2026-09-19T13:09:00.000-04:00,47.426,
2026-09-19T13:10:00.000-04:00,46.994,38.005
2026-09-19T13:11:00.000-04:00,47.669,
2026-09-19T13:12:00.000-04:00,47.507000000000005,
2026-09-19T13:15:00.000-04:00,48.614,38.005
2026-09-19T13:17:00.000-04:00,47.48,38.005
2026-09-19T13:18:00.000-04:00,47.444,38.005
2026-09-19T13:24:00.000-04:00,48.542,38.005
2026-09-20T01:23:00.000-04:00,46.4,
2026-09-20T01:27:00.000-04:00,46.202,
2026-09-20T01:31:00.000-04:00,45.392,
2026-09-20T08:05:00.000-04:00,50.99,
2026-09-20T08:06:00.000-04:00,50.639,
2026-09-20T08:07:00.000-04:00,50.936,38.005
2026-09-20T08:20:00.000-04:00,50.288,
2026-09-20T09:08:00.000-04:00,47.588,38.005
2026-09-20T09:10:00.000-04:00,47.624,38.005
2026-09-20T09:16:00.000-04:00,46.94,38.005
2026-09-20T09:27:00.000-04:00,47.444,
2026-09-20T09:28:00.000-04:00,47.345,
2026-09-20T09:39:00.000-04:00,46.976,38.005
2026-09-20T09:40:00.000-04:00,46.742,38.005
2026-09-20T09:41:00.000-04:00,46.13,
2026-09-20T09:42:00.000-04:00,47.318,
2026-09-20T09:43:00.000-04:00,47.066,38.005
2026-09-20T09:44:00.000-04:00,47.462,
2026-09-20T09:53:00.000-04:00,46.454,
2026-09-20T09:54:00.000-04:00,46.202,
2026-09-20T09:55:00.000-04:00,46.562,
2026-09-20T09:56:00.000-04:00,46.328,38.005
2026-09-20T09:57:00.000-04:00,45.914,
2026-09-20T09:58:00.000-04:00,46.283,38.005
2026-09-20T09:59:00.000-04:00,46.274,
2026-09-20T10:00:00.000-04:00,46.472,38.005
2026-09-20T10:01:00.000-04:00,46.004,
2026-09-20T11:37:00.000-04:00,46.652,
2026-09-20T11:51:00.000-04:00,47.696,
2026-09-20T12:29:00.000-04:00,49.334,38.005
2026-09-20T12:30:00.000-04:00,49.334,
2026-09-20T12:46:00.000-04:00,49.514,
2026-09-20T12:52:00.000-04:00,49.28,
2026-09-20T13:00:00.000-04:00,50.0,38.005
2026-09-20T13:10:00.000-04:00,50.162,
2026-09-20T13:17:00.000-04:00,49.676,
2026-09-20T13:23:00.000-04:00,50.324,38.005
2026-09-20T13:26:00.000-04:00,50.828,
2026-09-20T13:30:00.000-04:00,51.404,
2026-09-20T13:33:00.000-04:00,51.242,
2026-09-20T13:34:00.000-04:00,50.612,
2026-09-20T13:35:00.000-04:00,51.044,
2026-09-20T13:39:00.000-04:00,51.026,
2026-09-20T13:40:00.000-04:00,51.728,38.005
2026-09-20T14:09:00.000-04:00,52.142,
2026-09-20T15:09:00.000-04:00,53.186,
2026-09-21T08:24:00.000-04:00,50.018,38.005
2026-09-21T08:27:00.000-04:00,51.602,38.005
2026-09-21T08:28:00.000-04:00,51.332,
2026-09-21T09:14:00.000-04:00,53.6,
2026-09-21T09:22:00.000-04:00,54.77,38.005
2026-09-21T09:27:00.000-04:00,53.294,
2026-09-21T09:40:00.000-04:00,52.682,
2026-09-21T09:41:00.000-04:00,53.24,
2026-09-21T12:28:00.000-04:00,47.174,
2026-09-21T12:40:00.000-04:00,47.102,
2026-09-21T12:59:00.000-04:00,46.706,
2026-09-21T13:11:00.000-04:00,46.49,
2026-09-21T13:26:00.000-04:00,47.048,
2026-09-21T14:00:00.000-04:00,46.94,
2026-09-21T14:43:00.000-04:00,46.652,
2026-09-21T14:44:00.000-04:00,46.7555,
2026-09-21T15:41:00.000-04:00,45.05,
2026-09-21T16:33:00.000-04:00,45.734,38.005
2026-09-21T17:16:00.000-04:00,44.294,38.005
2026-09-21T17:17:00.000-04:00,44.24,
2026-09-22T08:08:00.000-04:00,50.954,38.005
2026-09-22T08:17:00.000-04:00,50.828,
2026-09-22T08:18:00.000-04:00,51.188,38.005
2026-09-22T08:20:00.000-04:00,51.358999999999995,
2026-09-22T08:21:00.000-04:00,51.044,38.005
2026-09-22T08:22:00.000-04:00,51.26,
2026-09-22T08:23:00.000-04:00,51.025999999999996,
2026-09-22T08:24:00.000-04:00,51.188,
2026-09-22T08:25:00.000-04:00,51.11600000000001,38.005
2026-09-22T08:26:00.000-04:00,50.864,
2026-09-22T08:27:00.000-04:00,50.954,
2026-09-22T08:28:00.000-04:00,51.188,
2026-09-22T08:29:00.000-04:00,52.331,38.005
2026-09-22T08:30:00.000-04:00,51.512,
2026-09-22T08:31:00.000-04:00,52.124,
2026-09-22T08:32:00.000-04:00,51.926,
2026-09-22T08:38:00.000-04:00,51.791,38.005
2026-09-22T08:39:00.000-04:00,52.043,
2026-09-22T08:40:00.000-04:00,51.944,38.005
2026-09-22T08:41:00.000-04:00,52.016,
2026-09-22T08:42:00.000-04:00,52.061,38.005
2026-09-22T08:43:00.000-04:00,51.845,
2026-09-22T08:44:00.000-04:00,51.727999999999994,38.005
2026-09-22T08:45:00.000-04:00,50.9,38.005
2026-09-22T08:46:00.000-04:00,51.908,38.005
2026-09-22T08:47:00.000-04:00,51.620000000000005,
2026-09-22T08:48:00.000-04:00,52.43,38.005
2026-09-22T08:49:00.000-04:00,51.584,38.005
2026-09-22T08:50:00.000-04:00,51.953,
2026-09-22T08:51:00.000-04:00,52.16,
2026-09-22T08:52:00.000-04:00,52.322,
2026-09-22T08:53:00.000-04:00,51.701,
2026-09-22T08:54:00.000-04:00,51.935,
2026-09-22T08:55:00.000-04:00,52.106,38.005
2026-09-22T08:56:00.000-04:00,52.772,
2026-09-22T08:57:00.000-04:00,52.754,
2026-09-22T08:58:00.000-04:00,52.106,
2026-09-22T08:59:00.000-04:00,51.989000000000004,
2026-09-22T09:00:00.000-04:00,52.583,
2026-09-22T09:01:00.000-04:00,52.574,
2026-09-22T09:02:00.000-04:00,52.259,
2026-09-22T09:03:00.000-04:00,52.016,
2026-09-22T09:04:00.000-04:00,51.8,38.005
2026-09-22T09:05:00.000-04:00,52.475,38.005
2026-09-22T09:06:00.000-04:00,52.601,
2026-09-22T09:07:00.000-04:00,52.448,
2026-09-22T09:08:00.000-04:00,52.466,
2026-09-22T09:09:00.000-04:00,52.088,
2026-09-22T09:10:00.000-04:00,52.745,
2026-09-22T09:11:00.000-04:00,52.141999999999996,
2026-09-22T09:12:00.000-04:00,52.619,
2026-09-22T09:13:00.000-04:00,52.385000000000005,
2026-09-22T09:14:00.000-04:00,51.908,
2026-09-22T09:15:00.000-04:00,51.818,
2026-09-22T09:16:00.000-04:00,52.62200000000001,38.005
2026-09-22T09:17:00.000-04:00,52.601,
2026-09-22T09:18:00.000-04:00,52.178,
2026-09-22T09:19:00.000-04:00,52.682,38.005
2026-09-22T09:20:00.000-04:00,52.511,
2026-09-22T09:21:00.000-04:00,51.944,
2026-09-22T09:22:00.000-04:00,52.232,
2026-09-22T09:23:00.000-04:00,52.754,
2026-09-22T09:24:00.000-04:00,52.61,38.005
2026-09-22T09:25:00.000-04:00,53.024,
2026-09-22T09:26:00.000-04:00,52.664,
2026-09-22T09:27:00.000-04:00,51.71,38.005
2026-09-22T09:28:00.000-04:00,52.124,
2026-09-22T09:29:00.000-04:00,52.478,38.005
2026-09-22T09:30:00.000-04:00,51.998000000000005,
2026-09-22T09:31:00.000-04:00,50.828,
2026-09-22T09:32:00.000-04:00,49.856,
2026-09-22T09:33:00.000-04:00,49.622,38.005
2026-09-22T09:34:00.000-04:00,49.676,38.005
2026-09-22T09:35:00.000-04:00,49.82,
2026-09-22T09:36:00.000-04:00,49.424,38.005
2026-09-22T09:37:00.000-04:00,49.568,
2026-09-22T09:38:00.000-04:00,49.379000000000005,
2026-09-22T09:39:00.000-04:00,49.271,
2026-09-22T09:40:00.000-04:00,49.28,
2026-09-22T09:41:00.000-04:00,49.073,
2026-09-22T09:42:00.000-04:00,48.785,38.005
2026-09-22T09:43:00.000-04:00,48.83,38.005
2026-09-22T09:44:00.000-04:00,48.668,
2026-09-22T09:45:00.000-04:00,49.253,
2026-09-22T09:47:00.000-04:00,48.370999999999995,38.005
2026-09-22T09:48:00.000-04:00,48.236000000000004,
2026-09-22T09:49:00.000-04:00,47.650999999999996,
2026-09-22T09:50:00.000-04:00,47.983999999999995,
2026-09-22T09:51:00.000-04:00,48.218,
2026-09-22T09:52:00.000-04:00,48.434,38.005
2026-09-22T09:53:00.000-04:00,47.614999999999995,
2026-09-22T09:54:00.000-04:00,47.318,
2026-09-22T09:55:00.000-04:00,47.798,38.005
2026-09-22T09:56:00.000-04:00,48.065,
2026-09-22T09:57:00.000-04:00,47.507000000000005,
2026-09-22T09:58:00.000-04:00,47.246,
2026-09-22T09:59:00.000-04:00,48.137,38.005
2026-09-22T10:00:00.000-04:00,48.182,
2026-09-22T10:01:00.000-04:00,47.272999999999996,
2026-09-22T10:02:00.000-04:00,48.019999999999996,
2026-09-22T10:03:00.000-04:00,47.21,
2026-09-22T10:04:00.000-04:00,47.48,
2026-09-22T10:05:00.000-04:00,47.096000000000004,38.005
2026-09-22T10:06:00.000-04:00,47.417,
2026-09-22T10:07:00.000-04:00,47.669,
2026-09-22T10:08:00.000-04:00,47.876,
2026-09-22T10:09:00.000-04:00,48.047,
2026-09-22T10:10:00.000-04:00,48.047,
2026-09-22T10:11:00.000-04:00,47.354,
2026-09-22T10:12:00.000-04:00,47.354,
2026-09-22T10:13:00.000-04:00,47.012,38.005
2026-09-22T10:14:00.000-04:00,47.057,
2026-09-22T10:15:00.000-04:00,48.11,
2026-09-22T10:16:00.000-04:00,47.84,
2026-09-22T10:17:00.000-04:00,47.354,
2026-09-22T10:18:00.000-04:00,47.66,
2026-09-22T10:19:00.000-04:00,47.759,
2026-09-22T10:20:00.000-04:00,47.372,
2026-09-22T10:21:00.000-04:00,47.974999999999994,
2026-09-22T10:22:00.000-04:00,47.48,
2026-09-22T10:23:00.000-04:00,47.462,
2026-09-22T10:24:00.000-04:00,48.704,
2026-09-22T10:25:00.000-04:00,48.434,
2026-09-22T10:29:00.000-04:00,47.732,
2026-09-22T10:30:00.000-04:00,47.642,
2026-09-22T10:31:00.000-04:00,47.642,
2026-09-22T10:32:00.000-04:00,47.363,
2026-09-22T10:33:00.000-04:00,47.291,38.005
2026-09-22T10:34:00.000-04:00,47.759,
2026-09-22T10:35:00.000-04:00,48.416,
2026-09-22T10:36:00.000-04:00,47.804,
2026-09-22T10:37:00.000-04:00,48.146,
2026-09-22T10:38:00.000-04:00,47.867000000000004,38.005
2026-09-22T10:39:00.000-04:00,48.758,
2026-09-22T10:40:00.000-04:00,48.668,
2026-09-22T10:41:00.000-04:00,48.589999999999996,38.005
2026-09-22T10:42:00.000-04:00,48.488,
2026-09-22T10:43:00.000-04:00,49.1,
2026-09-22T10:44:00.000-04:00,48.925999999999995,38.005
2026-09-22T10:45:00.000-04:00,49.424,38.005
2026-09-22T10:46:00.000-04:00,48.632,
2026-09-22T10:47:00.000-04:00,49.73,
2026-09-22T10:48:00.000-04:00,48.578,
2026-09-22T10:49:00.000-04:00,48.974000000000004,
2026-09-22T10:50:00.000-04:00,48.479,
2026-09-22T10:51:00.000-04:00,47.903,
2026-09-22T10:52:00.000-04:00,49.001,
2026-09-22T10:53:00.000-04:00,49.532,
2026-09-22T10:54:00.000-04:00,49.649,
2026-09-22T10:55:00.000-04:00,48.686,
2026-09-22T10:56:00.000-04:00,48.992000000000004,
2026-09-22T10:57:00.000-04:00,47.984,
2026-09-22T10:58:00.000-04:00,47.948,
2026-09-22T10:59:00.000-04:00,48.272,
2026-09-22T11:00:00.000-04:00,47.623999999999995,38.005
2026-09-22T11:01:00.000-04:00,48.317,
2026-09-22T11:02:00.000-04:00,48.488,
2026-09-22T11:03:00.000-04:00,47.372,
2026-09-22T11:04:00.000-04:00,47.201,
2026-09-22T11:05:00.000-04:00,47.543,
2026-09-22T11:06:00.000-04:00,47.939,
2026-09-22T11:07:00.000-04:00,47.435,
2026-09-22T11:08:00.000-04:00,46.967,
2026-09-22T11:09:00.000-04:00,47.192,
2026-09-22T11:10:00.000-04:00,47.641999999999996,
2026-09-22T11:11:00.000-04:00,48.461,
2026-09-22T11:12:00.000-04:00,49.226,
2026-09-22T11:13:00.000-04:00,48.848,
2026-09-22T11:14:00.000-04:00,47.696,
2026-09-22T11:15:00.000-04:00,47.12,38.005
2026-09-22T11:16:00.000-04:00,46.976,
2026-09-22T11:17:00.000-04:00,47.774,38.005
2026-09-22T11:18:00.000-04:00,47.336,
2026-09-22T11:19:00.000-04:00,48.596000000000004,38.005
2026-09-22T11:20:00.000-04:00,47.696,
2026-09-22T11:21:00.000-04:00,47.246,38.005
2026-09-22T11:22:00.000-04:00,46.634,
2026-09-22T11:23:00.000-04:00,47.246,38.005
2026-09-22T11:24:00.000-04:00,47.066,
2026-09-22T11:25:00.000-04:00,46.418,
2026-09-22T11:26:00.000-04:00,46.598,
2026-09-22T11:27:00.000-04:00,46.436,
2026-09-22T11:28:00.000-04:00,46.507999999999996,
2026-09-22T11:29:00.000-04:00,46.868,38.005
2026-09-22T11:30:00.000-04:00,45.77,
2026-09-22T11:31:00.000-04:00,46.736,38.005
2026-09-22T11:32:00.000-04:00,46.913,
2026-09-22T11:33:00.000-04:00,45.851,
2026-09-22T11:34:00.000-04:00,46.472,
2026-09-22T11:35:00.000-04:00,46.868,38.005
2026-09-22T11:36:00.000-04:00,46.94,
2026-09-22T11:37:00.000-04:00,46.31,
2026-09-22T11:38:00.000-04:00,46.445,38.005
2026-09-22T11:39:00.000-04:00,46.07599999999999,
2026-09-22T11:40:00.000-04:00,47.066,
2026-09-22T11:41:00.000-04:00,47.228,38.005
2026-09-22T11:42:00.000-04:00,46.904,38.005
2026-09-22T11:43:00.000-04:00,46.229,
2026-09-22T11:44:00.000-04:00,46.076,
2026-09-22T11:45:00.000-04:00,46.787,
2026-09-22T11:46:00.000-04:00,46.436,
2026-09-22T11:47:00.000-04:00,46.07599999999999,
2026-09-22T11:48:00.000-04:00,46.382,
2026-09-22T11:49:00.000-04:00,45.797,38.005
2026-09-22T11:50:00.000-04:00,46.525999999999996,
2026-09-22T11:51:00.000-04:00,46.328,
2026-09-22T11:52:00.000-04:00,45.706999999999994,
2026-09-22T11:53:00.000-04:00,46.076,
2026-09-22T11:54:00.000-04:00,45.977000000000004,
2026-09-22T11:55:00.000-04:00,46.516999999999996,
2026-09-22T11:56:00.000-04:00,47.048,38.005
2026-09-22T11:57:00.000-04:00,46.418,
2026-09-22T11:58:00.000-04:00,46.85,
2026-09-22T11:59:00.000-04:00,45.707,
2026-09-22T12:00:00.000-04:00,46.526,
2026-09-22T12:01:00.000-04:00,46.094,
2026-09-22T12:02:00.000-04:00,46.823,
2026-09-22T12:03:00.000-04:00,46.858999999999995,
2026-09-22T12:04:00.000-04:00,46.967,
2026-09-22T12:05:00.000-04:00,46.886,
2026-09-22T12:06:00.000-04:00,46.61000000000001,38.005
2026-09-22T12:07:00.000-04:00,46.247,
2026-09-22T12:08:00.000-04:00,46.67,
2026-09-22T12:09:00.000-04:00,46.283,
2026-09-22T12:10:00.000-04:00,46.373000000000005,
2026-09-22T12:11:00.000-04:00,46.256,38.005
2026-09-22T12:12:00.000-04:00,45.788,
2026-09-22T12:13:00.000-04:00,46.589,
2026-09-22T12:14:00.000-04:00,46.418,
2026-09-22T12:15:00.000-04:00,45.932,
2026-09-22T12:16:00.000-04:00,46.373,38.005
2026-09-22T12:17:00.000-04:00,46.634,
2026-09-22T12:18:00.000-04:00,46.4,
2026-09-22T12:19:00.000-04:00,46.498999999999995,38.005
2026-09-22T12:20:00.000-04:00,46.067,
2026-09-22T12:21:00.000-04:00,46.616,
2026-09-22T12:22:00.000-04:00,46.256,
2026-09-22T12:23:00.000-04:00,45.968,
2026-09-22T12:24:00.000-04:00,46.256,
2026-09-22T12:25:00.000-04:00,45.932,
2026-09-22T12:26:00.000-04:00,46.571,
2026-09-22T12:27:00.000-04:00,46.22,
2026-09-22T12:28:00.000-04:00,45.518,38.005
2026-09-22T12:29:00.000-04:00,46.454,
2026-09-22T12:31:00.000-04:00,46.382,38.005
2026-09-22T12:50:00.000-04:00,47.552,38.005
2026-09-22T12:53:00.000-04:00,47.84,38.005
2026-09-22T13:08:00.000-04:00,45.914,
2026-09-22T13:09:00.000-04:00,46.193,
2026-09-22T13:10:00.000-04:00,46.724000000000004,
2026-09-22T13:11:00.000-04:00,47.714,38.005
2026-09-22T13:12:00.000-04:00,49.28,
2026-09-22T13:13:00.000-04:00,50.342,
2026-09-22T13:14:00.000-04:00,50.0,38.005
2026-09-22T13:15:00.000-04:00,48.746,38.005
2026-09-22T13:16:00.000-04:00,47.876,
2026-09-22T13:17:00.000-04:00,48.146,
2026-09-22T13:18:00.000-04:00,47.084,38.005
2026-09-22T13:19:00.000-04:00,46.562,
2026-09-22T13:20:00.000-04:00,47.111000000000004,
2026-09-22T13:21:00.000-04:00,47.192,
2026-09-22T13:22:00.000-04:00,46.949,
2026-09-22T13:23:00.000-04:00,46.688,
2026-09-22T13:24:00.000-04:00,46.858999999999995,
2026-09-22T13:25:00.000-04:00,47.075,
2026-09-22T13:26:00.000-04:00,46.841,
2026-09-22T13:27:00.000-04:00,45.968,
2026-09-22T13:28:00.000-04:00,46.625,38.005
2026-09-22T13:29:00.000-04:00,47.39,
2026-09-22T13:30:00.000-04:00,46.868,
2026-09-22T13:31:00.000-04:00,46.229,
2026-09-22T13:32:00.000-04:00,46.652,
2026-09-22T13:33:00.000-04:00,46.247,
2026-09-22T13:34:00.000-04:00,46.562,
2026-09-22T13:35:00.000-04:00,46.319,
2026-09-22T13:36:00.000-04:00,46.742,
2026-09-22T13:37:00.000-04:00,47.174,
2026-09-22T13:38:00.000-04:00,46.49,
2026-09-22T13:39:00.000-04:00,47.102,38.005
2026-09-22T13:40:00.000-04:00,46.724,38.005
2026-09-22T13:41:00.000-04:00,46.49,
2026-09-22T13:42:00.000-04:00,46.976,
2026-09-22T13:43:00.000-04:00,46.571,
2026-09-22T13:44:00.000-04:00,46.544,
2026-09-22T13:45:00.000-04:00,45.959,38.005
2026-09-22T13:46:00.000-04:00,46.256,38.005
2026-09-22T13:47:00.000-04:00,45.986000000000004,
2026-09-22T13:48:00.000-04:00,46.337,
2026-09-22T13:49:00.000-04:00,46.607,
2026-09-22T13:50:00.000-04:00,46.472,38.005
2026-09-22T13:51:00.000-04:00,46.472,
2026-09-22T13:52:00.000-04:00,46.616,
2026-09-22T13:53:00.000-04:00,46.436,38.005
2026-09-22T13:54:00.000-04:00,47.066,
2026-09-22T13:55:00.000-04:00,46.516999999999996,
2026-09-22T13:56:00.000-04:00,46.49,
2026-09-22T13:57:00.000-04:00,46.634,
2026-09-22T13:58:00.000-04:00,46.571,
2026-09-22T13:59:00.000-04:00,46.31,38.005
2026-09-22T14:00:00.000-04:00,45.869,
2026-09-22T14:01:00.000-04:00,45.995000000000005,
2026-09-22T14:02:00.000-04:00,45.941,
2026-09-22T14:03:00.000-04:00,46.346,
2026-09-22T14:04:00.000-04:00,46.76,38.005
2026-09-22T14:05:00.000-04:00,47.03,38.005
2026-09-22T14:06:00.000-04:00,46.796,
2026-09-22T14:07:00.000-04:00,46.616,
2026-09-22T14:08:00.000-04:00,46.625,
2026-09-22T14:09:00.000-04:00,46.418,38.005
2026-09-22T14:10:00.000-04:00,47.21,38.005
2026-09-22T14:11:00.000-04:00,47.156,38.005
2026-09-22T14:12:00.000-04:00,46.643,
2026-09-22T14:13:00.000-04:00,46.796,
2026-09-22T14:14:00.000-04:00,46.94,
2026-09-22T14:15:00.000-04:00,47.489000000000004,
2026-09-22T14:16:00.000-04:00,46.697,
2026-09-22T14:17:00.000-04:00,46.04,
2026-09-22T14:18:00.000-04:00,46.688,
2026-09-22T14:19:00.000-04:00,45.68,
2026-09-22T14:20:00.000-04:00,46.706,38.005
2026-09-22T14:21:00.000-04:00,45.626,38.005
2026-09-22T14:22:00.000-04:00,45.452,38.005
2026-09-22T14:23:00.000-04:00,46.688,
2026-09-22T14:24:00.000-04:00,46.94,38.005
2026-09-22T14:25:00.000-04:00,46.388000000000005,38.005
2026-09-22T14:26:00.000-04:00,46.697,
2026-09-22T14:27:00.000-04:00,46.418,
2026-09-22T14:28:00.000-04:00,46.462999999999994,
2026-09-22T14:29:00.000-04:00,46.022,38.005
2026-09-22T14:30:00.000-04:00,46.22,
2026-09-22T14:31:00.000-04:00,46.139,
2026-09-22T14:32:00.000-04:00,45.86,
2026-09-22T14:33:00.000-04:00,46.463,
2026-09-22T14:34:00.000-04:00,46.877,
2026-09-22T14:35:00.000-04:00,46.760000000000005,
2026-09-22T14:36:00.000-04:00,46.400000000000006,
2026-09-22T14:37:00.000-04:00,46.058,
2026-09-22T14:38:00.000-04:00,46.138999999999996,38.005
2026-09-22T14:39:00.000-04:00,46.769000000000005,
2026-09-22T14:40:00.000-04:00,46.526,
2026-09-22T14:41:00.000-04:00,45.91400000000001,38.005
2026-09-22T14:42:00.000-04:00,45.716,38.005
2026-09-22T14:43:00.000-04:00,46.067,
2026-09-22T14:44:00.000-04:00,46.373000000000005,
2026-09-22T14:45:00.000-04:00,46.328,
2026-09-22T14:46:00.000-04:00,45.896,
2026-09-22T14:47:00.000-04:00,45.887,
2026-09-22T14:48:00.000-04:00,45.077,
2026-09-22T14:49:00.000-04:00,45.518,38.005
2026-09-22T14:50:00.000-04:00,47.012,38.005
2026-09-22T14:51:00.000-04:00,46.418000000000006,38.005
2026-09-22T14:52:00.000-04:00,46.525999999999996,
2026-09-22T14:53:00.000-04:00,46.355000000000004,
2026-09-22T14:54:00.000-04:00,46.085,38.005
2026-09-22T14:55:00.000-04:00,46.148,
2026-09-22T14:56:00.000-04:00,46.544,
2026-09-22T14:57:00.000-04:00,45.392,38.005
2026-09-22T14:58:00.000-04:00,46.175,
2026-09-22T14:59:00.000-04:00,46.265,
2026-09-22T15:00:00.000-04:00,45.734,38.005
2026-09-22T15:01:00.000-04:00,46.616,38.005
2026-09-22T15:02:00.000-04:00,46.526,38.005
2026-09-22T15:03:00.000-04:00,46.382,
2026-09-22T15:04:00.000-04:00,45.473,38.005
2026-09-22T15:05:00.000-04:00,44.312,
2026-09-22T15:06:00.000-04:00,45.5,
2026-09-22T15:07:00.000-04:00,45.347,
2026-09-22T15:08:00.000-04:00,45.077,
2026-09-22T15:09:00.000-04:00,45.788,
2026-09-22T15:10:00.000-04:00,44.294,
2026-09-22T15:11:00.000-04:00,45.5,38.005
2026-09-22T15:12:00.000-04:00,44.942,
2026-09-22T15:13:00.000-04:00,45.698,
2026-09-22T15:14:00.000-04:00,45.671,
2026-09-22T15:15:00.000-04:00,45.905,
2026-09-22T15:16:00.000-04:00,45.185,
2026-09-22T15:17:00.000-04:00,45.86,
2026-09-22T15:18:00.000-04:00,45.122,38.005
2026-09-22T15:19:00.000-04:00,46.076,38.005
2026-09-22T15:20:00.000-04:00,45.176,
2026-09-22T15:21:00.000-04:00,46.373000000000005,
2026-09-22T15:22:00.000-04:00,49.144999999999996,
2026-09-22T15:23:00.000-04:00,49.118,
2026-09-22T15:24:00.000-04:00,49.622,
2026-09-22T15:25:00.000-04:00,46.886,38.005
2026-09-22T15:26:00.000-04:00,47.605999999999995,38.005
2026-09-22T15:27:00.000-04:00,47.048,
2026-09-22T15:28:00.000-04:00,46.985,
2026-09-22T15:29:00.000-04:00,47.048,
2026-09-22T15:30:00.000-04:00,46.454,
2026-09-22T15:31:00.000-04:00,46.643,
2026-09-22T15:32:00.000-04:00,46.391,
2026-09-22T15:33:00.000-04:00,46.607,
2026-09-22T15:34:00.000-04:00,46.814,
2026-09-22T15:35:00.000-04:00,46.634,
2026-09-22T15:36:00.000-04:00,46.589,
2026-09-22T15:37:00.000-04:00,46.562,
2026-09-22T15:38:00.000-04:00,45.068,38.005
2026-09-22T15:39:00.000-04:00,46.175,
2026-09-22T15:40:00.000-04:00,47.156000000000006,
2026-09-22T15:41:00.000-04:00,46.868,38.005
2026-09-22T15:42:00.000-04:00,46.976,
2026-09-22T15:43:00.000-04:00,46.382,
2026-09-22T15:44:00.000-04:00,45.851,
2026-09-22T15:45:00.000-04:00,46.679,
2026-09-22T15:46:00.000-04:00,46.49,
2026-09-22T15:47:00.000-04:00,46.706,
2026-09-22T15:48:00.000-04:00,46.436,
2026-09-22T15:49:00.000-04:00,46.778000000000006,
2026-09-22T15:50:00.000-04:00,46.031000000000006,
2026-09-22T15:51:00.000-04:00,45.752,
2026-09-22T15:52:00.000-04:00,46.489999999999995,
2026-09-22T15:53:00.000-04:00,46.976,38.005
2026-09-22T15:54:00.000-04:00,46.120999999999995,
2026-09-22T15:55:00.000-04:00,46.157,
2026-09-22T15:56:00.000-04:00,47.075,
2026-09-22T15:57:00.000-04:00,46.274,
2026-09-22T15:58:00.000-04:00,46.184,
2026-09-22T15:59:00.000-04:00,46.634,
2026-09-22T16:00:00.000-04:00,46.400000000000006,
2026-09-22T16:01:00.000-04:00,46.463,
2026-09-22T16:02:00.000-04:00,46.355000000000004,
2026-09-22T16:03:00.000-04:00,45.716,38.005
2026-09-22T16:04:00.000-04:00,46.454,
2026-09-22T16:05:00.000-04:00,46.688,38.005
2026-09-22T16:06:00.000-04:00,45.5,
2026-09-22T16:07:00.000-04:00,45.919999999999995,38.005
2026-09-22T16:08:00.000-04:00,45.68,
2026-09-22T16:09:00.000-04:00,46.751,
2026-09-22T16:10:00.000-04:00,47.354,
2026-09-22T16:11:00.000-04:00,46.031,38.005
2026-09-22T16:12:00.000-04:00,45.887,
2026-09-22T16:13:00.000-04:00,45.986,
2026-09-22T16:14:00.000-04:00,45.400999999999996,
2026-09-22T16:15:00.000-04:00,47.507000000000005,
2026-09-22T16:16:00.000-04:00,49.415,
2026-09-22T16:17:00.000-04:00,48.344,
2026-09-22T16:18:00.000-04:00,48.362,38.005
2026-09-22T16:19:00.000-04:00,48.266,38.005
2026-09-22T16:20:00.000-04:00,47.516,
2026-09-22T16:21:00.000-04:00,46.913,38.005
2026-09-22T16:22:00.000-04:00,46.886,
2026-09-22T16:23:00.000-04:00,47.426,38.005
2026-09-22T16:24:00.000-04:00,47.777,
2026-09-22T16:25:00.000-04:00,47.687,
2026-09-22T16:26:00.000-04:00,46.94,38.005
2026-09-22T16:27:00.000-04:00,47.192,
2026-09-22T16:28:00.000-04:00,46.292,38.005
2026-09-22T16:29:00.000-04:00,46.445,
2026-09-22T16:30:00.000-04:00,46.931,
2026-09-22T16:31:00.000-04:00,46.994,
2026-09-22T16:32:00.000-04:00,47.162,38.005
2026-09-22T16:33:00.000-04:00,46.886,
2026-09-22T16:34:00.000-04:00,46.598000000000006,38.005
2026-09-22T16:35:00.000-04:00,46.418,
2026-09-22T16:36:00.000-04:00,46.328,38.005
2026-09-22T16:37:00.000-04:00,46.598,
2026-09-22T16:38:00.000-04:00,46.634,38.005
2026-09-22T16:39:00.000-04:00,46.516999999999996,
2026-09-22T16:40:00.000-04:00,45.95,38.005
2026-09-22T16:41:00.000-04:00,47.21,
2026-09-22T16:42:00.000-04:00,46.778,
2026-09-22T16:43:00.000-04:00,46.706,38.005
2026-09-22T16:44:00.000-04:00,46.706,38.005
2026-09-22T16:45:00.000-04:00,46.867999999999995,38.005
2026-09-22T16:46:00.000-04:00,46.292,
2026-09-22T16:47:00.000-04:00,46.031,
2026-09-22T16:48:00.000-04:00,46.274,
2026-09-22T16:49:00.000-04:00,45.95,
2026-09-22T16:50:00.000-04:00,46.525999999999996,
2026-09-22T16:51:00.000-04:00,46.876999999999995,
2026-09-22T16:52:00.000-04:00,46.400000000000006,
2026-09-22T16:53:00.000-04:00,46.742000000000004,
2026-09-22T16:54:00.000-04:00,46.598,
2026-09-22T16:55:00.000-04:00,46.715,
2026-09-22T16:56:00.000-04:00,46.102999999999994,
2026-09-22T16:57:00.000-04:00,46.049,
2026-09-22T16:58:00.000-04:00,45.95,
2026-09-22T16:59:00.000-04:00,46.679,38.005
2026-09-22T17:00:00.000-04:00,47.012,38.005
2026-09-22T17:01:00.000-04:00,46.49,
2026-09-22T17:02:00.000-04:00,46.238,
2026-09-22T17:03:00.000-04:00,47.084,38.005
2026-09-22T17:04:00.000-04:00,46.364000000000004,
2026-09-22T17:05:00.000-04:00,46.858999999999995,
2026-09-22T17:06:00.000-04:00,46.976,
2026-09-22T17:07:00.000-04:00,46.769000000000005,
2026-09-22T17:08:00.000-04:00,48.992,
2026-09-22T17:09:00.000-04:00,49.058,38.005
2026-09-22T17:10:00.000-04:00,47.75,
2026-09-22T17:11:00.000-04:00,47.291,
2026-09-22T17:12:00.000-04:00,47.246,38.005
2026-09-22T17:13:00.000-04:00,47.192,
2026-09-22T17:14:00.000-04:00,46.715,
2026-09-22T17:15:00.000-04:00,47.03,38.005
2026-09-22T17:16:00.000-04:00,46.742,38.005
2026-09-22T17:17:00.000-04:00,47.12,38.005
2026-09-22T17:18:00.000-04:00,47.507,
2026-09-22T17:19:00.000-04:00,46.994,
2026-09-22T17:20:00.000-04:00,46.868,
2026-09-22T17:21:00.000-04:00,46.832,38.005
2026-09-22T17:22:00.000-04:00,46.643,
2026-09-22T17:23:00.000-04:00,47.012,
2026-09-22T17:24:00.000-04:00,46.724,38.005
2026-09-22T17:25:00.000-04:00,46.868,
2026-09-22T17:26:00.000-04:00,47.282,38.005
2026-09-22T17:27:00.000-04:00,46.76,
2026-09-22T17:28:00.000-04:00,46.949,
2026-09-22T17:29:00.000-04:00,47.561,
2026-09-22T17:30:00.000-04:00,47.228,
2026-09-22T17:32:00.000-04:00,46.805,
2026-09-22T17:33:00.000-04:00,47.84,
2026-09-22T17:34:00.000-04:00,47.984,38.005
2026-09-22T17:35:00.000-04:00,47.696,
2026-09-22T17:36:00.000-04:00,47.516,
2026-09-22T17:37:00.000-04:00,48.848000000000006,38.005
2026-09-22T17:39:00.000-04:00,48.92,38.005
2026-09-22T17:40:00.000-04:00,47.858,
2026-09-22T17:41:00.000-04:00,47.462,38.005
2026-09-22T17:42:00.000-04:00,47.192,
2026-09-22T17:43:00.000-04:00,46.562,38.005
2026-09-22T17:44:00.000-04:00,46.843999999999994,38.005
2026-09-22T17:45:00.000-04:00,47.048,
2026-09-22T17:46:00.000-04:00,48.515,
2026-09-22T17:47:00.000-04:00,48.38,38.005
2026-09-22T17:48:00.000-04:00,46.885999999999996,38.005
2026-09-22T17:49:00.000-04:00,47.111000000000004,
2026-09-22T17:50:00.000-04:00,46.958,
2026-09-22T17:51:00.000-04:00,47.642,38.005
2026-09-22T17:52:00.000-04:00,46.571,
2026-09-22T17:53:00.000-04:00,46.49,
2026-09-22T17:54:00.000-04:00,47.192,
2026-09-22T17:55:00.000-04:00,46.553,
2026-09-22T17:56:00.000-04:00,46.661,
2026-09-22T17:57:00.000-04:00,46.498999999999995,38.005
2026-09-22T17:58:00.000-04:00,46.805,
2026-09-22T17:59:00.000-04:00,46.58,38.005
2026-09-22T18:00:00.000-04:00,46.841,
2026-09-22T18:01:00.000-04:00,46.994,
2026-09-22T18:02:00.000-04:00,46.238,38.005
2026-09-22T18:03:00.000-04:00,46.592000000000006,38.005
2026-09-22T18:04:00.000-04:00,46.814,38.005
2026-09-22T18:05:00.000-04:00,46.256,38.005
2026-09-22T18:06:00.000-04:00,46.418,
2026-09-22T18:07:00.000-04:00,46.076,
2026-09-22T18:08:00.000-04:00,46.571,
2026-09-22T18:09:00.000-04:00,46.49,
2026-09-22T18:10:00.000-04:00,46.37,38.005
2026-09-22T18:11:00.000-04:00,45.374,
2026-09-22T18:12:00.000-04:00,46.178,38.005
2026-09-22T18:13:00.000-04:00,46.292,38.005
2026-09-22T18:14:00.000-04:00,46.4,
2026-09-22T18:15:00.000-04:00,46.274,38.005
2026-09-22T18:16:00.000-04:00,46.301,
2026-09-22T18:17:00.000-04:00,46.202,
2026-09-22T18:18:00.000-04:00,46.442,38.005
2026-09-22T18:19:00.000-04:00,46.328,
2026-09-22T18:20:00.000-04:00,46.49,38.005
2026-09-22T18:21:00.000-04:00,46.49,
2026-09-22T18:22:00.000-04:00,45.626000000000005,38.005
2026-09-22T18:23:00.000-04:00,45.905,
2026-09-22T18:24:00.000-04:00,46.841,
2026-09-22T18:25:00.000-04:00,45.86,
2026-09-22T18:26:00.000-04:00,46.382000000000005,
2026-09-22T18:27:00.000-04:00,45.698,
2026-09-22T18:28:00.000-04:00,46.58,
2026-09-22T18:29:00.000-04:00,46.661,
2026-09-22T18:31:00.000-04:00,46.544,
2026-09-22T18:32:00.000-04:00,46.544,
2026-09-22T18:33:00.000-04:00,46.202,
2026-09-22T18:34:00.000-04:00,46.49,
2026-09-22T18:35:00.000-04:00,45.362,38.005
2026-09-22T18:36:00.000-04:00,46.22,
2026-09-22T18:37:00.000-04:00,46.229,
2026-09-22T18:38:00.000-04:00,46.652,
2026-09-22T18:39:00.000-04:00,46.238,38.005
2026-09-22T18:40:00.000-04:00,45.626,
2026-09-22T18:41:00.000-04:00,46.333999999999996,38.005
2026-09-22T18:42:00.000-04:00,46.13,
2026-09-22T18:43:00.000-04:00,45.800000000000004,38.005
2026-09-22T18:44:00.000-04:00,46.4,
2026-09-22T18:45:00.000-04:00,46.427,
2026-09-22T18:46:00.000-04:00,45.68,
2026-09-22T18:47:00.000-04:00,45.617,38.005
2026-09-22T18:48:00.000-04:00,46.040000000000006,
2026-09-22T18:49:00.000-04:00,46.084999999999994,
2026-09-22T18:50:00.000-04:00,45.824,38.005
2026-09-22T18:51:00.000-04:00,45.032,
2026-09-22T18:52:00.000-04:00,45.428,
2026-09-22T18:53:00.000-04:00,45.338,
2026-09-22T18:54:00.000-04:00,45.842000000000006,38.005
2026-09-22T18:55:00.000-04:00,45.446,
2026-09-22T18:56:00.000-04:00,46.184000000000005,38.005
2026-09-22T18:57:00.000-04:00,45.194,38.005
2026-09-22T18:58:00.000-04:00,45.491,
2026-09-22T18:59:00.000-04:00,44.411,
2026-09-22T19:00:00.000-04:00,45.400999999999996,
2026-09-22T19:01:00.000-04:00,45.400999999999996,
2026-09-22T19:02:00.000-04:00,45.608,
2026-09-22T19:03:00.000-04:00,45.565999999999995,38.005
2026-09-22T19:04:00.000-04:00,45.400999999999996,
2026-09-22T19:05:00.000-04:00,45.266000000000005,
2026-09-22T19:06:00.000-04:00,45.446,38.005
2026-09-22T19:07:00.000-04:00,45.5,
2026-09-22T19:08:00.000-04:00,45.311,
2026-09-22T19:09:00.000-04:00,45.374,38.005
2026-09-22T19:10:00.000-04:00,45.374,38.005
2026-09-22T19:11:00.000-04:00,44.744,38.005
2026-09-22T19:12:00.000-04:00,45.158,
2026-09-22T19:13:00.000-04:00,45.428,38.005
2026-09-22T19:14:00.000-04:00,44.978,
2026-09-22T19:15:00.000-04:00,45.217999999999996,38.005
2026-09-22T19:16:00.000-04:00,44.933,
2026-09-22T19:17:00.000-04:00,45.05,38.005
2026-09-22T19:18:00.000-04:00,45.878,
2026-09-22T19:19:00.000-04:00,44.438,38.005
2026-09-22T19:20:00.000-04:00,45.013999999999996,38.005
2026-09-22T19:21:00.000-04:00,44.06,
2026-09-22T19:22:00.000-04:00,45.788,
2026-09-22T19:23:00.000-04:00,45.824,
2026-09-22T19:24:00.000-04:00,44.564,
2026-09-22T19:25:00.000-04:00,44.96,
2026-09-22T19:26:00.000-04:00,44.447,
2026-09-22T19:27:00.000-04:00,44.951,
2026-09-22T19:28:00.000-04:00,45.742999999999995,
2026-09-22T19:29:00.000-04:00,44.33,38.005
2026-09-22T19:30:00.000-04:00,45.185,
2026-09-22T19:31:00.000-04:00,44.942,
2026-09-22T19:32:00.000-04:00,44.915,
2026-09-22T19:33:00.000-04:00,45.032,
2026-09-22T19:34:00.000-04:00,44.69,
2026-09-22T19:35:00.000-04:00,45.59,38.005
2026-09-22T19:36:00.000-04:00,44.186,
2026-09-22T19:37:00.000-04:00,44.159,
2026-09-22T19:38:00.000-04:00,43.7,
2026-09-22T19:39:00.000-04:00,44.036,38.005
2026-09-22T19:40:00.000-04:00,44.996,
2026-09-22T19:41:00.000-04:00,44.834,
2026-09-22T19:42:00.000-04:00,43.763000000000005,38.005
2026-09-22T19:43:00.000-04:00,44.654,38.005
2026-09-22T19:44:00.000-04:00,44.834,
2026-09-22T19:45:00.000-04:00,44.528,
2026-09-22T19:46:00.000-04:00,43.862,38.005
2026-09-22T19:47:00.000-04:00,44.744,38.005
2026-09-22T19:48:00.000-04:00,44.114000000000004,
2026-09-22T19:49:00.000-04:00,44.438,
2026-09-22T19:50:00.000-04:00,43.7,
2026-09-22T19:51:00.000-04:00,43.25,
2026-09-22T19:52:00.000-04:00,44.708,
2026-09-22T19:53:00.000-04:00,44.105000000000004,
2026-09-22T19:55:00.000-04:00,44.483000000000004,
2026-09-22T19:56:00.000-04:00,45.734,38.005
2026-09-22T19:57:00.000-04:00,44.230999999999995,
2026-09-22T19:58:00.000-04:00,44.402,
2026-09-22T19:59:00.000-04:00,43.46,38.005
2026-09-22T20:00:00.000-04:00,43.817,
2026-09-22T20:01:00.000-04:00,43.466,38.005
2026-09-22T20:02:00.000-04:00,43.997,
2026-09-22T20:03:00.000-04:00,44.257999999999996,
2026-09-22T20:04:00.000-04:00,42.494,
2026-09-22T20:05:00.000-04:00,44.051,
2026-09-22T20:06:00.000-04:00,45.302,
2026-09-22T20:07:00.000-04:00,45.284000000000006,
2026-09-22T20:08:00.000-04:00,46.004000000000005,
2026-09-22T20:09:00.000-04:00,46.013,
2026-09-22T20:10:00.000-04:00,45.733999999999995,
2026-09-22T20:11:00.000-04:00,45.824,
2026-09-22T20:12:00.000-04:00,46.211,
2026-09-22T20:13:00.000-04:00,46.166,
2026-09-22T20:14:00.000-04:00,45.266,38.005
2026-09-22T20:15:00.000-04:00,45.716,
2026-09-22T20:16:00.000-04:00,45.68,38.005
2026-09-22T20:17:00.000-04:00,45.842,
2026-09-22T20:18:00.000-04:00,46.13,
2026-09-22T20:19:00.000-04:00,46.355000000000004,
2026-09-22T20:20:00.000-04:00,46.544,
2026-09-22T20:21:00.000-04:00,46.22,
2026-09-22T20:22:00.000-04:00,46.85,
2026-09-22T20:23:00.000-04:00,46.445,
2026-09-22T20:24:00.000-04:00,46.292,
2026-09-22T20:25:00.000-04:00,46.796,
2026-09-22T20:26:00.000-04:00,46.364000000000004,
2026-09-22T20:27:00.000-04:00,46.67,
2026-09-22T20:28:00.000-04:00,46.922,
2026-09-22T20:29:00.000-04:00,47.111000000000004,
2026-09-22T20:30:00.000-04:00,47.219,
2026-09-22T20:31:00.000-04:00,46.994,
2026-09-22T20:32:00.000-04:00,47.192,
2026-09-22T20:33:00.000-04:00,48.13999999999999,38.005
2026-09-22T20:34:00.000-04:00,47.561,
2026-09-22T20:35:00.000-04:00,47.39,38.005
2026-09-22T20:36:00.000-04:00,47.138,
2026-09-22T20:37:00.000-04:00,47.395999999999994,38.005
2026-09-22T20:38:00.000-04:00,47.012,
2026-09-22T20:39:00.000-04:00,47.245999999999995,38.005
2026-09-22T20:40:00.000-04:00,48.02,
2026-09-22T20:41:00.000-04:00,48.245000000000005,
2026-09-22T20:42:00.000-04:00,47.714,38.005
2026-09-22T20:43:00.000-04:00,48.038,
2026-09-22T20:44:00.000-04:00,48.175999999999995,38.005
2026-09-22T20:45:00.000-04:00,47.992999999999995,
2026-09-22T20:46:00.000-04:00,48.254,38.005
2026-09-22T20:47:00.000-04:00,48.272,38.005
2026-09-22T20:48:00.000-04:00,48.236000000000004,
2026-09-22T20:49:00.000-04:00,48.452,
2026-09-22T20:50:00.000-04:00,48.614000000000004,38.005
2026-09-22T20:51:00.000-04:00,48.128,
2026-09-22T20:52:00.000-04:00,48.434,
2026-09-22T20:53:00.000-04:00,48.902,
2026-09-22T20:54:00.000-04:00,48.902,38.005
2026-09-22T20:55:00.000-04:00,48.101,38.005
2026-09-22T20:56:00.000-04:00,48.047,
2026-09-22T20:57:00.000-04:00,49.028000000000006,
2026-09-22T20:58:00.000-04:00,49.153999999999996,
2026-09-22T20:59:00.000-04:00,48.407,38.005
2026-09-22T21:00:00.000-04:00,48.83,
2026-09-22T21:01:00.000-04:00,48.800000000000004,38.005
2026-09-22T21:02:00.000-04:00,48.506,
2026-09-22T21:03:00.000-04:00,48.488,
2026-09-22T21:04:00.000-04:00,48.668,
2026-09-22T21:05:00.000-04:00,49.532,
2026-09-22T21:06:00.000-04:00,48.794,38.005
2026-09-22T21:07:00.000-04:00,48.956,
2026-09-22T21:08:00.000-04:00,48.911,
2026-09-22T21:09:00.000-04:00,49.532,
2026-09-22T21:10:00.000-04:00,49.226,
2026-09-22T21:11:00.000-04:00,49.010000000000005,
2026-09-22T21:12:00.000-04:00,48.848,
2026-09-22T21:13:00.000-04:00,48.758,38.005
2026-09-22T21:14:00.000-04:00,49.208,38.005
2026-09-22T21:15:00.000-04:00,49.415,
2026-09-22T21:17:00.000-04:00,49.532,38.005
2026-09-22T21:20:00.000-04:00,49.838,
2026-09-22T21:21:00.000-04:00,49.244,38.005
2026-09-22T21:22:00.000-04:00,48.668,38.005
2026-09-22T21:24:00.000-04:00,49.334,38.005
2026-09-22T21:25:00.000-04:00,49.334,
2026-09-22T21:26:00.000-04:00,49.766,38.005
2026-09-22T21:27:00.000-04:00,49.694,
2026-09-22T21:28:00.000-04:00,49.514,
2026-09-22T21:29:00.000-04:00,49.604,
2026-09-22T21:30:00.000-04:00,49.586,
2026-09-22T21:31:00.000-04:00,49.64,
2026-09-22T21:32:00.000-04:00,49.946,
2026-09-22T21:33:00.000-04:00,49.01,
2026-09-22T21:34:00.000-04:00,49.82,
2026-09-22T21:35:00.000-04:00,49.388,38.005
2026-09-22T21:36:00.000-04:00,50.063,
2026-09-22T21:37:00.000-04:00,49.802,
2026-09-22T21:38:00.000-04:00,49.451,38.005
2026-09-22T21:39:00.000-04:00,49.739000000000004,
2026-09-22T21:40:00.000-04:00,50.306,38.005
2026-09-22T21:41:00.000-04:00,50.378,
2026-09-22T21:42:00.000-04:00,50.306,
2026-09-22T21:43:00.000-04:00,49.982,
2026-09-22T21:46:00.000-04:00,50.072,
2026-09-22T21:47:00.000-04:00,49.892,
2026-09-22T21:48:00.000-04:00,49.982,38.005
2026-09-22T21:49:00.000-04:00,50.144,
2026-09-22T21:50:00.000-04:00,50.242999999999995,
2026-09-22T21:51:00.000-04:00,50.251999999999995,
2026-09-22T21:52:00.000-04:00,50.252,38.005
2026-09-22T21:53:00.000-04:00,50.17100000000001,
2026-09-22T21:54:00.000-04:00,50.306,
2026-09-22T21:55:00.000-04:00,50.06,38.005
2026-09-22T21:56:00.000-04:00,49.847,
2026-09-22T21:57:00.000-04:00,50.144,
2026-09-22T21:58:00.000-04:00,50.351,
2026-09-22T21:59:00.000-04:00,50.648,38.005
2026-09-22T22:00:00.000-04:00,50.144,
2026-09-22T22:01:00.000-04:00,49.958,38.005
2026-09-22T22:02:00.000-04:00,50.531000000000006,
2026-09-22T22:03:00.000-04:00,50.647999999999996,
2026-09-22T22:04:00.000-04:00,50.666,
2026-09-22T22:05:00.000-04:00,50.81,
2026-09-22T22:06:00.000-04:00,50.066,38.005
2026-09-22T22:07:00.000-04:00,50.99,38.005
2026-09-22T22:08:00.000-04:00,50.324,
2026-09-22T22:09:00.000-04:00,50.756,
2026-09-22T22:10:00.000-04:00,50.414,
2026-09-22T22:11:00.000-04:00,50.594,
2026-09-22T22:12:00.000-04:00,49.766,38.005
2026-09-22T22:13:00.000-04:00,51.278,38.005
2026-09-22T22:14:00.000-04:00,49.883,38.005
2026-09-22T22:15:00.000-04:00,50.378,
2026-09-22T22:16:00.000-04:00,50.684,38.005
2026-09-22T22:17:00.000-04:00,50.611999999999995,
2026-09-22T22:18:00.000-04:00,50.801,38.005
2026-09-22T22:19:00.000-04:00,50.882000000000005,
2026-09-22T22:20:00.000-04:00,50.522,
2026-09-22T22:21:00.000-04:00,51.278,
2026-09-22T22:23:00.000-04:00,50.593999999999994,38.005
2026-09-22T22:25:00.000-04:00,50.852000000000004,38.005
2026-09-22T22:26:00.000-04:00,51.188,38.005
2026-09-22T22:27:00.000-04:00,50.639,
2026-09-22T22:28:00.000-04:00,51.08,
2026-09-22T22:29:00.000-04:00,50.693,
2026-09-22T22:30:00.000-04:00,50.72,
2026-09-22T22:31:00.000-04:00,50.702,
2026-09-22T22:32:00.000-04:00,50.972,38.005
2026-09-22T22:33:00.000-04:00,50.684,38.005
2026-09-22T22:34:00.000-04:00,50.504,38.005
2026-09-22T22:35:00.000-04:00,50.909000000000006,
2026-09-22T22:36:00.000-04:00,50.702,
2026-09-22T22:37:00.000-04:00,50.81,38.005
2026-09-22T22:38:00.000-04:00,51.035,
2026-09-22T22:39:00.000-04:00,51.025999999999996,
2026-09-22T22:40:00.000-04:00,50.99,
2026-09-22T22:42:00.000-04:00,51.026,38.005
2026-09-22T22:43:00.000-04:00,50.954,
2026-09-22T22:44:00.000-04:00,50.567,
2026-09-22T22:45:00.000-04:00,51.278,
2026-09-22T22:46:00.000-04:00,51.026,
2026-09-22T22:47:00.000-04:00,51.17,
2026-09-22T22:48:00.000-04:00,51.188,38.005
2026-09-22T22:49:00.000-04:00,50.81,38.005
2026-09-22T22:50:00.000-04:00,51.116,
2026-09-22T22:51:00.000-04:00,51.071,
2026-09-22T22:52:00.000-04:00,51.143,
2026-09-22T22:53:00.000-04:00,51.584,38.005
2026-09-22T22:54:00.000-04:00,51.125,
2026-09-22T22:55:00.000-04:00,51.233000000000004,
2026-09-22T22:56:00.000-04:00,51.116,
2026-09-22T22:57:00.000-04:00,51.404,38.005
2026-09-22T22:58:00.000-04:00,50.99,
2026-09-22T22:59:00.000-04:00,51.791,
2026-09-22T23:00:00.000-04:00,51.026,
2026-09-22T23:01:00.000-04:00,50.72,
2026-09-22T23:02:00.000-04:00,51.8,38.005
2026-09-22T23:03:00.000-04:00,51.494,
2026-09-22T23:04:00.000-04:00,51.181999999999995,38.005
2026-09-22T23:05:00.000-04:00,51.152,
2026-09-22T23:06:00.000-04:00,50.936,
2026-09-22T23:07:00.000-04:00,51.467,
2026-09-22T23:08:00.000-04:00,51.314,
2026-09-22T23:09:00.000-04:00,51.359,
2026-09-22T23:10:00.000-04:00,51.854,
2026-09-22T23:11:00.000-04:00,51.367999999999995,38.005
2026-09-22T23:12:00.000-04:00,50.9,
2026-09-22T23:13:00.000-04:00,52.43,38.005
2026-09-22T23:14:00.000-04:00,51.359,
2026-09-22T23:15:00.000-04:00,51.17,
2026-09-22T23:16:00.000-04:00,51.02,38.005
2026-09-22T23:17:00.000-04:00,52.034,
2026-09-22T23:18:00.000-04:00,50.936,38.005
2026-09-22T23:19:00.000-04:00,51.754999999999995,38.005
2026-09-22T23:20:00.000-04:00,51.296,38.005
2026-09-22T23:21:00.000-04:00,51.386,
2026-09-22T23:22:00.000-04:00,51.152,38.005
2026-09-22T23:23:00.000-04:00,51.467,38.005
2026-09-22T23:24:00.000-04:00,51.269,
2026-09-22T23:25:00.000-04:00,51.917,
2026-09-22T23:26:00.000-04:00,51.566,
2026-09-22T23:27:00.000-04:00,51.341,
2026-09-22T23:28:00.000-04:00,51.386,
2026-09-22T23:29:00.000-04:00,51.791,
2026-09-22T23:30:00.000-04:00,51.845,
2026-09-22T23:31:00.000-04:00,51.602,
2026-09-22T23:32:00.000-04:00,51.854,
2026-09-22T23:33:00.000-04:00,52.178,38.005
2026-09-22T23:34:00.000-04:00,51.737,
2026-09-22T23:35:00.000-04:00,52.358,38.005
2026-09-22T23:36:00.000-04:00,51.701,
2026-09-22T23:37:00.000-04:00,52.052,
2026-09-22T23:38:00.000-04:00,51.403999999999996,
2026-09-22T23:39:00.000-04:00,51.764,38.005
2026-09-22T23:40:00.000-04:00,51.449,
2026-09-22T23:41:00.000-04:00,51.854,
2026-09-22T23:42:00.000-04:00,51.782000000000004,38.005
2026-09-22T23:43:00.000-04:00,51.926,
2026-09-22T23:44:00.000-04:00,52.43000000000001,
2026-09-22T23:45:00.000-04:00,51.701,
2026-09-22T23:46:00.000-04:00,52.528999999999996,
2026-09-22T23:47:00.000-04:00,51.494,
2026-09-22T23:48:00.000-04:00,51.665,
2026-09-22T23:49:00.000-04:00,52.304,
2026-09-22T23:50:00.000-04:00,51.08,
2026-09-22T23:51:00.000-04:00,52.492999999999995,
2026-09-22T23:52:00.000-04:00,51.818,
2026-09-22T23:53:00.000-04:00,51.926,
2026-09-22T23:54:00.000-04:00,52.016000000000005,
2026-09-22T23:55:00.000-04:00,52.123999999999995,
2026-09-22T23:56:00.000-04:00,51.70099999999999,
2026-09-22T23:57:00.000-04:00,52.016,
2026-09-22T23:58:00.000-04:00,52.097,
2026-09-22T23:59:00.000-04:00,51.782,
2026-09-23T00:00:00.000-04:00,51.872,
2026-09-23T00:01:00.000-04:00,52.304,
2026-09-23T00:02:00.000-04:00,52.087999999999994,
2026-09-23T00:03:00.000-04:00,51.764,
2026-09-23T00:04:00.000-04:00,52.79,
2026-09-23T00:05:00.000-04:00,52.132999999999996,
2026-09-23T00:06:00.000-04:00,52.178,
2026-09-23T00:07:00.000-04:00,51.935,
2026-09-23T00:08:00.000-04:00,52.268,
2026-09-23T00:09:00.000-04:00,52.259,
2026-09-23T00:10:00.000-04:00,51.368,
2026-09-23T00:11:00.000-04:00,52.016,38.005
2026-09-23T00:12:00.000-04:00,52.385,
2026-09-23T00:13:00.000-04:00,52.16,
2026-09-23T00:14:00.000-04:00,52.141999999999996,38.005
2026-09-23T00:15:00.000-04:00,51.647,
2026-09-23T00:16:00.000-04:00,51.44,
2026-09-23T00:17:00.000-04:00,52.214,38.005
2026-09-23T00:18:00.000-04:00,52.502,
2026-09-23T00:19:00.000-04:00,52.268,
2026-09-23T00:20:00.000-04:00,52.97,38.005
2026-09-23T00:21:00.000-04:00,52.316,38.005
2026-09-23T00:22:00.000-04:00,52.61,
2026-09-23T00:23:00.000-04:00,52.256,38.005
2026-09-23T00:24:00.000-04:00,52.844,
2026-09-23T00:25:00.000-04:00,52.61,
2026-09-23T00:26:00.000-04:00,52.403,
2026-09-23T00:27:00.000-04:00,52.016000000000005,
2026-09-23T00:28:00.000-04:00,53.078,
2026-09-23T00:29:00.000-04:00,52.022,38.005
2026-09-23T00:30:00.000-04:00,52.646,
2026-09-23T00:31:00.000-04:00,52.115,38.005
2026-09-23T00:32:00.000-04:00,52.385000000000005,
2026-09-23T00:33:00.000-04:00,52.484,
2026-09-23T00:34:00.000-04:00,52.394,
2026-09-23T00:35:00.000-04:00,52.052,
2026-09-23T00:36:00.000-04:00,52.77199999999999,38.005
2026-09-23T00:37:00.000-04:00,52.61,
2026-09-23T00:38:00.000-04:00,52.772,
2026-09-23T00:39:00.000-04:00,52.538,
2026-09-23T00:40:00.000-04:00,52.844,
2026-09-23T00:41:00.000-04:00,52.442,38.005
2026-09-23T00:42:00.000-04:00,52.646,
2026-09-23T00:43:00.000-04:00,52.61,38.005
2026-09-23T00:44:00.000-04:00,52.385,
2026-09-23T00:45:00.000-04:00,52.241,
2026-09-23T00:46:00.000-04:00,52.286,
2026-09-23T00:47:00.000-04:00,52.532000000000004,38.005
2026-09-23T00:48:00.000-04:00,51.944,38.005
2026-09-23T00:49:00.000-04:00,52.150999999999996,
2026-09-23T00:50:00.000-04:00,52.934,
2026-09-23T00:51:00.000-04:00,52.448,38.005
2026-09-23T00:52:00.000-04:00,52.439,
2026-09-23T00:53:00.000-04:00,52.852999999999994,
2026-09-23T00:54:00.000-04:00,52.61,
2026-09-23T00:55:00.000-04:00,52.88,38.005
2026-09-23T00:56:00.000-04:00,52.772000000000006,
2026-09-23T00:57:00.000-04:00,52.646,
2026-09-23T00:58:00.000-04:00,52.502,38.005
2026-09-23T00:59:00.000-04:00,52.628,38.005
2026-09-23T01:00:00.000-04:00,52.187,38.005
2026-09-23T01:01:00.000-04:00,52.961,
2026-09-23T01:02:00.000-04:00,53.366,
2026-09-23T01:03:00.000-04:00,51.872,
2026-09-23T01:04:00.000-04:00,52.64000000000001,38.005
2026-09-23T01:05:00.000-04:00,53.69,
2026-09-23T01:06:00.000-04:00,52.484,38.005
2026-09-23T01:07:00.000-04:00,52.862,38.005
2026-09-23T01:08:00.000-04:00,52.322,38.005
2026-09-23T01:09:00.000-04:00,52.262,38.005
2026-09-23T01:10:00.000-04:00,52.826,
2026-09-23T01:11:00.000-04:00,52.97,
2026-09-23T01:12:00.000-04:00,52.673,
2026-09-23T01:13:00.000-04:00,53.33,
2026-09-23T01:14:00.000-04:00,51.872,38.005
2026-09-23T01:15:00.000-04:00,52.232,
2026-09-23T01:16:00.000-04:00,52.705999999999996,38.005
2026-09-23T01:17:00.000-04:00,52.106,
2026-09-23T01:18:00.000-04:00,51.062,
2026-09-23T01:19:00.000-04:00,50.801,
2026-09-23T01:20:00.000-04:00,49.856,38.005
2026-09-23T01:21:00.000-04:00,50.260999999999996,
2026-09-23T01:22:00.000-04:00,49.811,
2026-09-23T01:23:00.000-04:00,49.46,
2026-09-23T01:24:00.000-04:00,49.784,
2026-09-23T01:25:00.000-04:00,49.712,
2026-09-23T01:26:00.000-04:00,49.705999999999996,38.005
2026-09-23T01:27:00.000-04:00,48.29,
2026-09-23T01:28:00.000-04:00,49.415000000000006,
2026-09-23T01:29:00.000-04:00,48.992,
2026-09-23T01:30:00.000-04:00,48.938,38.005
2026-09-23T01:31:00.000-04:00,48.623000000000005,38.005
2026-09-23T01:32:00.000-04:00,49.469,
2026-09-23T01:33:00.000-04:00,49.495999999999995,
2026-09-23T01:34:00.000-04:00,48.757999999999996,
2026-09-23T01:35:00.000-04:00,47.992999999999995,38.005
2026-09-23T01:36:00.000-04:00,48.47,
2026-09-23T01:37:00.000-04:00,49.388000000000005,38.005
2026-09-23T01:38:00.000-04:00,49.568,
2026-09-23T01:39:00.000-04:00,48.542,
2026-09-23T01:40:00.000-04:00,48.56,38.005
2026-09-23T01:42:00.000-04:00,48.506,
2026-09-23T01:43:00.000-04:00,48.254,38.005
2026-09-23T01:44:00.000-04:00,48.596,
2026-09-23T01:45:00.000-04:00,48.335,
2026-09-23T01:46:00.000-04:00,47.650999999999996,
2026-09-23T01:47:00.000-04:00,47.992999999999995,
2026-09-23T01:52:00.000-04:00,47.975,
2026-09-23T01:53:00.000-04:00,47.57,
2026-09-23T01:54:00.000-04:00,47.372,38.005
2026-09-23T01:55:00.000-04:00,47.762,38.005
2026-09-23T01:56:00.000-04:00,47.984,38.005
2026-09-23T01:57:00.000-04:00,47.156,
2026-09-23T01:58:00.000-04:00,47.534,
2026-09-23T01:59:00.000-04:00,47.849000000000004,
2026-09-23T02:00:00.000-04:00,47.534,38.005
2026-09-23T02:03:00.000-04:00,47.084,
2026-09-23T02:04:00.000-04:00,46.652,
2026-09-23T02:05:00.000-04:00,46.742,38.005
2026-09-23T02:06:00.000-04:00,46.715,38.005
2026-09-23T02:09:00.000-04:00,47.309,
2026-09-23T02:10:00.000-04:00,47.588,38.005
2026-09-23T02:11:00.000-04:00,46.382,
2026-09-23T02:15:00.000-04:00,47.57,
2026-09-23T02:16:00.000-04:00,46.814,38.005
2026-09-23T02:17:00.000-04:00,46.301,
2026-09-23T02:18:00.000-04:00,47.156,
2026-09-23T02:19:00.000-04:00,46.472,38.005
2026-09-23T02:22:00.000-04:00,46.436,
2026-09-23T02:23:00.000-04:00,46.22,
2026-09-23T02:24:00.000-04:00,46.111999999999995,38.005
2026-09-23T02:25:00.000-04:00,45.59,
2026-09-23T02:26:00.000-04:00,46.58,
2026-09-23T02:28:00.000-04:00,45.374,
2026-09-23T02:29:00.000-04:00,45.977000000000004,
2026-09-23T02:30:00.000-04:00,46.193,
2026-09-23T02:31:00.000-04:00,46.067,
2026-09-23T02:32:00.000-04:00,45.41,
2026-09-23T02:33:00.000-04:00,45.5,38.005
2026-09-23T02:34:00.000-04:00,45.986000000000004,
2026-09-23T02:35:00.000-04:00,46.157,
2026-09-23T02:36:00.000-04:00,46.129999999999995,
2026-09-23T02:37:00.000-04:00,46.337,
2026-09-23T02:38:00.000-04:00,45.932,38.005
2026-09-23T02:39:00.000-04:00,45.995,
2026-09-23T02:40:00.000-04:00,46.067,
2026-09-23T02:41:00.000-04:00,45.599000000000004,
2026-09-23T02:42:00.000-04:00,45.194,
2026-09-23T02:43:00.000-04:00,45.824,
2026-09-23T02:44:00.000-04:00,44.879000000000005,
2026-09-23T02:45:00.000-04:00,44.33,
2026-09-23T02:46:00.000-04:00,44.834,
2026-09-23T02:47:00.000-04:00,45.662,
2026-09-23T02:48:00.000-04:00,45.446,
2026-09-23T02:49:00.000-04:00,44.843,
2026-09-23T02:50:00.000-04:00,45.05,
2026-09-23T02:51:00.000-04:00,44.384,38.005
2026-09-23T02:52:00.000-04:00,45.203,
2026-09-23T02:53:00.000-04:00,45.806,
2026-09-23T02:54:00.000-04:00,46.148,
2026-09-23T02:55:00.000-04:00,45.41,
2026-09-23T02:56:00.000-04:00,44.501000000000005,
2026-09-23T02:57:00.000-04:00,45.391999999999996,
2026-09-23T02:58:00.000-04:00,44.275999999999996,
2026-09-23T02:59:00.000-04:00,45.194,38.005
2026-09-23T03:00:00.000-04:00,44.78,
2026-09-23T03:01:00.000-04:00,45.329,
2026-09-23T03:02:00.000-04:00,45.824,
2026-09-23T03:03:00.000-04:00,46.076,
2026-09-23T03:04:00.000-04:00,45.788,38.005
2026-09-23T03:05:00.000-04:00,45.239000000000004,38.005
2026-09-23T03:06:00.000-04:00,46.247,
2026-09-23T03:07:00.000-04:00,45.482,38.005
2026-09-23T03:08:00.000-04:00,46.814,
2026-09-23T03:09:00.000-04:00,45.896,38.005
2026-09-23T03:10:00.000-04:00,46.06999999999999,38.005
2026-09-23T03:11:00.000-04:00,46.346000000000004,
2026-09-23T03:12:00.000-04:00,46.31,
2026-09-23T03:13:00.000-04:00,46.706,38.005
2026-09-23T03:14:00.000-04:00,46.562,
2026-09-23T03:15:00.000-04:00,46.562,
2026-09-23T03:16:00.000-04:00,46.778,
2026-09-23T03:17:00.000-04:00,46.796,38.005
2026-09-23T03:18:00.000-04:00,46.652,
2026-09-23T03:19:00.000-04:00,46.688,
2026-09-23T03:20:00.000-04:00,46.076,
2026-09-23T03:21:00.000-04:00,46.949,38.005
2026-09-23T03:22:00.000-04:00,47.534000000000006,
2026-09-23T03:23:00.000-04:00,47.12,38.005
2026-09-23T03:24:00.000-04:00,47.174,
2026-09-23T03:25:00.000-04:00,47.32399999999999,38.005
2026-09-23T03:26:00.000-04:00,47.174,38.005
2026-09-23T03:27:00.000-04:00,46.931,
2026-09-23T03:28:00.000-04:00,47.272999999999996,
2026-09-23T03:29:00.000-04:00,46.454,
2026-09-23T03:30:00.000-04:00,47.39,
2026-09-23T03:31:00.000-04:00,47.642,
2026-09-23T03:32:00.000-04:00,47.306000000000004,38.005
2026-09-23T03:33:00.000-04:00,47.84,
2026-09-23T03:34:00.000-04:00,47.057,38.005
2026-09-23T03:35:00.000-04:00,48.056,
2026-09-23T03:36:00.000-04:00,48.236,38.005
2026-09-23T03:37:00.000-04:00,48.209,
2026-09-23T03:38:00.000-04:00,47.939,
2026-09-23T03:39:00.000-04:00,47.417,
2026-09-23T03:40:00.000-04:00,48.2,
2026-09-23T03:41:00.000-04:00,47.984,
2026-09-23T03:42:00.000-04:00,47.72,38.005
2026-09-23T03:43:00.000-04:00,48.209,
2026-09-23T03:44:00.000-04:00,48.146,
2026-09-23T03:45:00.000-04:00,48.434000000000005,38.005
2026-09-23T03:46:00.000-04:00,48.397999999999996,
2026-09-23T03:47:00.000-04:00,48.614,
2026-09-23T03:48:00.000-04:00,48.27200000000001,38.005
2026-09-23T03:49:00.000-04:00,47.921,
2026-09-23T03:50:00.000-04:00,48.344,
2026-09-23T03:51:00.000-04:00,49.199,38.005
2026-09-23T03:52:00.000-04:00,48.182,
2026-09-23T03:53:00.000-04:00,49.28,
2026-09-23T03:54:00.000-04:00,48.284,38.005
2026-09-23T03:55:00.000-04:00,48.533,
2026-09-23T03:56:00.000-04:00,48.506,
2026-09-23T03:57:00.000-04:00,48.272,38.005
2026-09-23T03:58:00.000-04:00,49.064,38.005
2026-09-23T03:59:00.000-04:00,48.83,
2026-09-23T04:00:00.000-04:00,48.151999999999994,38.005
2026-09-23T04:01:00.000-04:00,48.578,
2026-09-23T04:02:00.000-04:00,49.586,38.005
2026-09-23T04:03:00.000-04:00,48.713,
2026-09-23T04:04:00.000-04:00,48.92,38.005
2026-09-23T04:05:00.000-04:00,48.722,
2026-09-23T04:06:00.000-04:00,49.07,38.005
2026-09-23T04:07:00.000-04:00,49.568,
2026-09-23T04:08:00.000-04:00,47.21,38.005
2026-09-23T04:09:00.000-04:00,48.911,
2026-09-23T04:10:00.000-04:00,48.812,
2026-09-23T04:11:00.000-04:00,49.01,38.005
2026-09-23T04:12:00.000-04:00,49.586,
2026-09-23T04:13:00.000-04:00,49.28,38.005
2026-09-23T04:14:00.000-04:00,49.055,
2026-09-23T04:15:00.000-04:00,48.02,38.005
2026-09-23T04:16:00.000-04:00,49.181,
2026-09-23T04:17:00.000-04:00,48.812,38.005
2026-09-23T04:18:00.000-04:00,48.866,
2026-09-23T04:19:00.000-04:00,49.064,38.005
2026-09-23T04:20:00.000-04:00,49.388,
2026-09-23T04:21:00.000-04:00,49.649,38.005
2026-09-23T04:22:00.000-04:00,48.947,
2026-09-23T04:23:00.000-04:00,49.19,
2026-09-23T04:24:00.000-04:00,49.046,
2026-09-23T04:25:00.000-04:00,49.226,38.005
2026-09-23T04:26:00.000-04:00,49.136,
2026-09-23T04:27:00.000-04:00,49.172,
2026-09-23T04:28:00.000-04:00,49.154,38.005
2026-09-23T04:29:00.000-04:00,49.55,38.005
2026-09-23T04:30:00.000-04:00,49.370000000000005,
2026-09-23T04:31:00.000-04:00,49.001,
2026-09-23T04:32:00.000-04:00,49.334,
2026-09-23T04:33:00.000-04:00,49.847,
2026-09-23T04:34:00.000-04:00,49.28,
2026-09-23T04:35:00.000-04:00,49.334,
2026-09-23T04:36:00.000-04:00,49.126999999999995,
2026-09-23T04:37:00.000-04:00,49.135999999999996,
2026-09-23T04:38:00.000-04:00,49.271,
2026-09-23T04:39:00.000-04:00,49.81999999999999,
2026-09-23T04:40:00.000-04:00,49.406,
2026-09-23T04:41:00.000-04:00,49.784,
2026-09-23T04:42:00.000-04:00,49.352000000000004,
2026-09-23T04:43:00.000-04:00,49.370000000000005,
2026-09-23T04:44:00.000-04:00,49.928,
2026-09-23T04:45:00.000-04:00,49.316,
2026-09-23T04:46:00.000-04:00,48.938,38.005
2026-09-23T04:47:00.000-04:00,49.091,
2026-09-23T04:48:00.000-04:00,48.866,
2026-09-23T04:49:00.000-04:00,49.838,38.005
2026-09-23T04:50:00.000-04:00,49.916,38.005
2026-09-23T04:51:00.000-04:00,49.766,
2026-09-23T04:52:00.000-04:00,49.424,38.005
2026-09-23T04:53:00.000-04:00,49.208,
2026-09-23T04:54:00.000-04:00,49.118,38.005
2026-09-23T04:55:00.000-04:00,49.919,
2026-09-23T04:56:00.000-04:00,49.802,
2026-09-23T04:57:00.000-04:00,50.09,
2026-09-23T04:58:00.000-04:00,49.669999999999995,38.005
2026-09-23T04:59:00.000-04:00,49.685,
2026-09-23T05:00:00.000-04:00,49.388,38.005
2026-09-23T05:01:00.000-04:00,50.233999999999995,
2026-09-23T05:02:00.000-04:00,49.577,
2026-09-23T05:03:00.000-04:00,49.694,
2026-09-23T05:04:00.000-04:00,49.919,
2026-09-23T05:05:00.000-04:00,49.694,
2026-09-23T05:06:00.000-04:00,50.233999999999995,38.005
2026-09-23T05:07:00.000-04:00,49.388,
2026-09-23T05:08:00.000-04:00,50.306,38.005
2026-09-23T05:09:00.000-04:00,49.64,
2026-09-23T05:10:00.000-04:00,50.162,
2026-09-23T05:11:00.000-04:00,50.666,38.005
2026-09-23T05:12:00.000-04:00,50.504,38.005
2026-09-23T05:13:00.000-04:00,49.838,38.005
2026-09-23T05:15:00.000-04:00,49.928,38.005
2026-09-23T05:16:00.000-04:00,49.712,
2026-09-23T05:17:00.000-04:00,49.694,
2026-09-23T05:18:00.000-04:00,49.892,
2026-09-23T05:19:00.000-04:00,50.018,
2026-09-23T05:20:00.000-04:00,49.477999999999994,
2026-09-23T05:21:00.000-04:00,49.784,38.005
2026-09-23T05:22:00.000-04:00,49.873999999999995,
2026-09-23T05:23:00.000-04:00,50.144,
2026-09-23T05:24:00.000-04:00,50.378,38.005
2026-09-23T05:25:00.000-04:00,49.900999999999996,
2026-09-23T05:26:00.000-04:00,49.703,
2026-09-23T05:27:00.000-04:00,50.099000000000004,
2026-09-23T05:28:00.000-04:00,50.171,
2026-09-23T05:29:00.000-04:00,50.0,
2026-09-23T05:30:00.000-04:00,50.666,
2026-09-23T05:31:00.000-04:00,49.855999999999995,
2026-09-23T05:32:00.000-04:00,50.378,
2026-09-23T05:33:00.000-04:00,49.865,
2026-09-23T05:34:00.000-04:00,50.251999999999995,
2026-09-23T05:35:00.000-04:00,50.234,
2026-09-23T05:36:00.000-04:00,50.108000000000004,
2026-09-23T05:37:00.000-04:00,50.242999999999995,
2026-09-23T05:38:00.000-04:00,50.405,
2026-09-23T05:39:00.000-04:00,50.18,
2026-09-23T05:40:00.000-04:00,50.666,
2026-09-23T05:41:00.000-04:00,50.63,
2026-09-23T05:42:00.000-04:00,50.647999999999996,
2026-09-23T05:43:00.000-04:00,50.162,
2026-09-23T05:44:00.000-04:00,50.576,
2026-09-23T05:45:00.000-04:00,50.486000000000004,
2026-09-23T05:46:00.000-04:00,50.09,38.005
2026-09-23T05:47:00.000-04:00,50.252,38.005
2026-09-23T05:48:00.000-04:00,50.486000000000004,
2026-09-23T05:49:00.000-04:00,50.351,
2026-09-23T05:50:00.000-04:00,50.495000000000005,38.005
2026-09-23T05:51:00.000-04:00,50.693,
2026-09-23T05:52:00.000-04:00,50.126,
2026-09-23T05:53:00.000-04:00,50.531,
2026-09-23T05:54:00.000-04:00,50.81,38.005
2026-09-23T05:55:00.000-04:00,50.306,38.005
2026-09-23T05:56:00.000-04:00,50.648,
2026-09-23T05:57:00.000-04:00,50.0,38.005
2026-09-23T05:58:00.000-04:00,51.014,38.005
2026-09-23T05:59:00.000-04:00,50.225,
2026-09-23T06:00:00.000-04:00,50.549,
2026-09-23T06:01:00.000-04:00,50.54,
2026-09-23T06:02:00.000-04:00,50.828,
2026-09-23T06:03:00.000-04:00,50.918,38.005
2026-09-23T06:04:00.000-04:00,51.314,38.005
2026-09-23T06:05:00.000-04:00,49.964,
2026-09-23T06:06:00.000-04:00,50.576,38.005
2026-09-23T06:07:00.000-04:00,50.9,38.005
2026-09-23T06:08:00.000-04:00,51.376999999999995,
2026-09-23T06:09:00.000-04:00,50.936,
2026-09-23T06:10:00.000-04:00,50.864,38.005
2026-09-23T06:11:00.000-04:00,50.828,
2026-09-23T06:12:00.000-04:00,51.152,38.005
2026-09-23T06:13:00.000-04:00,51.104000000000006,38.005
2026-09-23T06:14:00.000-04:00,50.63,
2026-09-23T06:15:00.000-04:00,51.467,
2026-09-23T06:16:00.000-04:00,50.216,38.005
2026-09-23T06:17:00.000-04:00,50.63,38.005
2026-09-23T06:18:00.000-04:00,51.098,
2026-09-23T06:19:00.000-04:00,50.576,38.005
2026-09-23T06:20:00.000-04:00,50.9,38.005
2026-09-23T06:21:00.000-04:00,51.062,
2026-09-23T06:22:00.000-04:00,50.63,
2026-09-23T06:23:00.000-04:00,50.882000000000005,38.005
2026-09-23T06:24:00.000-04:00,50.774,
2026-09-23T06:27:00.000-04:00,50.432,
2026-09-23T06:28:00.000-04:00,51.224,38.005
2026-09-23T06:29:00.000-04:00,50.693,
2026-09-23T06:30:00.000-04:00,50.594,
2026-09-23T06:31:00.000-04:00,51.368,
2026-09-23T06:32:00.000-04:00,51.116,38.005
2026-09-23T06:33:00.000-04:00,51.29600000000001,
2026-09-23T06:34:00.000-04:00,51.386,
2026-09-23T06:37:00.000-04:00,51.17,38.005
2026-09-23T06:38:00.000-04:00,51.305,
2026-09-23T06:39:00.000-04:00,51.062,
2026-09-23T06:40:00.000-04:00,51.179,
2026-09-23T06:42:00.000-04:00,51.584,38.005
2026-09-23T06:43:00.000-04:00,50.998999999999995,
2026-09-23T06:44:00.000-04:00,51.332,38.005
2026-09-23T06:45:00.000-04:00,51.044,38.005
2026-09-23T06:46:00.000-04:00,51.638,
2026-09-23T06:47:00.000-04:00,51.314,38.005
2026-09-23T06:48:00.000-04:00,51.476,
2026-09-23T06:49:00.000-04:00,51.179,
2026-09-23T06:50:00.000-04:00,51.188,38.005
2026-09-23T06:51:00.000-04:00,50.99,38.005
2026-09-23T06:52:00.000-04:00,51.656,38.005
2026-09-23T06:53:00.000-04:00,51.656,
2026-09-23T06:54:00.000-04:00,50.980999999999995,
2026-09-23T06:55:00.000-04:00,51.584,
2026-09-23T06:56:00.000-04:00,51.548,38.005
2026-09-23T06:57:00.000-04:00,51.572,38.005
2026-09-23T06:58:00.000-04:00,50.234,
2026-09-23T06:59:00.000-04:00,50.918,38.005
2026-09-23T07:00:00.000-04:00,51.368,38.005
2026-09-23T07:01:00.000-04:00,51.341,
2026-09-23T07:02:00.000-04:00,51.458,
2026-09-23T07:03:00.000-04:00,51.728,
2026-09-23T07:04:00.000-04:00,51.926,
2026-09-23T07:05:00.000-04:00,51.188,38.005
2026-09-23T07:06:00.000-04:00,51.260000000000005,38.005
2026-09-23T07:07:00.000-04:00,51.373999999999995,38.005
2026-09-23T07:08:00.000-04:00,51.35,
2026-09-23T07:09:00.000-04:00,51.656,38.005
2026-09-23T07:10:00.000-04:00,51.206,38.005
2026-09-23T07:11:00.000-04:00,51.854,38.005
2026-09-23T07:12:00.000-04:00,51.017,
2026-09-23T07:13:00.000-04:00,52.07,
2026-09-23T07:14:00.000-04:00,51.206,38.005
2026-09-23T07:17:00.000-04:00,51.611000000000004,
2026-09-23T07:18:00.000-04:00,51.8,38.005
2026-09-23T07:19:00.000-04:00,51.926,38.005
2026-09-23T07:20:00.000-04:00,51.512,
2026-09-23T07:21:00.000-04:00,51.217999999999996,38.005
2026-09-23T07:22:00.000-04:00,51.953,
2026-09-23T07:23:00.000-04:00,51.71,38.005
2026-09-23T07:24:00.000-04:00,51.331999999999994,
2026-09-23T07:25:00.000-04:00,51.818,
2026-09-23T07:26:00.000-04:00,51.602,
2026-09-23T07:27:00.000-04:00,51.518,38.005
2026-09-23T07:28:00.000-04:00,51.53,
2026-09-23T07:29:00.000-04:00,51.827,
2026-09-23T07:30:00.000-04:00,51.557,
2026-09-23T07:31:00.000-04:00,51.512,38.005
2026-09-23T07:32:00.000-04:00,51.512,
2026-09-23T07:33:00.000-04:00,51.926,
2026-09-23T07:36:00.000-04:00,51.494,
2026-09-23T07:37:00.000-04:00,51.818,
2026-09-23T07:38:00.000-04:00,51.566,
2026-09-23T07:39:00.000-04:00,51.026,
2026-09-23T07:40:00.000-04:00,51.332,
2026-09-23T07:41:00.000-04:00,52.232,
2026-09-23T07:42:00.000-04:00,52.232,38.005
2026-09-23T07:43:00.000-04:00,51.989000000000004,
2026-09-23T07:44:00.000-04:00,52.150999999999996,
2026-09-23T07:45:00.000-04:00,51.962,
2026-09-23T07:46:00.000-04:00,51.992,38.005
2026-09-23T07:47:00.000-04:00,52.223,
2026-09-23T07:49:00.000-04:00,52.331,
2026-09-23T07:50:00.000-04:00,51.763999999999996,
2026-09-23T07:51:00.000-04:00,51.926,
2026-09-23T07:52:00.000-04:00,52.754,
2026-09-23T07:53:00.000-04:00,52.358000000000004,
2026-09-23T07:54:00.000-04:00,52.394,
2026-09-23T07:55:00.000-04:00,52.492999999999995,
2026-09-23T07:56:00.000-04:00,52.403000000000006,
2026-09-23T07:57:00.000-04:00,52.376,38.005
2026-09-23T07:58:00.000-04:00,52.178,
2026-09-23T07:59:00.000-04:00,52.292,38.005
2026-09-23T08:00:00.000-04:00,52.034,38.005
2026-09-23T08:01:00.000-04:00,52.196,38.005
2026-09-23T08:02:00.000-04:00,52.772,
2026-09-23T08:03:00.000-04:00,52.169,
2026-09-23T08:04:00.000-04:00,51.772999999999996,
2026-09-23T08:05:00.000-04:00,52.132999999999996,
2026-09-23T08:06:00.000-04:00,52.394,
2026-09-23T08:07:00.000-04:00,52.349000000000004,38.005
2026-09-23T08:09:00.000-04:00,52.277,
2026-09-23T08:10:00.000-04:00,52.331,
2026-09-23T08:11:00.000-04:00,52.43,
2026-09-23T08:16:00.000-04:00,51.818,
2026-09-23T08:17:00.000-04:00,52.439,
2026-09-23T08:18:00.000-04:00,52.538,
2026-09-23T08:19:00.000-04:00,52.376,
2026-09-23T08:20:00.000-04:00,53.015,
2026-09-23T08:21:00.000-04:00,52.052,
2026-09-23T08:23:00.000-04:00,50.984,38.005
2026-09-23T08:24:00.000-04:00,50.629999999999995,
2026-09-23T08:26:00.000-04:00,49.154,38.005
2026-09-23T08:27:00.000-04:00,49.82,38.005
2026-09-23T08:28:00.000-04:00,50.054,
2026-09-23T08:29:00.000-04:00,49.199,
2026-09-23T08:30:00.000-04:00,49.208,
2026-09-23T08:32:00.000-04:00,48.578,
2026-09-23T08:33:00.000-04:00,49.379000000000005,
2026-09-23T08:34:00.000-04:00,49.775,
2026-09-23T08:35:00.000-04:00,49.181,
2026-09-23T08:36:00.000-04:00,49.055,
2026-09-23T08:37:00.000-04:00,49.172,
2026-09-23T08:38:00.000-04:00,49.298,
2026-09-23T08:41:00.000-04:00,48.281,
2026-09-23T08:42:00.000-04:00,47.939,
2026-09-23T08:43:00.000-04:00,48.29,
2026-09-23T08:47:00.000-04:00,47.906,38.005
2026-09-23T08:48:00.000-04:00,48.038,
2026-09-23T08:49:00.000-04:00,48.146,
2026-09-23T08:51:00.000-04:00,47.66,
2026-09-23T08:52:00.000-04:00,48.028999999999996,
2026-09-23T08:53:00.000-04:00,48.56,
2026-09-23T08:54:00.000-04:00,48.344,
2026-09-23T08:55:00.000-04:00,47.84,
2026-09-23T08:56:00.000-04:00,47.84,
2026-09-23T08:57:00.000-04:00,47.245999999999995,
2026-09-23T08:58:00.000-04:00,46.840999999999994,
2026-09-23T08:59:00.000-04:00,47.822,
2026-09-23T09:03:00.000-04:00,46.436,
2026-09-23T09:04:00.000-04:00,47.507000000000005,
2026-09-23T09:06:00.000-04:00,47.768,
2026-09-23T09:13:00.000-04:00,46.976,
2026-09-23T09:14:00.000-04:00,47.624,
2026-09-23T09:16:00.000-04:00,47.264,38.005
2026-09-23T09:17:00.000-04:00,46.571,38.005
2026-09-23T09:25:00.000-04:00,46.958,
2026-09-23T09:26:00.000-04:00,46.778,38.005
2026-09-23T09:34:00.000-04:00,47.66,
2026-09-23T09:37:00.000-04:00,47.165,38.005
2026-09-23T09:44:00.000-04:00,46.832,
2026-09-23T09:55:00.000-04:00,46.526,
2026-09-23T09:56:00.000-04:00,46.516999999999996,
2026-09-23T09:57:00.000-04:00,46.922,
2026-09-23T09:58:00.000-04:00,46.256,
2026-09-23T09:59:00.000-04:00,47.174,
2026-09-23T10:00:00.000-04:00,46.913,
2026-09-23T10:01:00.000-04:00,46.598,
2026-09-23T10:02:00.000-04:00,46.589,
2026-09-23T10:03:00.000-04:00,46.138999999999996,
2026-09-23T10:04:00.000-04:00,46.544,38.005
2026-09-23T10:05:00.000-04:00,46.004,
2026-09-23T10:06:00.000-04:00,47.264,38.005
2026-09-23T10:07:00.000-04:00,46.355000000000004,
2026-09-23T10:08:00.000-04:00,46.958,
2026-09-23T10:09:00.000-04:00,46.166,38.005
2026-09-23T10:10:00.000-04:00,46.184,
2026-09-23T10:11:00.000-04:00,46.400000000000006,
2026-09-23T10:12:00.000-04:00,46.337,
2026-09-23T10:13:00.000-04:00,46.166,38.005
2026-09-23T10:14:00.000-04:00,46.652,38.005
2026-09-23T10:15:00.000-04:00,47.120000000000005,
2026-09-23T10:16:00.000-04:00,46.337,
2026-09-23T10:17:00.000-04:00,46.247,
2026-09-23T10:19:00.000-04:00,46.538000000000004,38.005
2026-09-23T10:20:00.000-04:00,46.553,
2026-09-23T10:21:00.000-04:00,45.833,
2026-09-23T10:22:00.000-04:00,46.391000000000005,
2026-09-23T10:23:00.000-04:00,46.256,
2026-09-23T10:24:00.000-04:00,46.184,
2026-09-23T10:25:00.000-04:00,46.553,
2026-09-23T10:26:00.000-04:00,46.391000000000005,
2026-09-23T10:27:00.000-04:00,46.31,
2026-09-23T10:28:00.000-04:00,46.418,
2026-09-23T10:29:00.000-04:00,46.499,
2026-09-23T10:30:00.000-04:00,45.914,
2026-09-23T10:31:00.000-04:00,46.364000000000004,
2026-09-23T10:32:00.000-04:00,45.833,
2026-09-23T10:33:00.000-04:00,46.481,
2026-09-23T10:34:00.000-04:00,46.544,
2026-09-23T10:35:00.000-04:00,45.86600000000001,38.005
2026-09-23T10:36:00.000-04:00,46.265,
2026-09-23T10:37:00.000-04:00,47.480000000000004,
2026-09-23T10:38:00.000-04:00,48.488,
2026-09-23T10:39:00.000-04:00,48.947,
2026-09-23T10:40:00.000-04:00,49.522999999999996,38.005
2026-09-23T10:41:00.000-04:00,49.226,
2026-09-23T10:42:00.000-04:00,49.775000000000006,
2026-09-23T10:43:00.000-04:00,49.442,
2026-09-23T10:44:00.000-04:00,49.676,
2026-09-23T10:45:00.000-04:00,50.09,
2026-09-23T10:46:00.000-04:00,49.955,
2026-09-23T10:47:00.000-04:00,50.18,38.005
2026-09-23T10:48:00.000-04:00,49.874,38.005
2026-09-23T10:49:00.000-04:00,49.919,
2026-09-23T10:50:00.000-04:00,49.748,
2026-09-23T10:51:00.000-04:00,49.73,38.005
2026-09-23T10:52:00.000-04:00,49.864999999999995,
2026-09-23T10:53:00.000-04:00,50.306,38.005
2026-09-23T10:54:00.000-04:00,50.54,
2026-09-23T10:55:00.000-04:00,50.620999999999995,
2026-09-23T10:56:00.000-04:00,50.278999999999996,
2026-09-23T10:57:00.000-04:00,50.909,
2026-09-23T10:58:00.000-04:00,50.369,
2026-09-23T10:59:00.000-04:00,50.576,
2026-09-23T11:00:00.000-04:00,49.766,
2026-09-23T11:01:00.000-04:00,50.342,38.005
2026-09-23T11:02:00.000-04:00,50.414,38.005
2026-09-23T11:03:00.000-04:00,49.495999999999995,38.005
2026-09-23T11:04:00.000-04:00,50.216,
2026-09-23T11:05:00.000-04:00,50.369,
2026-09-23T11:06:00.000-04:00,50.441,
2026-09-23T11:07:00.000-04:00,50.432,
2026-09-23T11:08:00.000-04:00,50.711,
2026-09-23T11:09:00.000-04:00,50.558,
2026-09-23T11:10:00.000-04:00,50.443999999999996,38.005
2026-09-23T11:11:00.000-04:00,50.369,
2026-09-23T11:12:00.000-04:00,49.811,
2026-09-23T11:13:00.000-04:00,50.126,
2026-09-23T11:14:00.000-04:00,49.64,38.005
2026-09-23T11:15:00.000-04:00,49.73,38.005
2026-09-23T11:16:00.000-04:00,49.694,38.005
2026-09-23T11:17:00.000-04:00,48.842000000000006,38.005
2026-09-23T11:18:00.000-04:00,48.857,
2026-09-23T11:19:00.000-04:00,49.712,
2026-09-23T11:20:00.000-04:00,48.956,38.005
2026-09-23T11:21:00.000-04:00,49.388,38.005
2026-09-23T11:22:00.000-04:00,48.776,38.005
2026-09-23T11:23:00.000-04:00,48.794,
2026-09-23T11:24:00.000-04:00,49.496,38.005
2026-09-23T11:25:00.000-04:00,49.082,
2026-09-23T11:26:00.000-04:00,48.776,
2026-09-23T11:27:00.000-04:00,48.236000000000004,
2026-09-23T11:28:00.000-04:00,48.866,
2026-09-23T11:29:00.000-04:00,48.836000000000006,38.005
2026-09-23T11:30:00.000-04:00,48.263000000000005,
2026-09-23T11:31:00.000-04:00,48.397999999999996,
2026-09-23T11:32:00.000-04:00,48.416,
2026-09-23T11:33:00.000-04:00,47.966,
2026-09-23T11:34:00.000-04:00,47.876,
2026-09-23T11:35:00.000-04:00,48.83,38.005
2026-09-23T11:36:00.000-04:00,48.281000000000006,
2026-09-23T11:37:00.000-04:00,49.144999999999996,
2026-09-23T11:38:00.000-04:00,49.55,
2026-09-23T11:39:00.000-04:00,48.403999999999996,38.005
2026-09-23T11:40:00.000-04:00,47.669,
2026-09-23T11:41:00.000-04:00,47.66,
2026-09-23T11:42:00.000-04:00,48.29,38.005
2026-09-23T11:43:00.000-04:00,48.848,
2026-09-23T11:44:00.000-04:00,48.56,
2026-09-23T11:45:00.000-04:00,48.164,
2026-09-23T11:46:00.000-04:00,47.552,
2026-09-23T11:47:00.000-04:00,48.596,
2026-09-23T11:48:00.000-04:00,48.218,
2026-09-23T11:49:00.000-04:00,47.399,
2026-09-23T11:50:00.000-04:00,47.147,
2026-09-23T11:51:00.000-04:00,48.019999999999996,
2026-09-23T11:52:00.000-04:00,48.587,
2026-09-23T11:53:00.000-04:00,48.551,
2026-09-23T11:54:00.000-04:00,47.876000000000005,
2026-09-23T11:55:00.000-04:00,47.741,
2026-09-23T11:56:00.000-04:00,48.065,
2026-09-23T11:57:00.000-04:00,47.84,38.005
2026-09-23T11:58:00.000-04:00,48.497,
2026-09-23T11:59:00.000-04:00,49.019,
2026-09-23T12:00:00.000-04:00,49.118,
2026-09-23T12:01:00.000-04:00,49.001,
2026-09-23T12:02:00.000-04:00,48.497,
2026-09-23T12:03:00.000-04:00,48.056,
2026-09-23T12:04:00.000-04:00,47.444,
2026-09-23T12:05:00.000-04:00,47.906,38.005
2026-09-23T12:06:00.000-04:00,48.146,
2026-09-23T12:07:00.000-04:00,47.552,38.005
2026-09-23T12:08:00.000-04:00,47.078,38.005
2026-09-23T12:09:00.000-04:00,48.218,38.005
2026-09-23T12:10:00.000-04:00,47.236999999999995,
2026-09-23T12:11:00.000-04:00,47.984,
2026-09-23T12:12:00.000-04:00,48.164,
2026-09-23T12:13:00.000-04:00,46.913,38.005
2026-09-23T12:14:00.000-04:00,47.768,
2026-09-23T12:15:00.000-04:00,47.696,
2026-09-23T12:16:00.000-04:00,48.245,
2026-09-23T12:17:00.000-04:00,48.992,
2026-09-23T12:18:00.000-04:00,48.403999999999996,38.005
2026-09-23T12:19:00.000-04:00,47.399,
2026-09-23T12:20:00.000-04:00,48.029,
2026-09-23T12:21:00.000-04:00,47.480000000000004,38.005
2026-09-23T12:22:00.000-04:00,47.606,
2026-09-23T12:23:00.000-04:00,48.89000000000001,38.005
2026-09-23T12:24:00.000-04:00,47.714,38.005
2026-09-23T12:25:00.000-04:00,47.588,
2026-09-23T12:26:00.000-04:00,46.544,
2026-09-23T12:27:00.000-04:00,47.768,
2026-09-23T12:28:00.000-04:00,48.074,38.005
2026-09-23T12:29:00.000-04:00,47.336000000000006,38.005
2026-09-23T12:30:00.000-04:00,48.227000000000004,
2026-09-23T12:31:00.000-04:00,48.578,
2026-09-23T12:32:00.000-04:00,48.461,38.005
2026-09-23T12:33:00.000-04:00,48.506,
2026-09-23T12:34:00.000-04:00,48.68000000000001,38.005
2026-09-23T12:35:00.000-04:00,48.2,38.005
2026-09-23T12:36:00.000-04:00,48.397999999999996,
2026-09-23T12:37:00.000-04:00,48.551,
2026-09-23T12:38:00.000-04:00,48.524,38.005
2026-09-23T12:40:00.000-04:00,48.74,
2026-09-23T12:42:00.000-04:00,49.334,
2026-09-23T12:44:00.000-04:00,49.55,
2026-09-23T12:45:00.000-04:00,48.632000000000005,
2026-09-23T12:48:00.000-04:00,50.234,
2026-09-23T12:52:00.000-04:00,48.488,38.005
2026-09-23T12:54:00.000-04:00,49.244,
2026-09-23T12:56:00.000-04:00,47.480000000000004,38.005
2026-09-23T12:58:00.000-04:00,48.218,38.005
2026-09-23T13:01:00.000-04:00,49.478,38.005
2026-09-23T13:04:00.000-04:00,47.795,38.005
2026-09-23T13:05:00.000-04:00,48.992,38.005
2026-09-23T13:06:00.000-04:00,48.704,
2026-09-23T13:08:00.000-04:00,49.055,38.005
2026-09-23T13:09:00.000-04:00,48.074,
2026-09-23T13:10:00.000-04:00,49.244,38.005
2026-09-23T13:11:00.000-04:00,48.938,38.005
2026-09-23T13:12:00.000-04:00,48.452,
2026-09-23T13:13:00.000-04:00,47.246,
2026-09-23T13:15:00.000-04:00,49.334,
2026-09-23T13:19:00.000-04:00,48.587,
2026-09-23T13:20:00.000-04:00,48.434,
2026-09-23T13:22:00.000-04:00,48.497,38.005
2026-09-23T13:23:00.000-04:00,48.542,
2026-09-23T13:24:00.000-04:00,49.505,
2026-09-23T13:25:00.000-04:00,50.153,
2026-09-23T13:26:00.000-04:00,51.152,
2026-09-23T13:27:00.000-04:00,51.197,
2026-09-23T13:28:00.000-04:00,50.594,
2026-09-23T13:29:00.000-04:00,49.478,
2026-09-23T13:30:00.000-04:00,50.096000000000004,38.005
2026-09-23T13:31:00.000-04:00,49.203500000000005,
2026-09-23T13:32:00.000-04:00,49.3835,
2026-09-23T13:33:00.000-04:00,50.472500000000004,
2026-09-23T13:34:00.000-04:00,50.981,
2026-09-23T13:35:00.000-04:00,51.485,
2026-09-23T13:36:00.000-04:00,52.178,
2026-09-23T13:37:00.000-04:00,53.262499999999996,
2026-09-23T13:38:00.000-04:00,53.21,
2026-09-23T13:39:00.000-04:00,52.98440000000001,
2026-09-23T13:40:00.000-04:00,52.784,
2026-09-23T13:41:00.000-04:00,52.826,
2026-09-23T13:42:00.000-04:00,53.18,
2026-09-23T13:43:00.000-04:00,52.4696,
2026-09-23T13:44:00.000-04:00,51.962,
2026-09-23T13:45:00.000-04:00,51.242000000000004,
2026-09-23T13:46:00.000-04:00,50.407999999999994,
2026-09-23T13:47:00.000-04:00,50.319500000000005,
2026-09-23T13:48:00.000-04:00,51.0332,
2026-09-23T13:49:00.000-04:00,51.080000000000005,
2026-09-23T13:50:00.000-04:00,50.954,
2026-09-23T13:51:00.000-04:00,50.594,
2026-09-23T13:52:00.000-04:00,50.81,
2026-09-23T13:53:00.000-04:00,51.44,
2026-09-23T13:54:00.000-04:00,52.2608,
2026-09-23T13:55:00.000-04:00,53.141000000000005,
2026-09-23T13:56:00.000-04:00,51.723499999999994,
2026-09-23T13:57:00.000-04:00,51.620000000000005,
2026-09-23T13:58:00.000-04:00,51.341,
2026-09-23T13:59:00.000-04:00,51.5435,
2026-09-23T14:00:00.000-04:00,51.314,
2026-09-23T14:01:00.000-04:00,51.143,
2026-09-23T14:02:00.000-04:00,50.74250000000001,
2026-09-23T14:03:00.000-04:00,50.846000000000004,
2026-09-23T14:04:00.000-04:00,50.8325,
2026-09-23T14:05:00.000-04:00,50.355500000000006,
2026-09-23T14:06:00.000-04:00,50.714,
2026-09-23T14:07:00.000-04:00,50.432,
2026-09-23T14:08:00.000-04:00,51.102500000000006,
2026-09-23T14:09:00.000-04:00,51.057500000000005,
2026-09-23T14:10:00.000-04:00,50.7155,
2026-09-23T14:11:00.000-04:00,50.984,
2026-09-23T14:12:00.000-04:00,50.8208,
2026-09-23T14:13:00.000-04:00,51.539,
2026-09-23T14:14:00.000-04:00,50.99,
2026-09-23T14:15:00.000-04:00,51.007999999999996,
2026-09-23T14:16:00.000-04:00,50.696000000000005,
2026-09-23T14:17:00.000-04:00,50.49680000000001,
2026-09-23T14:18:00.000-04:00,50.5805,
2026-09-23T14:19:00.000-04:00,50.312000000000005,
2026-09-23T14:20:00.000-04:00,51.3356,
2026-09-23T14:21:00.000-04:00,51.1565,
2026-09-23T14:22:00.000-04:00,50.7695,
2026-09-23T14:23:00.000-04:00,50.696000000000005,
2026-09-23T14:24:00.000-04:00,50.706500000000005,
2026-09-23T14:25:00.000-04:00,51.08,
2026-09-23T14:26:00.000-04:00,50.36,
2026-09-23T14:27:00.000-04:00,50.2115,
2026-09-23T14:28:00.000-04:00,50.09,
2026-09-23T14:29:00.000-04:00,50.297,
2026-09-23T14:30:00.000-04:00,50.40050000000001,
2026-09-23T14:31:00.000-04:00,50.234,
2026-09-23T14:32:00.000-04:00,50.345600000000005,
2026-09-23T14:33:00.000-04:00,49.3835,
2026-09-23T14:34:00.000-04:00,49.5635,
2026-09-23T14:35:00.000-04:00,49.7525,
2026-09-23T14:36:00.000-04:00,49.9505,
2026-09-23T14:37:00.000-04:00,50.467999999999996,
2026-09-23T14:38:00.000-04:00,49.613,
2026-09-23T14:39:00.000-04:00,49.6715,
2026-09-23T14:40:00.000-04:00,49.572500000000005,
2026-09-23T14:41:00.000-04:00,49.685,
2026-09-23T14:42:00.000-04:00,50.0405,
2026-09-23T14:43:00.000-04:00,49.4195,
2026-09-23T14:44:00.000-04:00,49.44200000000001,
2026-09-23T14:45:00.000-04:00,49.358000000000004,
2026-09-23T14:46:00.000-04:00,49.733599999999996,
2026-09-23T14:47:00.000-04:00,49.5635,
2026-09-23T14:48:00.000-04:00,49.675999999999995,
2026-09-23T14:49:00.000-04:00,49.7804,
2026-09-23T14:50:00.000-04:00,50.174,
2026-09-23T14:51:00.000-04:00,49.942400000000006,
2026-09-23T14:52:00.000-04:00,50.76499999999999,
2026-09-23T14:53:00.000-04:00,52.286,
2026-09-23T14:54:00.000-04:00,52.834999999999994,
2026-09-23T14:55:00.000-04:00,52.6685,
2026-09-23T14:56:00.000-04:00,52.565,
2026-09-23T14:57:00.000-04:00,52.2905,
2026-09-23T14:58:00.000-04:00,51.584,
2026-09-23T14:59:00.000-04:00,50.9765,
2026-09-23T15:00:00.000-04:00,50.446400000000004,
2026-09-23T15:01:00.000-04:00,50.76500000000001,
2026-09-23T15:02:00.000-04:00,50.724500000000006,
2026-09-23T15:03:00.000-04:00,50.35999999999999,
2026-09-23T15:04:00.000-04:00,50.475199999999994,
2026-09-23T15:05:00.000-04:00,50.0315,
2026-09-23T15:06:00.000-04:00,50.4635,
2026-09-23T15:07:00.000-04:00,50.076499999999996,
2026-09-23T15:08:00.000-04:00,50.1395,
2026-09-23T15:09:00.000-04:00,51.458,
2026-09-23T15:10:00.000-04:00,51.5048,
2026-09-23T15:11:00.000-04:00,51.446,
2026-09-23T15:12:00.000-04:00,51.331999999999994,
2026-09-23T15:13:00.000-04:00,51.147499999999994,
2026-09-23T15:14:00.000-04:00,50.5355,
2026-09-23T15:15:00.000-04:00,50.108,
2026-09-23T15:16:00.000-04:00,50.459,
2026-09-23T15:17:00.000-04:00,50.643499999999996,
2026-09-23T15:18:00.000-04:00,50.56699999999999,
2026-09-23T15:19:00.000-04:00,50.45,
2026-09-23T15:20:00.000-04:00,50.432,
2026-09-23T15:21:00.000-04:00,49.91,
2026-09-23T15:22:00.000-04:00,50.1215,
2026-09-23T15:23:00.000-04:00,50.009,
2026-09-23T15:24:00.000-04:00,49.8155,
2026-09-23T15:25:00.000-04:00,49.662499999999994,
2026-09-23T15:26:00.000-04:00,49.284499999999994,
2026-09-23T15:27:00.000-04:00,49.2215,
2026-09-23T15:28:00.000-04:00,49.4915,
2026-09-23T15:29:00.000-04:00,50.16199999999999,
2026-09-23T15:30:00.000-04:00,49.62199999999999,
2026-09-23T15:31:00.000-04:00,49.343,
2026-09-23T15:32:00.000-04:00,49.302499999999995,
2026-09-23T15:33:00.000-04:00,49.554500000000004,
2026-09-23T15:34:00.000-04:00,49.325,
2026-09-23T15:35:00.000-04:00,49.1135,
2026-09-23T15:36:00.000-04:00,49.1585,
2026-09-23T15:37:00.000-04:00,49.3025,
2026-09-23T15:38:00.000-04:00,49.262,
2026-09-23T15:39:00.000-04:00,50.4545,
2026-09-23T15:40:00.000-04:00,50.0495,
2026-09-23T15:41:00.000-04:00,49.6625,
2026-09-23T15:42:00.000-04:00,49.7975,
2026-09-23T15:43:00.000-04:00,49.8065,
2026-09-23T15:44:00.000-04:00,49.662499999999994,
2026-09-23T15:45:00.000-04:00,49.090999999999994,
2026-09-23T15:46:00.000-04:00,49.1225,
2026-09-23T15:47:00.000-04:00,49.176500000000004,
2026-09-23T15:48:00.000-04:00,49.83800000000001,
2026-09-23T15:49:00.000-04:00,49.0505,
2026-09-23T15:50:00.000-04:00,49.46,
2026-09-23T15:51:00.000-04:00,49.347500000000004,
2026-09-23T15:52:00.000-04:00,49.631,
2026-09-23T15:53:00.000-04:00,49.342999999999996,
2026-09-23T15:54:00.000-04:00,49.073,
2026-09-23T15:55:00.000-04:00,49.163,
2026-09-23T15:56:00.000-04:00,49.4285,
2026-09-23T15:57:00.000-04:00,49.586,
2026-09-23T15:58:00.000-04:00,49.379000000000005,
2026-09-23T15:59:00.000-04:00,48.965,
2026-09-23T16:00:00.000-04:00,49.1135,
2026-09-23T16:01:00.000-04:00,48.8255,
2026-09-23T16:02:00.000-04:00,48.49249999999999,
2026-09-23T16:03:00.000-04:00,48.488,
2026-09-23T16:04:00.000-04:00,48.0335,
2026-09-23T16:05:00.000-04:00,48.263000000000005,
2026-09-23T16:06:00.000-04:00,47.669,
2026-09-23T16:07:00.000-04:00,47.795,
2026-09-23T16:08:00.000-04:00,48.668,
2026-09-23T16:09:00.000-04:00,47.776999999999994,
2026-09-23T16:10:00.000-04:00,47.7815,
2026-09-23T16:11:00.000-04:00,48.542,
2026-09-23T16:12:00.000-04:00,47.91199999999999,
2026-09-23T16:13:00.000-04:00,47.858,
2026-09-23T16:14:00.000-04:00,48.191,
2026-09-23T16:15:00.000-04:00,47.36749999999999,
2026-09-23T16:16:00.000-04:00,48.083000000000006,
2026-09-23T16:17:00.000-04:00,47.340500000000006,
2026-09-23T16:18:00.000-04:00,47.786,
2026-09-23T16:19:00.000-04:00,47.435,
2026-09-23T16:20:00.000-04:00,47.6285,
2026-09-23T16:21:00.000-04:00,47.272999999999996,
2026-09-23T16:22:00.000-04:00,47.4935,
2026-09-23T16:23:00.000-04:00,47.3135,
2026-09-23T16:24:00.000-04:00,47.0885,
2026-09-23T16:25:00.000-04:00,47.0975,
2026-09-23T16:26:00.000-04:00,47.263999999999996,
2026-09-23T16:27:00.000-04:00,46.971500000000006,
2026-09-23T16:28:00.000-04:00,46.98049999999999,
2026-09-23T16:29:00.000-04:00,47.237,
2026-09-23T16:30:00.000-04:00,47.480000000000004,
2026-09-23T16:31:00.000-04:00,47.084,
2026-09-23T16:32:00.000-04:00,47.912,
2026-09-23T16:33:00.000-04:00,47.1155,
2026-09-23T16:34:00.000-04:00,46.656499999999994,
2026-09-23T16:35:00.000-04:00,46.728500000000004,
2026-09-23T16:36:00.000-04:00,46.62949999999999,
2026-09-23T16:37:00.000-04:00,47.417,
2026-09-23T16:38:00.000-04:00,47.894,
2026-09-23T16:39:00.000-04:00,47.6015,
2026-09-23T16:40:00.000-04:00,47.4125,
2026-09-23T16:41:00.000-04:00,47.718500000000006,
2026-09-23T16:42:00.000-04:00,47.147,
2026-09-23T16:43:00.000-04:00,47.0795,
2026-09-23T16:44:00.000-04:00,47.056999999999995,
2026-09-23T16:45:00.000-04:00,46.9175,
2026-09-23T16:46:00.000-04:00,47.1065,
2026-09-23T16:47:00.000-04:00,46.5215,
2026-09-23T16:48:00.000-04:00,46.60249999999999,
2026-09-23T16:49:00.000-04:00,46.571,
2026-09-23T16:50:00.000-04:00,46.678999999999995,
2026-09-23T16:51:00.000-04:00,46.733000000000004,
2026-09-23T16:52:00.000-04:00,46.9985,
2026-09-23T16:53:00.000-04:00,47.4755,
2026-09-23T16:54:00.000-04:00,47.35849999999999,
2026-09-23T16:55:00.000-04:00,47.614999999999995,
2026-09-23T16:56:00.000-04:00,47.637499999999996,
2026-09-23T16:57:00.000-04:00,47.5385,
2026-09-23T16:58:00.000-04:00,46.9265,
2026-09-23T16:59:00.000-04:00,46.7915,
2026-09-23T17:00:00.000-04:00,46.678999999999995,
2026-09-23T17:01:00.000-04:00,47.057,
2026-09-23T17:02:00.000-04:00,47.0705,
2026-09-23T17:03:00.000-04:00,46.7195,
2026-09-23T17:04:00.000-04:00,46.643,
2026-09-23T17:05:00.000-04:00,46.472,
2026-09-23T17:06:00.000-04:00,46.89500000000001,
2026-09-23T17:07:00.000-04:00,46.4315,
2026-09-23T17:08:00.000-04:00,46.400000000000006,
2026-09-23T17:09:00.000-04:00,46.30550000000001,
2026-09-23T17:10:00.000-04:00,46.562000000000005,
2026-09-23T17:11:00.000-04:00,46.706,
2026-09-23T17:12:00.000-04:00,46.3595,
2026-09-23T17:13:00.000-04:00,46.436,
2026-09-23T17:14:00.000-04:00,46.607,
2026-09-23T17:15:00.000-04:00,46.76,
2026-09-23T17:16:00.000-04:00,46.616,
2026-09-23T17:17:00.000-04:00,46.67,
2026-09-23T17:18:00.000-04:00,46.751000000000005,
2026-09-23T17:19:00.000-04:00,46.436,
2026-09-23T17:20:00.000-04:00,46.085,
2026-09-23T17:21:00.000-04:00,47.03,
2026-09-23T17:22:00.000-04:00,46.841,
2026-09-23T17:23:00.000-04:00,46.507999999999996,
2026-09-23T17:24:00.000-04:00,46.796,
2026-09-23T17:25:00.000-04:00,46.5215,
2026-09-23T17:26:00.000-04:00,46.283,
2026-09-23T17:27:00.000-04:00,46.3955,
2026-09-23T17:28:00.000-04:00,46.058,
2026-09-23T17:29:00.000-04:00,46.49,
2026-09-23T17:30:00.000-04:00,46.481,
2026-09-23T17:31:00.000-04:00,47.2415,
2026-09-23T17:32:00.000-04:00,46.5665,
2026-09-23T17:33:00.000-04:00,46.535000000000004,
2026-09-23T17:34:00.000-04:00,46.3955,
2026-09-23T17:35:00.000-04:00,46.323499999999996,
2026-09-23T17:36:00.000-04:00,46.274,
2026-09-23T17:37:00.000-04:00,46.314499999999995,
2026-09-23T17:38:00.000-04:00,46.4045,
2026-09-23T17:39:00.000-04:00,45.995000000000005,
2026-09-23T17:40:00.000-04:00,46.4405,
2026-09-23T17:41:00.000-04:00,46.445,
2026-09-23T17:42:00.000-04:00,46.562000000000005,
2026-09-23T17:43:00.000-04:00,47.057,
2026-09-23T17:44:00.000-04:00,46.562,
2026-09-23T17:45:00.000-04:00,46.724000000000004,
2026-09-23T17:46:00.000-04:00,46.238,
2026-09-23T17:47:00.000-04:00,45.815,
2026-09-23T17:48:00.000-04:00,46.0445,
2026-09-23T17:49:00.000-04:00,46.6745,
2026-09-23T17:50:00.000-04:00,46.4405,
2026-09-23T17:51:00.000-04:00,45.810500000000005,
2026-09-23T17:52:00.000-04:00,46.04900000000001,
2026-09-23T17:53:00.000-04:00,46.445,
2026-09-23T17:54:00.000-04:00,46.2515,
2026-09-23T17:55:00.000-04:00,45.617000000000004,
2026-09-23T17:56:00.000-04:00,45.7655,
2026-09-23T17:57:00.000-04:00,46.301,
2026-09-23T17:58:00.000-04:00,46.026500000000006,
2026-09-23T17:59:00.000-04:00,45.851000000000006,
2026-09-23T18:00:00.000-04:00,45.846500000000006,
2026-09-23T18:01:00.000-04:00,46.103,
2026-09-23T18:02:00.000-04:00,45.743,
2026-09-23T18:03:00.000-04:00,46.093999999999994,
2026-09-23T18:04:00.000-04:00,45.941,
2026-09-23T18:05:00.000-04:00,46.256,
2026-09-23T18:06:00.000-04:00,46.148,
2026-09-23T18:07:00.000-04:00,45.878,
2026-09-23T18:08:00.000-04:00,45.707,
2026-09-23T18:09:00.000-04:00,46.129999999999995,
2026-09-23T18:10:00.000-04:00,46.2695,
2026-09-23T18:11:00.000-04:00,45.751999999999995,
2026-09-23T18:12:00.000-04:00,45.995,
2026-09-23T18:13:00.000-04:00,45.833,
2026-09-23T18:14:00.000-04:00,45.806000000000004,
2026-09-23T18:15:00.000-04:00,45.86450000000001,
2026-09-23T18:16:00.000-04:00,46.346000000000004,
2026-09-23T18:17:00.000-04:00,46.129999999999995,
2026-09-23T18:18:00.000-04:00,45.743,
2026-09-23T18:19:00.000-04:00,46.0355,
2026-09-23T18:20:00.000-04:00,46.256,
2026-09-23T18:21:00.000-04:00,46.224500000000006,
2026-09-23T18:22:00.000-04:00,45.464,
2026-09-23T18:23:00.000-04:00,45.7655,
2026-09-23T18:24:00.000-04:00,45.599,
2026-09-23T18:25:00.000-04:00,45.4865,
2026-09-23T18:26:00.000-04:00,46.46300000000001,
2026-09-23T18:27:00.000-04:00,46.53949999999999,
2026-09-23T18:28:00.000-04:00,46.8725,
2026-09-23T18:29:00.000-04:00,46.103,
2026-09-23T18:30:00.000-04:00,46.0805,
2026-09-23T18:31:00.000-04:00,46.373,
2026-09-23T18:32:00.000-04:00,45.9365,
2026-09-23T18:33:00.000-04:00,45.931999999999995,
2026-09-23T18:34:00.000-04:00,45.473,
2026-09-23T18:35:00.000-04:00,46.076,
2026-09-23T18:36:00.000-04:00,46.107499999999995,
2026-09-23T18:37:00.000-04:00,46.184,
2026-09-23T18:38:00.000-04:00,46.179500000000004,
2026-09-23T18:39:00.000-04:00,46.4045,
2026-09-23T18:40:00.000-04:00,45.518,
2026-09-23T18:41:00.000-04:00,45.7475,
2026-09-23T18:42:00.000-04:00,45.9635,
2026-09-23T18:43:00.000-04:00,45.7295,
2026-09-23T18:44:00.000-04:00,45.6755,
2026-09-23T18:45:00.000-04:00,44.681000000000004,
2026-09-23T18:46:00.000-04:00,44.9825,
2026-09-23T18:47:00.000-04:00,44.789,
2026-09-23T18:48:00.000-04:00,45.153499999999994,
2026-09-23T18:49:00.000-04:00,45.1355,
2026-09-23T18:50:00.000-04:00,45.0635,
2026-09-23T18:51:00.000-04:00,44.726,
2026-09-23T18:52:00.000-04:00,45.0815,
2026-09-23T18:53:00.000-04:00,44.9285,
2026-09-23T18:54:00.000-04:00,45.383,
2026-09-23T18:55:00.000-04:00,45.369499999999995,
2026-09-23T18:56:00.000-04:00,45.617000000000004,
2026-09-23T18:57:00.000-04:00,45.9005,
2026-09-23T18:58:00.000-04:00,46.1165,
2026-09-23T18:59:00.000-04:00,46.139,
2026-09-23T19:00:00.000-04:00,45.518,
2026-09-23T19:01:00.000-04:00,46.031000000000006,
2026-09-23T19:02:00.000-04:00,45.563,
2026-09-23T19:03:00.000-04:00,45.932,
2026-09-23T19:04:00.000-04:00,45.89149999999999,
2026-09-23T19:05:00.000-04:00,45.797,
2026-09-23T19:06:00.000-04:00,45.329,
2026-09-23T19:07:00.000-04:00,45.171499999999995,
2026-09-23T19:08:00.000-04:00,45.5405,
2026-09-23T19:09:00.000-04:00,45.6485,
2026-09-23T19:10:00.000-04:00,45.05,
2026-09-23T19:11:00.000-04:00,44.73950000000001,
2026-09-23T19:12:00.000-04:00,44.9465,
2026-09-23T19:13:00.000-04:00,45.131,
2026-09-23T19:14:00.000-04:00,45.0905,
2026-09-23T19:15:00.000-04:00,46.112,
2026-09-23T19:16:00.000-04:00,45.612500000000004,
2026-09-23T19:17:00.000-04:00,45.509,
2026-09-23T19:18:00.000-04:00,45.89149999999999,
2026-09-23T19:19:00.000-04:00,46.13,
2026-09-23T19:20:00.000-04:00,45.3245,
2026-09-23T19:21:00.000-04:00,46.0085,
2026-09-23T19:22:00.000-04:00,45.450500000000005,
2026-09-23T19:23:00.000-04:00,45.373999999999995,
2026-09-23T19:24:00.000-04:00,45.48649999999999,
2026-09-23T19:25:00.000-04:00,45.23,
2026-09-23T19:26:00.000-04:00,45.2615,
2026-09-23T19:27:00.000-04:00,45.383,
2026-09-23T19:28:00.000-04:00,45.054500000000004,
2026-09-23T19:29:00.000-04:00,45.356,
2026-09-23T19:30:00.000-04:00,45.401,
2026-09-23T19:31:00.000-04:00,45.351499999999994,
2026-09-23T19:32:00.000-04:00,45.2435,
2026-09-23T19:33:00.000-04:00,45.644,
2026-09-23T19:34:00.000-04:00,45.5945,
2026-09-23T19:35:00.000-04:00,45.797,
2026-09-23T19:36:00.000-04:00,44.99150000000001,
2026-09-23T19:37:00.000-04:00,45.005,
2026-09-23T19:38:00.000-04:00,45.149,
2026-09-23T19:39:00.000-04:00,45.851,
2026-09-23T19:40:00.000-04:00,45.275000000000006,
2026-09-23T19:41:00.000-04:00,45.760999999999996,
2026-09-23T19:42:00.000-04:00,45.900499999999994,
2026-09-23T19:43:00.000-04:00,46.0895,
2026-09-23T19:44:00.000-04:00,45.752,
2026-09-23T19:45:00.000-04:00,45.774499999999996,
2026-09-23T19:46:00.000-04:00,45.6215,
2026-09-23T19:47:00.000-04:00,44.8475,
2026-09-23T19:48:00.000-04:00,45.050000000000004,
2026-09-23T19:49:00.000-04:00,45.491,
2026-09-23T19:50:00.000-04:00,44.995999999999995,
2026-09-23T19:51:00.000-04:00,45.131,
2026-09-23T19:52:00.000-04:00,44.93300000000001,
2026-09-23T19:53:00.000-04:00,44.771,
2026-09-23T19:54:00.000-04:00,45.248000000000005,
2026-09-23T19:55:00.000-04:00,45.7025,
2026-09-23T19:56:00.000-04:00,46.0715,
2026-09-23T19:57:00.000-04:00,45.7475,
2026-09-23T19:58:00.000-04:00,46.112,
2026-09-23T19:59:00.000-04:00,45.954499999999996,
2026-09-23T20:00:00.000-04:00,45.7745,
2026-09-23T20:01:00.000-04:00,44.856500000000004,
2026-09-23T20:02:00.000-04:00,45.184999999999995,
2026-09-23T20:03:00.000-04:00,45.221,
2026-09-23T20:04:00.000-04:00,45.49100000000001,
2026-09-23T20:05:00.000-04:00,45.12199999999999,
2026-09-23T20:06:00.000-04:00,45.378499999999995,
2026-09-23T20:07:00.000-04:00,45.6215,
2026-09-23T20:08:00.000-04:00,45.86450000000001,
2026-09-23T20:09:00.000-04:00,45.068000000000005,
2026-09-23T20:10:00.000-04:00,45.068,
2026-09-23T20:11:00.000-04:00,45.4235,
2026-09-23T20:12:00.000-04:00,45.275,
2026-09-23T20:13:00.000-04:00,45.2525,
2026-09-23T20:14:00.000-04:00,44.986999999999995,
2026-09-23T20:15:00.000-04:00,44.8115,
2026-09-23T20:16:00.000-04:00,44.996,
2026-09-23T20:17:00.000-04:00,45.1175,
2026-09-23T20:18:00.000-04:00,45.8285,
2026-09-23T20:19:00.000-04:00,45.963499999999996,
2026-09-23T20:20:00.000-04:00,45.491,
2026-09-23T20:21:00.000-04:00,46.0175,
2026-09-23T20:22:00.000-04:00,46.323499999999996,
2026-09-23T20:23:00.000-04:00,46.049,
2026-09-23T20:24:00.000-04:00,45.995,
2026-09-23T20:25:00.000-04:00,46.076,
2026-09-23T20:26:00.000-04:00,46.598,
2026-09-23T20:27:00.000-04:00,46.647499999999994,
2026-09-23T20:28:00.000-04:00,46.4765,
2026-09-23T20:29:00.000-04:00,46.687999999999995,
2026-09-23T20:30:00.000-04:00,46.63399999999999,
2026-09-23T20:31:00.000-04:00,46.463,
2026-09-23T20:32:00.000-04:00,46.683499999999995,
2026-09-23T20:33:00.000-04:00,46.64750000000001,
2026-09-23T20:34:00.000-04:00,46.8005,
2026-09-23T20:35:00.000-04:00,46.814,
2026-09-23T20:36:00.000-04:00,46.7825,
2026-09-23T20:37:00.000-04:00,47.084,
2026-09-23T20:38:00.000-04:00,46.72399999999999,
2026-09-23T20:39:00.000-04:00,46.994,
2026-09-23T20:40:00.000-04:00,47.14699999999999,
2026-09-23T20:41:00.000-04:00,47.255,
2026-09-23T20:42:00.000-04:00,47.129000000000005,
2026-09-23T20:43:00.000-04:00,47.318,
2026-09-23T20:44:00.000-04:00,47.417,
2026-09-23T20:45:00.000-04:00,47.471000000000004,
2026-09-23T20:46:00.000-04:00,47.6825,
2026-09-23T20:47:00.000-04:00,47.021,
2026-09-23T20:48:00.000-04:00,47.372,
2026-09-23T20:49:00.000-04:00,47.5385,
2026-09-23T20:50:00.000-04:00,47.903000000000006,
2026-09-23T20:51:00.000-04:00,47.9435,
2026-09-23T20:52:00.000-04:00,47.664500000000004,
2026-09-23T20:53:00.000-04:00,47.435,
2026-09-23T20:54:00.000-04:00,47.7005,
2026-09-23T20:55:00.000-04:00,48.31699999999999,
2026-09-23T20:56:00.000-04:00,48.217999999999996,
2026-09-23T20:57:00.000-04:00,48.3305,
2026-09-23T20:58:00.000-04:00,48.13250000000001,
2026-09-23T20:59:00.000-04:00,48.254000000000005,
2026-09-23T21:00:00.000-04:00,47.8085,
2026-09-23T21:01:00.000-04:00,48.208999999999996,
2026-09-23T21:02:00.000-04:00,48.12349999999999,
2026-09-23T21:03:00.000-04:00,48.461000000000006,
2026-09-23T21:04:00.000-04:00,48.263,
2026-09-23T21:05:00.000-04:00,48.330499999999994,
2026-09-23T21:06:00.000-04:00,48.4565,
2026-09-23T21:07:00.000-04:00,48.56,
2026-09-23T21:08:00.000-04:00,48.370999999999995,
2026-09-23T21:09:00.000-04:00,48.7085,
2026-09-23T21:10:00.000-04:00,48.4925,
2026-09-23T21:11:00.000-04:00,48.618500000000004,
2026-09-23T21:12:00.000-04:00,48.9155,
2026-09-23T21:13:00.000-04:00,48.803,
2026-09-23T21:14:00.000-04:00,48.5015,
2026-09-23T21:15:00.000-04:00,48.497,
2026-09-23T21:16:00.000-04:00,48.641,
2026-09-23T21:17:00.000-04:00,48.5375,
2026-09-23T21:18:00.000-04:00,48.407000000000004,
2026-09-23T21:19:00.000-04:00,48.974000000000004,
2026-09-23T21:20:00.000-04:00,48.4565,
2026-09-23T21:21:00.000-04:00,48.902,
2026-09-23T21:22:00.000-04:00,49.1,
2026-09-23T21:23:00.000-04:00,49.019,
2026-09-23T21:24:00.000-04:00,48.8615,
2026-09-23T21:25:00.000-04:00,49.081999999999994,
2026-09-23T21:26:00.000-04:00,48.722,
2026-09-23T21:27:00.000-04:00,48.4025,
2026-09-23T21:28:00.000-04:00,48.042500000000004,
2026-09-23T21:29:00.000-04:00,46.9625,
2026-09-23T21:30:00.000-04:00,47.6375,
2026-09-23T21:31:00.000-04:00,47.1425,
2026-09-23T21:32:00.000-04:00,47.291,
2026-09-23T21:33:00.000-04:00,46.985,
2026-09-23T21:34:00.000-04:00,46.976,
2026-09-23T21:35:00.000-04:00,46.6025,
2026-09-23T21:36:00.000-04:00,47.1335,
2026-09-23T21:37:00.000-04:00,46.049,
2026-09-23T21:38:00.000-04:00,46.337,
2026-09-23T21:39:00.000-04:00,47.039,
2026-09-23T21:40:00.000-04:00,46.8995,
2026-09-23T21:41:00.000-04:00,46.589,
2026-09-23T21:42:00.000-04:00,46.471999999999994,
2026-09-23T21:43:00.000-04:00,46.516999999999996,
2026-09-23T21:44:00.000-04:00,46.602500000000006,
2026-09-23T21:45:00.000-04:00,46.4,
2026-09-23T21:46:00.000-04:00,46.328,
2026-09-23T21:47:00.000-04:00,46.202000000000005,
2026-09-23T21:48:00.000-04:00,46.292,
2026-09-23T21:49:00.000-04:00,46.4135,
2026-09-23T21:50:00.000-04:00,46.332499999999996,
2026-09-23T21:51:00.000-04:00,46.328,
2026-09-23T21:52:00.000-04:00,46.6835,
2026-09-23T21:53:00.000-04:00,46.751,
2026-09-23T21:54:00.000-04:00,47.039,
2026-09-23T21:55:00.000-04:00,47.2595,
2026-09-23T21:56:00.000-04:00,46.553000000000004,
2026-09-23T21:57:00.000-04:00,45.8015,
2026-09-23T21:58:00.000-04:00,46.1525,
2026-09-23T21:59:00.000-04:00,45.7115,
2026-09-23T22:00:00.000-04:00,45.954499999999996,
2026-09-23T22:01:00.000-04:00,46.040000000000006,
2026-09-23T22:02:00.000-04:00,46.148,
2026-09-23T22:03:00.000-04:00,46.314499999999995,
2026-09-23T22:04:00.000-04:00,45.5225,
2026-09-23T22:05:00.000-04:00,45.927499999999995,
2026-09-23T22:06:00.000-04:00,45.995,
2026-09-23T22:07:00.000-04:00,46.328,
2026-09-23T22:08:00.000-04:00,46.544,
2026-09-23T22:09:00.000-04:00,46.841,
2026-09-23T22:10:00.000-04:00,46.82299999999999,
2026-09-23T22:11:00.000-04:00,46.787000000000006,
2026-09-23T22:12:00.000-04:00,46.517,
2026-09-23T22:13:00.000-04:00,46.805,
2026-09-23T22:14:00.000-04:00,46.85,
2026-09-23T22:15:00.000-04:00,47.048,
2026-09-23T22:16:00.000-04:00,47.264,
2026-09-23T22:17:00.000-04:00,47.1155,
2026-09-23T22:18:00.000-04:00,47.3225,
2026-09-23T22:19:00.000-04:00,47.601499999999994,
2026-09-23T22:20:00.000-04:00,47.687,
2026-09-23T22:21:00.000-04:00,47.597,
2026-09-23T22:22:00.000-04:00,47.552,
2026-09-23T22:23:00.000-04:00,47.58800000000001,
2026-09-23T22:24:00.000-04:00,47.5025,
2026-09-23T22:25:00.000-04:00,47.831,
2026-09-23T22:26:00.000-04:00,47.903,
2026-09-23T22:27:00.000-04:00,47.93000000000001,
2026-09-23T22:28:00.000-04:00,47.5295,
2026-09-23T22:29:00.000-04:00,47.5565,
2026-09-23T22:30:00.000-04:00,47.39,
2026-09-23T22:31:00.000-04:00,48.14150000000001,
2026-09-23T22:32:00.000-04:00,48.27199999999999,
2026-09-23T22:33:00.000-04:00,47.889500000000005,
2026-09-23T22:34:00.000-04:00,47.974999999999994,
2026-09-23T22:35:00.000-04:00,48.024499999999996,
2026-09-23T22:36:00.000-04:00,48.18650000000001,
2026-09-23T22:37:00.000-04:00,48.155,
2026-09-23T22:38:00.000-04:00,48.550999999999995,
2026-09-23T22:39:00.000-04:00,48.186499999999995,
2026-09-23T22:40:00.000-04:00,48.042500000000004,
2026-09-23T22:41:00.000-04:00,48.2945,
2026-09-23T22:42:00.000-04:00,48.4655,
2026-09-23T22:43:00.000-04:00,48.177499999999995,
2026-09-23T22:44:00.000-04:00,48.308,
2026-09-23T22:45:00.000-04:00,48.618500000000004,
2026-09-23T22:46:00.000-04:00,48.798500000000004,
2026-09-23T22:47:00.000-04:00,48.933499999999995,
2026-09-23T22:48:00.000-04:00,48.353,
2026-09-23T22:49:00.000-04:00,48.52400000000001,
2026-09-23T22:50:00.000-04:00,48.434,
2026-09-23T22:51:00.000-04:00,48.461,
2026-09-23T22:52:00.000-04:00,48.757999999999996,
2026-09-23T22:53:00.000-04:00,48.632,
2026-09-23T22:54:00.000-04:00,48.7085,
2026-09-23T22:55:00.000-04:00,49.163,
2026-09-23T22:56:00.000-04:00,48.929,
2026-09-23T22:57:00.000-04:00,49.06399999999999,
2026-09-23T22:58:00.000-04:00,48.74,
2026-09-23T22:59:00.000-04:00,48.902,
2026-09-23T23:00:00.000-04:00,49.262,
2026-09-23T23:01:00.000-04:00,49.2845,
2026-09-23T23:02:00.000-04:00,49.415,
2026-09-23T23:03:00.000-04:00,49.0595,
2026-09-23T23:04:00.000-04:00,49.154,
2026-09-23T23:05:00.000-04:00,48.6995,
2026-09-23T23:06:00.000-04:00,49.1045,
2026-09-23T23:07:00.000-04:00,49.082,
2026-09-23T23:08:00.000-04:00,49.135999999999996,
2026-09-23T23:09:00.000-04:00,49.02799999999999,
2026-09-23T23:10:00.000-04:00,49.2395,
2026-09-23T23:11:00.000-04:00,49.2125,
2026-09-23T23:12:00.000-04:00,49.316,
2026-09-23T23:13:00.000-04:00,49.0055,
2026-09-23T23:14:00.000-04:00,49.3295,
2026-09-23T23:15:00.000-04:00,49.6715,
2026-09-23T23:16:00.000-04:00,49.297999999999995,
2026-09-23T23:17:00.000-04:00,49.55,
2026-09-23T23:18:00.000-04:00,49.361,
2026-09-23T23:19:00.000-04:00,49.563500000000005,
2026-09-23T23:20:00.000-04:00,49.424,
2026-09-23T23:21:00.000-04:00,49.2845,
2026-09-23T23:22:00.000-04:00,49.181,
2026-09-23T23:23:00.000-04:00,49.316,
2026-09-23T23:24:00.000-04:00,49.0145,
2026-09-23T23:25:00.000-04:00,49.5095,
2026-09-23T23:26:00.000-04:00,49.43300000000001,
2026-09-23T23:27:00.000-04:00,49.721000000000004,
2026-09-23T23:28:00.000-04:00,49.712,
2026-09-23T23:29:00.000-04:00,49.2485,
2026-09-23T23:30:00.000-04:00,49.379,
2026-09-23T23:31:00.000-04:00,49.397,
2026-09-23T23:32:00.000-04:00,49.3295,
2026-09-23T23:33:00.000-04:00,49.550000000000004,
2026-09-23T23:34:00.000-04:00,49.7885,
2026-09-23T23:35:00.000-04:00,49.702999999999996,
2026-09-23T23:36:00.000-04:00,49.856,
2026-09-23T23:37:00.000-04:00,49.9055,
2026-09-23T23:38:00.000-04:00,49.604,
2026-09-23T23:39:00.000-04:00,50.018,
2026-09-23T23:40:00.000-04:00,49.604,
2026-09-23T23:41:00.000-04:00,49.711999999999996,
2026-09-23T23:42:00.000-04:00,49.739,
2026-09-23T23:43:00.000-04:00,49.83800000000001,
2026-09-23T23:44:00.000-04:00,49.8695,
2026-09-23T23:45:00.000-04:00,49.932500000000005,
2026-09-23T23:46:00.000-04:00,49.8695,
2026-09-23T23:47:00.000-04:00,50.027,
2026-09-23T23:48:00.000-04:00,49.7435,
2026-09-23T23:49:00.000-04:00,50.0945,
2026-09-23T23:50:00.000-04:00,49.91,
2026-09-23T23:51:00.000-04:00,49.883,
2026-09-23T23:52:00.000-04:00,50.171,
2026-09-23T23:53:00.000-04:00,49.892,
2026-09-23T23:54:00.000-04:00,49.9415,
2026-09-23T23:55:00.000-04:00,49.8965,
2026-09-23T23:56:00.000-04:00,49.8875,
2026-09-23T23:57:00.000-04:00,50.233999999999995,
2026-09-23T23:58:00.000-04:00,49.739,
2026-09-23T23:59:00.000-04:00,49.914500000000004,
2026-09-24T00:00:00.000-04:00,50.108000000000004,
2026-09-24T00:01:00.000-04:00,49.955,
2026-09-24T00:02:00.000-04:00,50.1395,
2026-09-24T00:03:00.000-04:00,50.072,
2026-09-24T00:04:00.000-04:00,50.414,
2026-09-24T00:05:00.000-04:00,49.9685,
2026-09-24T00:06:00.000-04:00,49.959500000000006,
2026-09-24T00:07:00.000-04:00,50.036,
2026-09-24T00:08:00.000-04:00,50.17100000000001,
2026-09-24T00:09:00.000-04:00,49.8245,
2026-09-24T00:10:00.000-04:00,50.4185,
2026-09-24T00:11:00.000-04:00,50.089999999999996,
2026-09-24T00:12:00.000-04:00,50.54900000000001,
2026-09-24T00:13:00.000-04:00,49.8965,
2026-09-24T00:14:00.000-04:00,50.135,
2026-09-24T00:15:00.000-04:00,49.325,
2026-09-24T00:16:00.000-04:00,49.559,
2026-09-24T00:17:00.000-04:00,49.3205,
2026-09-24T00:18:00.000-04:00,48.8435,
2026-09-24T00:19:00.000-04:00,48.8525,
2026-09-24T00:20:00.000-04:00,49.253,
2026-09-24T00:21:00.000-04:00,49.082,
2026-09-24T00:22:00.000-04:00,49.028000000000006,
2026-09-24T00:23:00.000-04:00,49.5815,
2026-09-24T00:24:00.000-04:00,49.590500000000006,
2026-09-24T00:25:00.000-04:00,49.3295,
2026-09-24T00:26:00.000-04:00,49.3385,
2026-09-24T00:27:00.000-04:00,49.145,
2026-09-24T00:28:00.000-04:00,49.298,
2026-09-24T00:29:00.000-04:00,49.658,
2026-09-24T00:30:00.000-04:00,49.442,
2026-09-24T00:31:00.000-04:00,49.8515,
2026-09-24T00:32:00.000-04:00,49.41499999999999,
2026-09-24T00:33:00.000-04:00,49.82,
2026-09-24T00:34:00.000-04:00,49.8425,
2026-09-24T00:35:00.000-04:00,49.946,
2026-09-24T00:36:00.000-04:00,49.892,
2026-09-24T00:37:00.000-04:00,50.1125,
2026-09-24T00:38:00.000-04:00,49.84700000000001,
2026-09-24T00:39:00.000-04:00,50.135,
2026-09-24T00:40:00.000-04:00,49.891999999999996,
2026-09-24T00:41:00.000-04:00,49.8515,
2026-09-24T00:42:00.000-04:00,50.099000000000004,
2026-09-24T00:43:00.000-04:00,49.9865,
2026-09-24T00:44:00.000-04:00,50.0045,
2026-09-24T00:45:00.000-04:00,49.8785,
2026-09-24T00:46:00.000-04:00,49.811,
2026-09-24T00:47:00.000-04:00,49.982,
2026-09-24T00:48:00.000-04:00,50.513000000000005,
2026-09-24T00:49:00.000-04:00,50.8235,
2026-09-24T00:50:00.000-04:00,49.955,
2026-09-24T00:51:00.000-04:00,50.067499999999995,
2026-09-24T00:52:00.000-04:00,50.405,
2026-09-24T00:53:00.000-04:00,49.757,
2026-09-24T00:54:00.000-04:00,49.802,
2026-09-24T00:55:00.000-04:00,50.274499999999996,
2026-09-24T00:56:00.000-04:00,50.0315,
2026-09-24T00:57:00.000-04:00,50.063,
2026-09-24T00:58:00.000-04:00,49.955,
2026-09-24T00:59:00.000-04:00,50.1125,
2026-09-24T01:00:00.000-04:00,50.036,
2026-09-24T01:01:00.000-04:00,50.1575,
2026-09-24T01:02:00.000-04:00,50.3735,
2026-09-24T01:03:00.000-04:00,50.4545,
2026-09-24T01:04:00.000-04:00,49.865,
2026-09-24T01:05:00.000-04:00,49.900999999999996,
2026-09-24T01:06:00.000-04:00,49.9325,
2026-09-24T01:07:00.000-04:00,49.504999999999995,
2026-09-24T01:08:00.000-04:00,50.0675,
2026-09-24T01:09:00.000-04:00,49.55,
2026-09-24T01:10:00.000-04:00,49.946000000000005,
2026-09-24T01:11:00.000-04:00,49.96849999999999,
2026-09-24T01:12:00.000-04:00,50.099,
2026-09-24T01:13:00.000-04:00,50.0045,
2026-09-24T01:14:00.000-04:00,50.328500000000005,
2026-09-24T01:15:00.000-04:00,50.063,
2026-09-24T01:16:00.000-04:00,49.932500000000005,
2026-09-24T01:17:00.000-04:00,49.5275,
2026-09-24T01:18:00.000-04:00,50.067499999999995,
2026-09-24T01:19:00.000-04:00,50.234,
2026-09-24T01:20:00.000-04:00,49.743500000000004,
2026-09-24T01:21:00.000-04:00,50.108,
2026-09-24T01:22:00.000-04:00,50.0,
2026-09-24T01:23:00.000-04:00,50.054,
2026-09-24T01:24:00.000-04:00,50.00000000000001,
2026-09-24T01:25:00.000-04:00,49.784,
2026-09-24T01:26:00.000-04:00,49.793,
2026-09-24T01:27:00.000-04:00,49.4465,
2026-09-24T01:28:00.000-04:00,49.406,
2026-09-24T01:29:00.000-04:00,49.864999999999995,
2026-09-24T01:30:00.000-04:00,49.55,
2026-09-24T01:31:00.000-04:00,49.793000000000006,
2026-09-24T01:32:00.000-04:00,50.1665,
2026-09-24T01:33:00.000-04:00,49.748,
2026-09-24T01:34:00.000-04:00,49.9865,
2026-09-24T01:35:00.000-04:00,50.153000000000006,
2026-09-24T01:36:00.000-04:00,49.6355,
2026-09-24T01:37:00.000-04:00,49.9775,
2026-09-24T01:38:00.000-04:00,50.36450000000001,
2026-09-24T01:39:00.000-04:00,50.337500000000006,
2026-09-24T01:40:00.000-04:00,49.766,
2026-09-24T01:41:00.000-04:00,50.22500000000001,
2026-09-24T01:42:00.000-04:00,50.1575,
2026-09-24T01:43:00.000-04:00,50.423,
2026-09-24T01:44:00.000-04:00,50.0,
2026-09-24T01:45:00.000-04:00,49.9055,
2026-09-24T01:46:00.000-04:00,49.757,
2026-09-24T01:47:00.000-04:00,49.0775,
2026-09-24T01:48:00.000-04:00,48.983,
2026-09-24T01:49:00.000-04:00,48.6635,
2026-09-24T01:50:00.000-04:00,48.956,
2026-09-24T01:51:00.000-04:00,49.081999999999994,
2026-09-24T01:52:00.000-04:00,49.140499999999996,
2026-09-24T01:53:00.000-04:00,49.126999999999995,
2026-09-24T01:54:00.000-04:00,49.1,
2026-09-24T01:55:00.000-04:00,49.4915,
2026-09-24T01:56:00.000-04:00,49.62650000000001,
2026-09-24T01:57:00.000-04:00,49.581500000000005,
2026-09-24T01:58:00.000-04:00,49.45100000000001,
2026-09-24T01:59:00.000-04:00,49.684999999999995,
2026-09-24T02:00:00.000-04:00,49.46,
2026-09-24T02:01:00.000-04:00,49.442,
2026-09-24T02:02:00.000-04:00,49.905499999999996,
2026-09-24T02:03:00.000-04:00,49.7975,
2026-09-24T02:04:00.000-04:00,49.919,
2026-09-24T02:05:00.000-04:00,49.9235,
2026-09-24T02:06:00.000-04:00,49.802,
2026-09-24T02:07:00.000-04:00,49.8425,
2026-09-24T02:08:00.000-04:00,49.802,
2026-09-24T02:09:00.000-04:00,50.009,
2026-09-24T02:10:00.000-04:00,50.37350000000001,
2026-09-24T02:11:00.000-04:00,49.8155,
2026-09-24T02:12:00.000-04:00,50.2295,
2026-09-24T02:13:00.000-04:00,50.0585,
2026-09-24T02:14:00.000-04:00,50.108000000000004,
2026-09-24T02:15:00.000-04:00,50.1125,
2026-09-24T02:16:00.000-04:00,50.36450000000001,
2026-09-24T02:17:00.000-04:00,50.1125,
2026-09-24T02:18:00.000-04:00,50.0495,
2026-09-24T02:19:00.000-04:00,50.094500000000004,
2026-09-24T02:20:00.000-04:00,49.802,
2026-09-24T02:21:00.000-04:00,49.955,
2026-09-24T02:22:00.000-04:00,49.419500000000006,
2026-09-24T02:23:00.000-04:00,49.766,
2026-09-24T02:24:00.000-04:00,49.694,
2026-09-24T02:25:00.000-04:00,49.666999999999994,
2026-09-24T02:26:00.000-04:00,49.928,
2026-09-24T02:27:00.000-04:00,49.864999999999995,
2026-09-24T02:28:00.000-04:00,49.79299999999999,
2026-09-24T02:29:00.000-04:00,50.054,
2026-09-24T02:30:00.000-04:00,49.910000000000004,
2026-09-24T02:31:00.000-04:00,50.094500000000004,
2026-09-24T02:32:00.000-04:00,49.946,
2026-09-24T02:33:00.000-04:00,50.049499999999995,
2026-09-24T02:34:00.000-04:00,50.242999999999995,
2026-09-24T02:35:00.000-04:00,50.278999999999996,
2026-09-24T02:36:00.000-04:00,50.481500000000004,
2026-09-24T02:37:00.000-04:00,50.0765,
2026-09-24T02:38:00.000-04:00,50.261,
2026-09-24T02:39:00.000-04:00,50.117,
2026-09-24T02:40:00.000-04:00,50.1845,
2026-09-24T02:41:00.000-04:00,49.9505,
2026-09-24T02:42:00.000-04:00,49.3745,
2026-09-24T02:43:00.000-04:00,48.803,
2026-09-24T02:44:00.000-04:00,49.374500000000005,
2026-09-24T02:45:00.000-04:00,49.469,
2026-09-24T02:46:00.000-04:00,49.44199999999999,
2026-09-24T02:47:00.000-04:00,49.6805,
2026-09-24T02:48:00.000-04:00,50.198,
2026-09-24T02:49:00.000-04:00,49.8515,
2026-09-24T02:50:00.000-04:00,49.919,
2026-09-24T02:51:00.000-04:00,49.937,
2026-09-24T02:52:00.000-04:00,49.694,
2026-09-24T02:53:00.000-04:00,49.932500000000005,
2026-09-24T02:54:00.000-04:00,49.73,
2026-09-24T02:55:00.000-04:00,50.3015,
2026-09-24T02:56:00.000-04:00,49.891999999999996,
2026-09-24T02:57:00.000-04:00,50.081,
2026-09-24T02:58:00.000-04:00,50.629999999999995,
2026-09-24T02:59:00.000-04:00,50.243,
2026-09-24T03:00:00.000-04:00,50.306,
2026-09-24T03:01:00.000-04:00,50.130500000000005,
2026-09-24T03:02:00.000-04:00,49.95049999999999,
2026-09-24T03:03:00.000-04:00,49.694,
2026-09-24T03:04:00.000-04:00,49.334,
2026-09-24T03:05:00.000-04:00,48.85249999999999,
2026-09-24T03:06:00.000-04:00,49.289,
2026-09-24T03:07:00.000-04:00,49.522999999999996,
2026-09-24T03:08:00.000-04:00,49.721000000000004,
2026-09-24T03:09:00.000-04:00,49.7615,
2026-09-24T03:10:00.000-04:00,49.856,
2026-09-24T03:11:00.000-04:00,49.846999999999994,
2026-09-24T03:12:00.000-04:00,49.905499999999996,
2026-09-24T03:13:00.000-04:00,49.9235,
2026-09-24T03:14:00.000-04:00,49.946,
2026-09-24T03:15:00.000-04:00,49.748,
2026-09-24T03:16:00.000-04:00,49.856,
2026-09-24T03:17:00.000-04:00,50.036,
2026-09-24T03:18:00.000-04:00,49.928,
2026-09-24T03:19:00.000-04:00,50.094500000000004,
2026-09-24T03:20:00.000-04:00,50.081,
2026-09-24T03:21:00.000-04:00,49.874,
2026-09-24T03:22:00.000-04:00,50.063,
2026-09-24T03:23:00.000-04:00,50.459,
2026-09-24T03:24:00.000-04:00,49.874,
2026-09-24T03:25:00.000-04:00,49.82,
2026-09-24T03:26:00.000-04:00,50.1215,
2026-09-24T03:27:00.000-04:00,50.2925,
2026-09-24T03:28:00.000-04:00,50.198,
2026-09-24T03:29:00.000-04:00,50.112500000000004,
2026-09-24T03:30:00.000-04:00,49.9685,
2026-09-24T03:31:00.000-04:00,49.919,
2026-09-24T03:32:00.000-04:00,49.6355,
2026-09-24T03:33:00.000-04:00,49.757000000000005,
2026-09-24T03:34:00.000-04:00,49.721000000000004,
2026-09-24T03:35:00.000-04:00,49.8155,
2026-09-24T03:36:00.000-04:00,50.121500000000005,
2026-09-24T03:37:00.000-04:00,49.937,
2026-09-24T03:38:00.000-04:00,49.8605,
2026-09-24T03:39:00.000-04:00,50.486,
2026-09-24T03:40:00.000-04:00,49.8605,
2026-09-24T03:41:00.000-04:00,50.0495,
2026-09-24T03:42:00.000-04:00,49.964,
2026-09-24T03:43:00.000-04:00,50.432,
2026-09-24T03:44:00.000-04:00,50.072,
2026-09-24T03:45:00.000-04:00,49.7615,
2026-09-24T03:46:00.000-04:00,50.2295,
2026-09-24T03:47:00.000-04:00,49.514,
2026-09-24T03:48:00.000-04:00,49.253,
2026-09-24T03:49:00.000-04:00,49.1675,
2026-09-24T03:50:00.000-04:00,49.01,
2026-09-24T03:51:00.000-04:00,49.19,
2026-09-24T03:52:00.000-04:00,49.487,
2026-09-24T03:53:00.000-04:00,49.4735,
2026-09-24T03:54:00.000-04:00,49.8425,
2026-09-24T03:55:00.000-04:00,49.900999999999996,
2026-09-24T03:56:00.000-04:00,49.883,
2026-09-24T03:57:00.000-04:00,49.748,
2026-09-24T03:58:00.000-04:00,49.6715,
2026-09-24T03:59:00.000-04:00,49.784,
2026-09-24T04:00:00.000-04:00,49.784,
2026-09-24T04:01:00.000-04:00,50.20249999999999,
2026-09-24T04:02:00.000-04:00,50.5805,
2026-09-24T04:03:00.000-04:00,50.036,
2026-09-24T04:04:00.000-04:00,50.085499999999996,
2026-09-24T04:05:00.000-04:00,50.117000000000004,
2026-09-24T04:06:00.000-04:00,50.1305,
2026-09-24T04:07:00.000-04:00,50.436499999999995,
2026-09-24T04:08:00.000-04:00,49.910000000000004,
2026-09-24T04:09:00.000-04:00,49.8245,
2026-09-24T04:10:00.000-04:00,49.739000000000004,
2026-09-24T04:11:00.000-04:00,49.262,
2026-09-24T04:12:00.000-04:00,49.811,
2026-09-24T04:13:00.000-04:00,49.739000000000004,
2026-09-24T04:14:00.000-04:00,49.937,
2026-09-24T04:15:00.000-04:00,49.829,
2026-09-24T04:16:00.000-04:00,49.932500000000005,
2026-09-24T04:17:00.000-04:00,49.8695,
2026-09-24T04:18:00.000-04:00,49.9775,
2026-09-24T04:19:00.000-04:00,49.9685,
2026-09-24T04:20:00.000-04:00,50.094500000000004,
2026-09-24T04:21:00.000-04:00,50.189,
2026-09-24T04:22:00.000-04:00,50.0945,
2026-09-24T04:23:00.000-04:00,49.8695,
2026-09-24T04:24:00.000-04:00,49.964,
2026-09-24T04:25:00.000-04:00,50.346500000000006,
2026-09-24T04:26:00.000-04:00,49.946,
2026-09-24T04:27:00.000-04:00,50.3285,
2026-09-24T04:28:00.000-04:00,50.206999999999994,
2026-09-24T04:29:00.000-04:00,49.873999999999995,
2026-09-24T04:30:00.000-04:00,49.9505,
2026-09-24T04:31:00.000-04:00,49.81100000000001,
2026-09-24T04:32:00.000-04:00,49.721000000000004,
2026-09-24T04:33:00.000-04:00,49.8425,
2026-09-24T04:34:00.000-04:00,50.1665,
2026-09-24T04:35:00.000-04:00,49.9505,
2026-09-24T04:36:00.000-04:00,50.207,
2026-09-24T04:37:00.000-04:00,49.9325,
2026-09-24T04:38:00.000-04:00,49.964,
2026-09-24T04:39:00.000-04:00,49.837999999999994,
2026-09-24T04:40:00.000-04:00,49.882999999999996,
2026-09-24T04:41:00.000-04:00,49.8605,
2026-09-24T04:42:00.000-04:00,50.0315,
2026-09-24T04:43:00.000-04:00,49.7525,
2026-09-24T04:44:00.000-04:00,49.7435,
2026-09-24T04:45:00.000-04:00,50.2745,
2026-09-24T04:46:00.000-04:00,49.8605,
2026-09-24T04:47:00.000-04:00,50.0945,
2026-09-24T04:48:00.000-04:00,49.9955,
2026-09-24T04:49:00.000-04:00,50.085499999999996,
2026-09-24T04:50:00.000-04:00,50.0945,
2026-09-24T04:51:00.000-04:00,49.8155,
2026-09-24T04:52:00.000-04:00,49.982,
2026-09-24T04:53:00.000-04:00,49.829,
2026-09-24T04:54:00.000-04:00,49.91,
2026-09-24T04:55:00.000-04:00,50.045,
2026-09-24T04:56:00.000-04:00,49.9865,
2026-09-24T04:57:00.000-04:00,49.946,
2026-09-24T04:58:00.000-04:00,49.82,
2026-09-24T04:59:00.000-04:00,49.7795,
2026-09-24T05:00:00.000-04:00,50.0045,
2026-09-24T05:01:00.000-04:00,50.063,
2026-09-24T05:02:00.000-04:00,50.2835,
2026-09-24T05:03:00.000-04:00,49.8335,
2026-09-24T05:04:00.000-04:00,49.95049999999999,
2026-09-24T05:05:00.000-04:00,49.9955,
2026-09-24T05:06:00.000-04:00,49.856,
2026-09-24T05:07:00.000-04:00,49.9325,
2026-09-24T05:08:00.000-04:00,50.1395,
2026-09-24T05:09:00.000-04:00,50.1575,
2026-09-24T05:10:00.000-04:00,50.206999999999994,
2026-09-24T05:11:00.000-04:00,49.388,
2026-09-24T05:12:00.000-04:00,49.6625,
2026-09-24T05:13:00.000-04:00,49.4195,
2026-09-24T05:14:00.000-04:00,49.1135,
2026-09-24T05:15:00.000-04:00,49.7255,
2026-09-24T05:16:00.000-04:00,49.784000000000006,
2026-09-24T05:17:00.000-04:00,49.9955,
2026-09-24T05:18:00.000-04:00,49.707499999999996,
2026-09-24T05:19:00.000-04:00,49.712,
2026-09-24T05:20:00.000-04:00,49.685,
2026-09-24T05:21:00.000-04:00,49.631,
2026-09-24T05:22:00.000-04:00,49.721,
2026-09-24T05:23:00.000-04:00,49.8785,
2026-09-24T05:24:00.000-04:00,49.928,
2026-09-24T05:25:00.000-04:00,50.369,
2026-09-24T05:26:00.000-04:00,50.067499999999995,
2026-09-24T05:27:00.000-04:00,49.9955,
2026-09-24T05:28:00.000-04:00,50.620999999999995,
2026-09-24T05:29:00.000-04:00,50.1665,
2026-09-24T05:30:00.000-04:00,50.1485,
2026-09-24T05:31:00.000-04:00,49.842499999999994,
2026-09-24T05:32:00.000-04:00,49.370000000000005,
2026-09-24T05:33:00.000-04:00,49.253,
2026-09-24T05:34:00.000-04:00,48.938,
2026-09-24T05:35:00.000-04:00,49.320499999999996,
2026-09-24T05:36:00.000-04:00,49.478,
2026-09-24T05:37:00.000-04:00,49.9775,
2026-09-24T05:38:00.000-04:00,49.847,
2026-09-24T05:39:00.000-04:00,50.080999999999996,
2026-09-24T05:40:00.000-04:00,49.874,
2026-09-24T05:41:00.000-04:00,49.9775,
2026-09-24T05:42:00.000-04:00,49.8245,
2026-09-24T05:43:00.000-04:00,50.063,
2026-09-24T05:44:00.000-04:00,49.658,
2026-09-24T05:45:00.000-04:00,50.09,
2026-09-24T05:46:00.000-04:00,50.0,
2026-09-24T05:47:00.000-04:00,49.8515,
2026-09-24T05:48:00.000-04:00,50.5535,
2026-09-24T05:49:00.000-04:00,50.0495,
2026-09-24T05:50:00.000-04:00,50.269999999999996,
2026-09-24T05:51:00.000-04:00,50.513,
2026-09-24T05:52:00.000-04:00,50.121500000000005,
2026-09-24T05:53:00.000-04:00,50.072,
2026-09-24T05:54:00.000-04:00,50.076499999999996,
2026-09-24T05:55:00.000-04:00,49.604,
2026-09-24T05:56:00.000-04:00,49.406,
2026-09-24T05:57:00.000-04:00,49.316,
2026-09-24T05:58:00.000-04:00,49.568,
2026-09-24T05:59:00.000-04:00,49.802,
2026-09-24T06:00:00.000-04:00,49.784,
2026-09-24T06:01:00.000-04:00,49.631,
2026-09-24T06:02:00.000-04:00,50.2205,
2026-09-24T06:03:00.000-04:00,49.874,
2026-09-24T06:04:00.000-04:00,50.0045,
2026-09-24T06:05:00.000-04:00,50.099000000000004,
2026-09-24T06:06:00.000-04:00,50.036,
2026-09-24T06:07:00.000-04:00,49.9865,
2026-09-24T06:08:00.000-04:00,50.135000000000005,
2026-09-24T06:09:00.000-04:00,50.067499999999995,
2026-09-24T06:10:00.000-04:00,49.9595,
2026-09-24T06:11:00.000-04:00,49.748000000000005,
2026-09-24T06:12:00.000-04:00,49.937000000000005,
2026-09-24T06:13:00.000-04:00,50.072,
2026-09-24T06:14:00.000-04:00,50.396,
2026-09-24T06:15:00.000-04:00,50.3825,
2026-09-24T06:16:00.000-04:00,50.405,
2026-09-24T06:17:00.000-04:00,50.067499999999995,
2026-09-24T06:18:00.000-04:00,50.1845,
2026-09-24T06:19:00.000-04:00,49.9145,
2026-09-24T06:20:00.000-04:00,49.352000000000004,
2026-09-24T06:21:00.000-04:00,49.343,
2026-09-24T06:22:00.000-04:00,49.0595,
2026-09-24T06:23:00.000-04:00,48.6455,
2026-09-24T06:24:00.000-04:00,48.88849999999999,
2026-09-24T06:25:00.000-04:00,49.316,
2026-09-24T06:26:00.000-04:00,49.415,
2026-09-24T06:27:00.000-04:00,49.739000000000004,
2026-09-24T06:28:00.000-04:00,49.298,
2026-09-24T06:29:00.000-04:00,49.595,
2026-09-24T06:30:00.000-04:00,49.3655,
2026-09-24T06:31:00.000-04:00,49.334,
2026-09-24T06:32:00.000-04:00,49.563500000000005,
2026-09-24T06:33:00.000-04:00,49.9415,
2026-09-24T06:34:00.000-04:00,49.9955,
2026-09-24T06:35:00.000-04:00,50.072,
2026-09-24T06:36:00.000-04:00,49.739000000000004,
2026-09-24T06:37:00.000-04:00,49.45099999999999,
2026-09-24T06:38:00.000-04:00,50.247499999999995,
2026-09-24T06:39:00.000-04:00,49.928,
2026-09-24T06:40:00.000-04:00,49.946000000000005,
2026-09-24T06:41:00.000-04:00,49.968500000000006,
2026-09-24T06:42:00.000-04:00,49.955,
2026-09-24T06:43:00.000-04:00,50.1215,
2026-09-24T06:44:00.000-04:00,50.1665,
2026-09-24T06:45:00.000-04:00,50.2745,
2026-09-24T06:46:00.000-04:00,50.108000000000004,
2026-09-24T06:47:00.000-04:00,50.067499999999995,
2026-09-24T06:48:00.000-04:00,50.0405,
2026-09-24T06:49:00.000-04:00,50.1305,
2026-09-24T06:50:00.000-04:00,49.9775,
2026-09-24T06:51:00.000-04:00,49.82,
2026-09-24T06:52:00.000-04:00,49.739,
2026-09-24T06:53:00.000-04:00,49.955,
2026-09-24T06:54:00.000-04:00,49.676,
2026-09-24T06:55:00.000-04:00,50.108000000000004,
2026-09-24T06:56:00.000-04:00,50.0405,
2026-09-24T06:57:00.000-04:00,50.1665,
2026-09-24T06:58:00.000-04:00,50.369,
2026-09-24T06:59:00.000-04:00,50.2565,
2026-09-24T07:00:00.000-04:00,50.058499999999995,
2026-09-24T07:01:00.000-04:00,50.301500000000004,
2026-09-24T07:02:00.000-04:00,49.982,
2026-09-24T07:03:00.000-04:00,50.058499999999995,
2026-09-24T07:04:00.000-04:00,49.8695,
2026-09-24T07:05:00.000-04:00,49.829,
2026-09-24T07:06:00.000-04:00,50.09,
2026-09-24T07:07:00.000-04:00,49.932500000000005,
2026-09-24T07:08:00.000-04:00,49.766,
2026-09-24T07:09:00.000-04:00,49.9775,
2026-09-24T07:10:00.000-04:00,50.0945,
2026-09-24T07:11:00.000-04:00,49.9415,
2026-09-24T07:12:00.000-04:00,49.855999999999995,
2026-09-24T07:13:00.000-04:00,49.4195,
2026-09-24T07:14:00.000-04:00,49.7435,
2026-09-24T07:15:00.000-04:00,49.1,
2026-09-24T07:16:00.000-04:00,49.39699999999999,
2026-09-24T07:17:00.000-04:00,49.001,
2026-09-24T07:18:00.000-04:00,48.7625,
2026-09-24T07:19:00.000-04:00,48.272,
2026-09-24T07:20:00.000-04:00,48.010999999999996,
2026-09-24T07:21:00.000-04:00,47.94349999999999,
2026-09-24T07:22:00.000-04:00,47.876000000000005,
2026-09-24T07:23:00.000-04:00,47.732,
2026-09-24T07:24:00.000-04:00,47.5115,
2026-09-24T07:25:00.000-04:00,47.7365,
2026-09-24T07:26:00.000-04:00,47.435,
2026-09-24T07:27:00.000-04:00,47.17399999999999,
2026-09-24T07:28:00.000-04:00,47.435,
2026-09-24T07:29:00.000-04:00,47.39,
2026-09-24T07:30:00.000-04:00,47.1065,
2026-09-24T07:31:00.000-04:00,47.039,
2026-09-24T07:32:00.000-04:00,46.913000000000004,
2026-09-24T07:33:00.000-04:00,46.76,
2026-09-24T07:34:00.000-04:00,46.85,
2026-09-24T07:35:00.000-04:00,46.97149999999999,
2026-09-24T07:36:00.000-04:00,46.472,
2026-09-24T07:37:00.000-04:00,46.5575,
2026-09-24T07:38:00.000-04:00,47.0435,
2026-09-24T07:39:00.000-04:00,46.4405,
2026-09-24T07:40:00.000-04:00,46.525999999999996,
2026-09-24T07:41:00.000-04:00,46.499,
2026-09-24T07:42:00.000-04:00,46.8275,
2026-09-24T07:43:00.000-04:00,46.445,
2026-09-24T07:44:00.000-04:00,46.7195,
2026-09-24T07:45:00.000-04:00,46.535,
2026-09-24T07:46:00.000-04:00,46.4045,
2026-09-24T07:47:00.000-04:00,45.653,
2026-09-24T07:48:00.000-04:00,46.373,
2026-09-24T07:49:00.000-04:00,46.157,
2026-09-24T07:50:00.000-04:00,46.4405,
2026-09-24T07:51:00.000-04:00,46.4855,
2026-09-24T07:52:00.000-04:00,46.0985,
2026-09-24T07:53:00.000-04:00,46.0985,
2026-09-24T07:54:00.000-04:00,46.3235,
2026-09-24T07:55:00.000-04:00,46.337,
2026-09-24T07:56:00.000-04:00,46.058,
2026-09-24T07:57:00.000-04:00,45.8285,
2026-09-24T07:58:00.000-04:00,46.026500000000006,
2026-09-24T07:59:00.000-04:00,45.7925,
2026-09-24T08:00:00.000-04:00,45.751999999999995,
2026-09-24T08:01:00.000-04:00,45.9365,
2026-09-24T08:02:00.000-04:00,46.2965,
2026-09-24T08:03:00.000-04:00,46.400000000000006,
2026-09-24T08:04:00.000-04:00,46.2245,
2026-09-24T08:05:00.000-04:00,46.0355,
2026-09-24T08:06:00.000-04:00,45.824,
2026-09-24T08:07:00.000-04:00,45.6755,
2026-09-24T08:08:00.000-04:00,45.778999999999996,
2026-09-24T08:09:00.000-04:00,46.4045,
2026-09-24T08:10:00.000-04:00,46.571000000000005,
2026-09-24T08:11:00.000-04:00,46.373,
2026-09-24T08:12:00.000-04:00,46.872499999999995,
2026-09-24T08:13:00.000-04:00,46.6205,
2026-09-24T08:14:00.000-04:00,46.085,
2026-09-24T08:15:00.000-04:00,46.283,
2026-09-24T08:16:00.000-04:00,46.3415,
2026-09-24T08:17:00.000-04:00,46.0895,
2026-09-24T08:18:00.000-04:00,45.8195,
2026-09-24T08:19:00.000-04:00,46.4495,
2026-09-24T08:20:00.000-04:00,46.175,
2026-09-24T08:21:00.000-04:00,46.3685,
2026-09-24T08:22:00.000-04:00,46.188500000000005,
2026-09-24T08:23:00.000-04:00,46.05799999999999,
2026-09-24T08:24:00.000-04:00,46.040000000000006,
2026-09-24T08:25:00.000-04:00,45.896,
2026-09-24T08:26:00.000-04:00,46.265,
2026-09-24T08:27:00.000-04:00,46.47200000000001,
2026-09-24T08:28:00.000-04:00,46.157000000000004,
2026-09-24T08:29:00.000-04:00,46.472,
2026-09-24T08:30:00.000-04:00,46.863499999999995,
2026-09-24T08:31:00.000-04:00,46.22,
2026-09-24T08:32:00.000-04:00,46.7735,
2026-09-24T08:33:00.000-04:00,47.0615,
2026-09-24T08:34:00.000-04:00,47.1695,
2026-09-24T08:35:00.000-04:00,46.81400000000001,
2026-09-24T08:36:00.000-04:00,46.571,
2026-09-24T08:37:00.000-04:00,46.8905,
2026-09-24T08:38:00.000-04:00,46.823,
2026-09-24T08:39:00.000-04:00,46.7375,
2026-09-24T08:40:00.000-04:00,46.625,
2026-09-24T08:41:00.000-04:00,46.903999999999996,
2026-09-24T08:42:00.000-04:00,47.102000000000004,
2026-09-24T08:43:00.000-04:00,47.1335,
2026-09-24T08:44:00.000-04:00,47.183,
2026-09-24T08:45:00.000-04:00,46.7555,
2026-09-24T08:46:00.000-04:00,47.34799999999999,
2026-09-24T08:47:00.000-04:00,47.5592,
2026-09-24T08:48:00.000-04:00,47.209999999999994,
2026-09-24T08:49:00.000-04:00,47.282000000000004,
2026-09-24T08:50:00.000-04:00,46.958000000000006,
2026-09-24T08:51:00.000-04:00,47.2505,
2026-09-24T08:52:00.000-04:00,47.6195,
2026-09-24T08:53:00.000-04:00,47.245999999999995,
2026-09-24T08:54:00.000-04:00,47.37799999999999,
2026-09-24T08:55:00.000-04:00,46.9265,
2026-09-24T08:56:00.000-04:00,47.0768,
2026-09-24T08:57:00.000-04:00,47.492,
2026-09-24T08:58:00.000-04:00,47.854400000000005,
2026-09-24T08:59:00.000-04:00,47.723,
2026-09-24T09:00:00.000-04:00,47.834,
2026-09-24T09:01:00.000-04:00,47.4836,
2026-09-24T09:02:00.000-04:00,47.834,
2026-09-24T09:03:00.000-04:00,48.5456,
2026-09-24T09:04:00.000-04:00,48.35,
2026-09-24T09:05:00.000-04:00,48.1712,
2026-09-24T09:06:00.000-04:00,48.937999999999995,
2026-09-24T09:07:00.000-04:00,48.852500000000006,
2026-09-24T09:08:00.000-04:00,49.244,
2026-09-24T09:09:00.000-04:00,49.23950000000001,
2026-09-24T09:10:00.000-04:00,49.4636,
2026-09-24T09:11:00.000-04:00,48.713,
2026-09-24T09:12:00.000-04:00,49.2575,
2026-09-24T09:13:00.000-04:00,49.148,
2026-09-24T09:14:00.000-04:00,49.433,
2026-09-24T09:15:00.000-04:00,49.506800000000005,
2026-09-24T09:16:00.000-04:00,50.0,
2026-09-24T09:17:00.000-04:00,49.509499999999996,
2026-09-24T09:18:00.000-04:00,49.5995,
2026-09-24T09:19:00.000-04:00,49.711999999999996,
2026-09-24T09:20:00.000-04:00,50.69839999999999,
2026-09-24T09:21:00.000-04:00,50.7695,
2026-09-24T09:22:00.000-04:00,51.23,
2026-09-24T09:23:00.000-04:00,50.288,
2026-09-24T09:24:00.000-04:00,49.838,
2026-09-24T09:25:00.000-04:00,49.7732,
2026-09-24T09:26:00.000-04:00,49.802,
2026-09-24T09:27:00.000-04:00,49.2215,
2026-09-24T09:28:00.000-04:00,49.4456,
2026-09-24T09:29:00.000-04:00,49.4915,
2026-09-24T09:30:00.000-04:00,48.9155,
2026-09-24T09:31:00.000-04:00,48.992,
2026-09-24T09:32:00.000-04:00,48.51050000000001,
2026-09-24T09:33:00.000-04:00,48.662,
2026-09-24T09:34:00.000-04:00,49.2305,
2026-09-24T09:35:00.000-04:00,49.0415,
2026-09-24T09:36:00.000-04:00,48.44840000000001,
2026-09-24T09:37:00.000-04:00,48.996500000000005,
2026-09-24T09:38:00.000-04:00,48.6455,
2026-09-24T09:39:00.000-04:00,49.316,
2026-09-24T09:40:00.000-04:00,50.2115,
2026-09-24T09:41:00.000-04:00,49.580000000000005,
2026-09-24T09:42:00.000-04:00,49.0244,
2026-09-24T09:43:00.000-04:00,48.553999999999995,
2026-09-24T09:44:00.000-04:00,48.065000000000005,
2026-09-24T09:45:00.000-04:00,48.775999999999996,
2026-09-24T09:46:00.000-04:00,48.8732,
2026-09-24T09:47:00.000-04:00,48.88849999999999,
2026-09-24T09:48:00.000-04:00,49.199,
2026-09-24T09:49:00.000-04:00,49.388000000000005,
2026-09-24T09:50:00.000-04:00,48.7535,
2026-09-24T09:51:00.000-04:00,48.596000000000004,
2026-09-24T09:52:00.000-04:00,48.9425,
2026-09-24T09:53:00.000-04:00,48.623,
2026-09-24T09:54:00.000-04:00,47.879599999999996,
2026-09-24T09:55:00.000-04:00,47.606,
2026-09-24T09:56:00.000-04:00,47.99,
2026-09-24T09:57:00.000-04:00,49.06399999999999,
2026-09-24T09:58:00.000-04:00,48.326,
2026-09-24T09:59:00.000-04:00,47.6096,
2026-09-24T10:00:00.000-04:00,47.354,
2026-09-24T10:01:00.000-04:00,47.504,
2026-09-24T10:02:00.000-04:00,48.095600000000005,
2026-09-24T10:03:00.000-04:00,49.028,
2026-09-24T10:04:00.000-04:00,48.2585,
2026-09-24T10:05:00.000-04:00,47.498,
2026-09-24T10:06:00.000-04:00,46.879999999999995,
2026-09-24T10:07:00.000-04:00,47.687,
2026-09-24T10:08:00.000-04:00,48.024499999999996,
2026-09-24T10:09:00.000-04:00,47.2775,
2026-09-24T10:10:00.000-04:00,46.8248,
2026-09-24T10:11:00.000-04:00,47.3765,
2026-09-24T10:12:00.000-04:00,47.129000000000005,
2026-09-24T10:13:00.000-04:00,47.4395,
2026-09-24T10:14:00.000-04:00,48.1235,
2026-09-24T10:15:00.000-04:00,48.839,
2026-09-24T10:16:00.000-04:00,49.0865,
2026-09-24T10:17:00.000-04:00,48.6635,
2026-09-24T10:18:00.000-04:00,48.047,
2026-09-24T10:19:00.000-04:00,49.052,
2026-09-24T10:20:00.000-04:00,48.659000000000006,
2026-09-24T10:21:00.000-04:00,48.63199999999999,
2026-09-24T10:22:00.000-04:00,48.9605,
2026-09-24T10:23:00.000-04:00,48.62,
2026-09-24T10:24:00.000-04:00,47.8265,
2026-09-24T10:25:00.000-04:00,47.4224,
2026-09-24T10:26:00.000-04:00,48.1865,
2026-09-24T10:27:00.000-04:00,47.108000000000004,
2026-09-24T10:28:00.000-04:00,46.728500000000004,
2026-09-24T10:29:00.000-04:00,47.45120000000001,
2026-09-24T10:30:00.000-04:00,47.407999999999994,
2026-09-24T10:31:00.000-04:00,47.17399999999999,
2026-09-24T10:32:00.000-04:00,47.948,
2026-09-24T10:33:00.000-04:00,48.524,
2026-09-24T10:34:00.000-04:00,47.962399999999995,
2026-09-24T10:35:00.000-04:00,47.8175,
2026-09-24T10:36:00.000-04:00,48.735499999999995,
2026-09-24T10:37:00.000-04:00,48.26,
2026-09-24T10:38:00.000-04:00,48.0065,
2026-09-24T10:39:00.000-04:00,48.254000000000005,
2026-09-24T10:40:00.000-04:00,48.5465,
2026-09-24T10:41:00.000-04:00,49.124,
2026-09-24T10:42:00.000-04:00,47.804,
2026-09-24T10:43:00.000-04:00,48.173,
2026-09-24T10:44:00.000-04:00,48.785000000000004,
2026-09-24T10:45:00.000-04:00,48.0965,
2026-09-24T10:46:00.000-04:00,46.85,
2026-09-24T10:47:00.000-04:00,46.598,
2026-09-24T10:48:00.000-04:00,46.4855,
2026-09-24T10:49:00.000-04:00,47.237,
2026-09-24T10:50:00.000-04:00,46.651999999999994,
2026-09-24T10:51:00.000-04:00,47.523199999999996,
2026-09-24T10:52:00.000-04:00,47.732,
2026-09-24T10:53:00.000-04:00,48.074,
2026-09-24T10:54:00.000-04:00,47.1515,
2026-09-24T10:55:00.000-04:00,47.453,
2026-09-24T10:56:00.000-04:00,47.906,
2026-09-24T10:57:00.000-04:00,49.1504,
2026-09-24T10:58:00.000-04:00,49.2665,
2026-09-24T10:59:00.000-04:00,49.28,
2026-09-24T11:00:00.000-04:00,49.855999999999995,
2026-09-24T11:01:00.000-04:00,50.4185,
2026-09-24T11:02:00.000-04:00,50.243,
2026-09-24T11:03:00.000-04:00,49.73,
2026-09-24T11:04:00.000-04:00,49.4915,
2026-09-24T11:05:00.000-04:00,50.342,
2026-09-24T11:06:00.000-04:00,49.9055,
2026-09-24T11:07:00.000-04:00,50.342,
2026-09-24T11:08:00.000-04:00,50.636,
2026-09-24T11:09:00.000-04:00,50.702,
2026-09-24T11:10:00.000-04:00,50.5445,
2026-09-24T11:11:00.000-04:00,50.809999999999995,
2026-09-24T11:12:00.000-04:00,50.567,
2026-09-24T11:13:00.000-04:00,50.45,
2026-09-24T11:14:00.000-04:00,50.395999999999994,
2026-09-24T11:15:00.000-04:00,50.072,
2026-09-24T11:18:00.000-04:00,50.315,
2026-09-24T11:19:00.000-04:00,50.594,
2026-09-24T11:20:00.000-04:00,50.576,
2026-09-24T11:21:00.000-04:00,50.666,
2026-09-24T11:38:00.000-04:00,49.339999999999996,
2026-09-24T11:39:00.000-04:00,49.586,
2026-09-24T11:46:00.000-04:00,48.938,
2026-09-24T11:47:00.000-04:00,48.974,
2026-09-24T11:48:00.000-04:00,49.064,
2026-09-24T11:49:00.000-04:00,48.956,
2026-09-24T11:50:00.000-04:00,49.04,
2026-09-24T11:51:00.000-04:00,49.406,
2026-09-24T11:53:00.000-04:00,49.891999999999996,
2026-09-24T12:02:00.000-04:00,49.658,
2026-09-24T12:03:00.000-04:00,49.559000000000005,
2026-09-24T12:04:00.000-04:00,49.478,
2026-09-24T12:05:00.000-04:00,50.108000000000004,
2026-09-24T12:08:00.000-04:00,50.054,
2026-09-24T12:21:00.000-04:00,49.388,
2026-09-24T12:36:00.000-04:00,48.29,
2026-09-24T12:39:00.000-04:00,48.542,
2026-09-24T12:40:00.000-04:00,48.56,
2026-09-24T12:57:00.000-04:00,49.352,
2026-09-24T13:25:00.000-04:00,46.958,
2026-09-24T13:26:00.000-04:00,48.056,
2026-09-24T13:29:00.000-04:00,46.724,
2026-09-24T13:34:00.000-04:00,47.246,
2026-09-24T13:35:00.000-04:00,48.227000000000004,
2026-09-24T13:36:00.000-04:00,47.39,
2026-09-24T13:44:00.000-04:00,46.904,
2026-09-24T13:52:00.000-04:00,46.706,
2026-09-24T14:09:00.000-04:00,46.796,
2026-09-24T14:20:00.000-04:00,46.364,
2026-09-24T14:21:00.000-04:00,46.5755,
2026-09-24T14:22:00.000-04:00,46.562000000000005,
2026-09-24T14:23:00.000-04:00,46.7825,
2026-09-24T14:24:00.000-04:00,46.503499999999995,
2026-09-24T14:25:00.000-04:00,46.660999999999994,
2026-09-24T14:26:00.000-04:00,46.2785,
2026-09-24T14:27:00.000-04:00,46.8725,
2026-09-24T14:28:00.000-04:00,46.557500000000005,
2026-09-24T14:29:00.000-04:00,47.1065,
2026-09-24T14:30:00.000-04:00,46.697,
2026-09-24T14:31:00.000-04:00,46.0535,
2026-09-24T14:32:00.000-04:00,46.3685,
2026-09-24T14:33:00.000-04:00,46.696999999999996,
2026-09-24T14:34:00.000-04:00,46.5035,
2026-09-24T14:35:00.000-04:00,46.6745,
2026-09-24T14:36:00.000-04:00,46.7555,
2026-09-24T14:37:00.000-04:00,46.013,
2026-09-24T14:38:00.000-04:00,46.382,
2026-09-24T14:39:00.000-04:00,46.274,
2026-09-24T14:40:00.000-04:00,46.0895,
2026-09-24T14:41:00.000-04:00,46.2065,
2026-09-24T14:42:00.000-04:00,46.0895,
2026-09-24T14:43:00.000-04:00,46.0085,
2026-09-24T14:44:00.000-04:00,46.553,
2026-09-24T14:45:00.000-04:00,46.224500000000006,
2026-09-24T14:46:00.000-04:00,46.148,
2026-09-24T14:47:00.000-04:00,46.0985,
2026-09-24T14:48:00.000-04:00,46.238,
2026-09-24T14:49:00.000-04:00,45.9365,
2026-09-24T14:50:00.000-04:00,46.4315,
2026-09-24T14:51:00.000-04:00,46.193,
2026-09-24T14:52:00.000-04:00,46.27850000000001,
2026-09-24T14:53:00.000-04:00,46.2425,
2026-09-24T14:54:00.000-04:00,46.004,
2026-09-24T14:55:00.000-04:00,45.941,
2026-09-24T14:56:00.000-04:00,46.43600000000001,
2026-09-24T14:57:00.000-04:00,46.4495,
2026-09-24T14:58:00.000-04:00,46.418000000000006,
2026-09-24T14:59:00.000-04:00,46.3055,
2026-09-24T15:00:00.000-04:00,46.1165,
2026-09-24T15:01:00.000-04:00,46.418,
2026-09-24T15:02:00.000-04:00,46.607,
2026-09-24T15:03:00.000-04:00,46.778,
2026-09-24T15:04:00.000-04:00,46.4045,
2026-09-24T15:05:00.000-04:00,46.5755,
2026-09-24T15:06:00.000-04:00,46.688,
2026-09-24T15:07:00.000-04:00,46.193,
2026-09-24T15:08:00.000-04:00,46.625,
2026-09-24T15:09:00.000-04:00,46.61150000000001,
2026-09-24T15:10:00.000-04:00,46.350500000000004,
2026-09-24T15:11:00.000-04:00,46.337,
2026-09-24T15:12:00.000-04:00,46.332499999999996,
2026-09-24T15:13:00.000-04:00,45.949999999999996,
2026-09-24T15:14:00.000-04:00,46.598,
2026-09-24T15:15:00.000-04:00,46.197500000000005,
2026-09-24T15:16:00.000-04:00,46.31,
2026-09-24T15:17:00.000-04:00,46.31,
2026-09-24T15:18:00.000-04:00,46.103,
2026-09-24T15:19:00.000-04:00,46.4945,
2026-09-24T15:20:00.000-04:00,46.085,
2026-09-24T15:21:00.000-04:00,46.076,
2026-09-24T15:22:00.000-04:00,46.5845,
2026-09-24T15:23:00.000-04:00,46.341499999999996,
2026-09-24T15:24:00.000-04:00,46.328,
2026-09-24T15:25:00.000-04:00,46.211,
2026-09-24T15:26:00.000-04:00,46.139,
2026-09-24T15:27:00.000-04:00,46.129999999999995,
2026-09-24T15:28:00.000-04:00,46.3505,
2026-09-24T15:29:00.000-04:00,46.301,
2026-09-24T15:30:00.000-04:00,45.986,
2026-09-24T15:31:00.000-04:00,46.0175,
2026-09-24T15:32:00.000-04:00,45.751999999999995,
2026-09-24T15:33:00.000-04:00,46.3055,
2026-09-24T15:34:00.000-04:00,45.707,
2026-09-24T15:35:00.000-04:00,45.797,
2026-09-24T15:36:00.000-04:00,45.896,
2026-09-24T15:37:00.000-04:00,46.256,
2026-09-24T15:38:00.000-04:00,46.0535,
2026-09-24T15:39:00.000-04:00,46.265,
2026-09-24T15:40:00.000-04:00,46.013,
2026-09-24T15:41:00.000-04:00,46.256,
2026-09-24T15:42:00.000-04:00,46.5485,
2026-09-24T15:43:00.000-04:00,46.193000000000005,
2026-09-24T15:44:00.000-04:00,46.489999999999995,
2026-09-24T15:45:00.000-04:00,46.278499999999994,
2026-09-24T15:46:00.000-04:00,46.1975,
2026-09-24T15:47:00.000-04:00,46.42700000000001,
2026-09-24T15:48:00.000-04:00,46.3595,
2026-09-24T15:49:00.000-04:00,45.815,
2026-09-24T15:50:00.000-04:00,45.7475,
2026-09-24T15:51:00.000-04:00,46.301,
2026-09-24T15:52:00.000-04:00,46.391,
2026-09-24T15:53:00.000-04:00,46.63849999999999,
2026-09-24T15:54:00.000-04:00,46.67,
2026-09-24T15:55:00.000-04:00,46.1885,
2026-09-24T15:56:00.000-04:00,45.9095,
2026-09-24T15:57:00.000-04:00,45.9275,
2026-09-24T15:58:00.000-04:00,45.788000000000004,
2026-09-24T15:59:00.000-04:00,45.158,
2026-09-24T16:00:00.000-04:00,45.6305,
2026-09-24T16:01:00.000-04:00,46.498999999999995,
2026-09-24T16:02:00.000-04:00,46.089499999999994,
2026-09-24T16:03:00.000-04:00,46.0985,
2026-09-24T16:04:00.000-04:00,46.67,
2026-09-24T16:05:00.000-04:00,48.1505,
2026-09-24T16:06:00.000-04:00,48.393499999999996,
2026-09-24T16:07:00.000-04:00,47.5295,
2026-09-24T16:08:00.000-04:00,47.088499999999996,
2026-09-24T16:09:00.000-04:00,47.849000000000004,
2026-09-24T16:10:00.000-04:00,46.976,
2026-09-24T16:11:00.000-04:00,47.066,
2026-09-24T16:12:00.000-04:00,47.5295,
2026-09-24T16:13:00.000-04:00,48.4385,
2026-09-24T16:14:00.000-04:00,48.213499999999996,
2026-09-24T16:15:00.000-04:00,47.6825,
2026-09-24T16:16:00.000-04:00,48.29899999999999,
2026-09-24T16:17:00.000-04:00,47.4395,
2026-09-24T16:18:00.000-04:00,47.885,
2026-09-24T16:19:00.000-04:00,46.82,
2026-09-24T17:02:00.000-04:00,47.354,
2026-09-24T17:08:00.000-04:00,47.327,
2026-09-24T17:09:00.000-04:00,46.8095,
2026-09-24T17:10:00.000-04:00,47.111000000000004,
2026-09-24T17:11:00.000-04:00,46.904,
2026-09-24T17:12:00.000-04:00,46.319,
2026-09-24T17:13:00.000-04:00,46.538000000000004,
2026-09-24T17:14:00.000-04:00,46.598,
2026-09-24T17:15:00.000-04:00,47.48,
2026-09-24T17:16:00.000-04:00,47.714,
2026-09-24T17:17:00.000-04:00,47.156000000000006,
2026-09-24T17:18:00.000-04:00,48.074000000000005,
2026-09-24T17:19:00.000-04:00,47.534000000000006,
2026-09-24T17:20:00.000-04:00,47.2865,
2026-09-24T17:21:00.000-04:00,47.012,
2026-09-24T17:22:00.000-04:00,46.94,
2026-09-24T17:23:00.000-04:00,47.2055,
2026-09-24T17:24:00.000-04:00,46.6205,
2026-09-24T17:25:00.000-04:00,46.6925,
2026-09-24T17:26:00.000-04:00,46.8095,
2026-09-24T17:27:00.000-04:00,46.5125,
2026-09-24T17:28:00.000-04:00,46.74199999999999,
2026-09-24T17:29:00.000-04:00,47.435,
2026-09-24T17:30:00.000-04:00,47.822,
2026-09-24T17:31:00.000-04:00,46.958,
2026-09-24T17:32:00.000-04:00,46.787,
2026-09-24T17:33:00.000-04:00,47.21,
2026-09-24T17:34:00.000-04:00,46.805,
2026-09-24T17:35:00.000-04:00,46.643,
2026-09-24T17:36:00.000-04:00,46.719500000000004,
2026-09-24T17:37:00.000-04:00,46.121,
2026-09-24T17:38:00.000-04:00,46.4675,
2026-09-24T17:39:00.000-04:00,46.400000000000006,
2026-09-24T17:40:00.000-04:00,46.593500000000006,
2026-09-24T17:41:00.000-04:00,46.8545,
2026-09-24T17:42:00.000-04:00,46.8905,
2026-09-24T17:43:00.000-04:00,46.4585,
2026-09-24T17:44:00.000-04:00,46.6295,
2026-09-24T17:45:00.000-04:00,46.418,
2026-09-24T17:46:00.000-04:00,46.7465,
2026-09-24T17:47:00.000-04:00,46.58,
2026-09-24T17:48:00.000-04:00,46.291999999999994,
2026-09-24T17:49:00.000-04:00,46.26049999999999,
2026-09-24T17:50:00.000-04:00,46.22,
2026-09-24T17:51:00.000-04:00,45.954499999999996,
2026-09-24T17:52:00.000-04:00,46.2425,
2026-09-24T17:53:00.000-04:00,46.521499999999996,
2026-09-24T17:54:00.000-04:00,46.4225,
2026-09-24T17:55:00.000-04:00,46.7555,
2026-09-24T17:56:00.000-04:00,46.3505,
2026-09-24T17:57:00.000-04:00,46.63849999999999,
2026-09-24T17:58:00.000-04:00,46.62800000000001,
2026-09-24T17:59:00.000-04:00,46.07599999999999,
2026-09-24T18:00:00.000-04:00,46.3145,
2026-09-24T18:01:00.000-04:00,46.292,
2026-09-24T18:02:00.000-04:00,46.22,
2026-09-24T18:03:00.000-04:00,45.482,
2026-09-24T18:04:00.000-04:00,46.049,
2026-09-24T18:05:00.000-04:00,45.779,
2026-09-24T18:06:00.000-04:00,45.2435,
2026-09-24T18:07:00.000-04:00,45.986000000000004,
2026-09-24T18:08:00.000-04:00,45.9905,
2026-09-24T18:09:00.000-04:00,45.8555,
2026-09-24T18:10:00.000-04:00,46.323499999999996,
2026-09-24T18:11:00.000-04:00,46.724,
2026-09-24T18:22:00.000-04:00,45.806,
2026-09-24T18:23:00.000-04:00,46.23350000000001,
2026-09-24T18:24:00.000-04:00,47.160500000000006,
2026-09-24T18:25:00.000-04:00,48.3845,
2026-09-24T18:26:00.000-04:00,47.9975,
2026-09-24T18:27:00.000-04:00,47.5475,
2026-09-24T18:28:00.000-04:00,47.8715,
2026-09-24T18:29:00.000-04:00,47.18300000000001,
2026-09-24T18:30:00.000-04:00,46.724000000000004,
2026-09-24T18:31:00.000-04:00,46.6115,
2026-09-24T18:32:00.000-04:00,46.4495,
2026-09-24T18:33:00.000-04:00,46.823,
2026-09-24T18:34:00.000-04:00,46.544000000000004,
2026-09-24T18:35:00.000-04:00,46.468399999999995,
2026-09-24T18:36:00.000-04:00,46.499,
2026-09-24T18:37:00.000-04:00,46.184,
2026-09-24T18:38:00.000-04:00,46.028,
2026-09-24T18:39:00.000-04:00,46.076,
2026-09-24T18:40:00.000-04:00,46.832,
2026-09-24T18:41:00.000-04:00,46.0445,
2026-09-24T18:42:00.000-04:00,45.824,
2026-09-24T18:43:00.000-04:00,45.982400000000005,
2026-09-24T18:44:00.000-04:00,45.662,
2026-09-24T18:45:00.000-04:00,45.769999999999996,
2026-09-24T18:47:00.000-04:00,46.406,
2026-09-24T18:48:00.000-04:00,46.1345,
2026-09-24T18:49:00.000-04:00,45.86899999999999,
2026-09-24T18:50:00.000-04:00,46.580000000000005,
2026-09-24T18:51:00.000-04:00,46.6025,
2026-09-24T18:52:00.000-04:00,45.977,
2026-09-24T18:53:00.000-04:00,45.0995,
2026-09-24T18:54:00.000-04:00,45.608,
2026-09-24T18:55:00.000-04:00,45.509,
2026-09-24T18:56:00.000-04:00,45.828500000000005,
2026-09-24T18:57:00.000-04:00,45.441500000000005,
2026-09-24T18:58:00.000-04:00,45.774499999999996,
2026-09-24T18:59:00.000-04:00,45.608000000000004,
2026-09-24T19:00:00.000-04:00,45.760999999999996,
2026-09-24T19:01:00.000-04:00,45.563,
2026-09-24T19:02:00.000-04:00,45.5675,
2026-09-24T19:03:00.000-04:00,45.221,
2026-09-24T19:04:00.000-04:00,45.33800000000001,
2026-09-24T19:05:00.000-04:00,45.2075,
2026-09-24T19:06:00.000-04:00,45.6215,
2026-09-24T19:07:00.000-04:00,44.879,
2026-09-24T19:08:00.000-04:00,45.535999999999994,
2026-09-24T19:09:00.000-04:00,45.5405,
2026-09-24T19:10:00.000-04:00,45.131,
2026-09-24T19:11:00.000-04:00,45.391999999999996,
2026-09-24T19:12:00.000-04:00,45.162499999999994,
2026-09-24T19:13:00.000-04:00,44.8835,
2026-09-24T19:14:00.000-04:00,45.185,
2026-09-24T19:15:00.000-04:00,44.986999999999995,
2026-09-24T19:16:00.000-04:00,44.933,
2026-09-24T19:17:00.000-04:00,45.248,
2026-09-24T19:18:00.000-04:00,45.374,
2026-09-24T19:19:00.000-04:00,45.8015,
2026-09-24T19:20:00.000-04:00,45.716,
2026-09-24T19:21:00.000-04:00,45.653,
2026-09-24T19:22:00.000-04:00,45.927499999999995,
2026-09-24T19:23:00.000-04:00,45.302,
2026-09-24T19:24:00.000-04:00,45.0725,
2026-09-24T19:25:00.000-04:00,45.131,
2026-09-24T19:26:00.000-04:00,45.167,
2026-09-24T19:27:00.000-04:00,44.75749999999999,
2026-09-24T19:28:00.000-04:00,44.9015,
2026-09-24T19:29:00.000-04:00,45.207499999999996,
2026-09-24T19:30:00.000-04:00,44.833999999999996,
2026-09-24T19:31:00.000-04:00,45.59,
2026-09-24T19:32:00.000-04:00,45.176,
2026-09-24T19:33:00.000-04:00,45.2165,
2026-09-24T19:34:00.000-04:00,45.4055,
2026-09-24T19:35:00.000-04:00,45.194,
2026-09-24T19:36:00.000-04:00,45.990500000000004,
2026-09-24T19:37:00.000-04:00,45.810500000000005,
2026-09-24T19:38:00.000-04:00,45.887,
2026-09-24T19:39:00.000-04:00,46.3955,
2026-09-24T19:40:00.000-04:00,45.5405,
2026-09-24T19:41:00.000-04:00,45.23,
2026-09-24T19:42:00.000-04:00,45.7205,
2026-09-24T19:43:00.000-04:00,45.752,
2026-09-24T19:44:00.000-04:00,45.949999999999996,
2026-09-24T19:45:00.000-04:00,46.049,
2026-09-24T19:46:00.000-04:00,45.1175,
2026-09-24T19:47:00.000-04:00,45.266,
2026-09-24T19:48:00.000-04:00,45.266,
2026-09-24T19:49:00.000-04:00,45.396499999999996,
2026-09-24T19:50:00.000-04:00,44.95099999999999,
2026-09-24T19:51:00.000-04:00,45.302,
2026-09-24T19:52:00.000-04:00,45.0185,
2026-09-24T19:53:00.000-04:00,45.6395,
2026-09-24T19:54:00.000-04:00,45.2975,
2026-09-24T19:55:00.000-04:00,45.954499999999996,
2026-09-24T19:56:00.000-04:00,45.0725,
2026-09-24T19:57:00.000-04:00,45.391999999999996,
2026-09-24T19:58:00.000-04:00,45.06349999999999,
2026-09-24T19:59:00.000-04:00,45.0905,
2026-09-24T20:00:00.000-04:00,45.428,
2026-09-24T20:01:00.000-04:00,44.7845,
2026-09-24T20:02:00.000-04:00,45.0545,
2026-09-24T20:03:00.000-04:00,45.072500000000005,
2026-09-24T20:04:00.000-04:00,45.824000000000005,
2026-09-24T20:05:00.000-04:00,46.3415,
2026-09-24T20:06:00.000-04:00,45.185,
2026-09-24T20:07:00.000-04:00,45.275,
2026-09-24T20:08:00.000-04:00,45.792500000000004,
2026-09-24T20:09:00.000-04:00,45.779,
2026-09-24T20:10:00.000-04:00,45.810500000000005,
2026-09-24T20:11:00.000-04:00,45.31999999999999,
2026-09-24T20:12:00.000-04:00,46.0625,
2026-09-24T20:13:00.000-04:00,45.536,
2026-09-24T20:14:00.000-04:00,46.1795,
2026-09-24T20:15:00.000-04:00,45.797,
2026-09-24T20:16:00.000-04:00,46.1075,
2026-09-24T20:17:00.000-04:00,46.319,
2026-09-24T20:18:00.000-04:00,46.278499999999994,
2026-09-24T20:19:00.000-04:00,46.152499999999996,
2026-09-24T20:20:00.000-04:00,46.328,
2026-09-24T20:21:00.000-04:00,46.3505,
2026-09-24T20:22:00.000-04:00,46.364,
2026-09-24T20:23:00.000-04:00,46.6115,
2026-09-24T20:24:00.000-04:00,46.471999999999994,
2026-09-24T20:25:00.000-04:00,46.406,
2026-09-24T20:26:00.000-04:00,46.61959999999999,
2026-09-24T20:27:00.000-04:00,46.544,
2026-09-24T20:28:00.000-04:00,46.895,
2026-09-24T20:29:00.000-04:00,46.715,
2026-09-24T20:30:00.000-04:00,46.58,
2026-09-24T20:31:00.000-04:00,46.535,
2026-09-24T20:32:00.000-04:00,46.714999999999996,
2026-09-24T20:33:00.000-04:00,46.418,
2026-09-24T20:34:00.000-04:00,46.9625,
2026-09-24T20:35:00.000-04:00,46.985,
2026-09-24T20:36:00.000-04:00,46.890499999999996,
2026-09-24T20:37:00.000-04:00,47.192,
2026-09-24T20:38:00.000-04:00,46.953500000000005,
2026-09-24T20:39:00.000-04:00,46.63849999999999,
2026-09-24T20:40:00.000-04:00,47.39,
2026-09-24T20:41:00.000-04:00,47.295500000000004,
2026-09-24T20:42:00.000-04:00,47.43050000000001,
2026-09-24T20:43:00.000-04:00,47.0525,
2026-09-24T20:44:00.000-04:00,47.254999999999995,
2026-09-24T20:45:00.000-04:00,47.345,
2026-09-24T20:46:00.000-04:00,47.183,
2026-09-24T20:47:00.000-04:00,47.003,
2026-09-24T20:48:00.000-04:00,46.9895,
2026-09-24T20:49:00.000-04:00,47.381,
2026-09-24T20:50:00.000-04:00,47.480000000000004,
2026-09-24T20:51:00.000-04:00,47.048,
2026-09-24T20:52:00.000-04:00,47.5835,
2026-09-24T20:53:00.000-04:00,47.4935,
2026-09-24T20:54:00.000-04:00,47.5115,
2026-09-24T20:55:00.000-04:00,46.98949999999999,
2026-09-24T20:56:00.000-04:00,47.183,
2026-09-24T20:57:00.000-04:00,46.724000000000004,
2026-09-24T20:58:00.000-04:00,46.3775,
2026-09-24T20:59:00.000-04:00,46.152499999999996,
2026-09-24T21:00:00.000-04:00,46.3685,
2026-09-24T21:01:00.000-04:00,46.553,
2026-09-24T21:02:00.000-04:00,46.544,
2026-09-24T21:03:00.000-04:00,46.120999999999995,
2026-09-24T21:04:00.000-04:00,46.2335,
2026-09-24T21:05:00.000-04:00,46.0625,
2026-09-24T21:06:00.000-04:00,45.5585,
2026-09-24T21:07:00.000-04:00,45.905,
2026-09-24T21:08:00.000-04:00,45.473,
2026-09-24T21:09:00.000-04:00,45.900499999999994,
2026-09-24T21:10:00.000-04:00,45.95,
2026-09-24T21:11:00.000-04:00,46.0895,
2026-09-24T21:12:00.000-04:00,45.927499999999995,
2026-09-24T21:13:00.000-04:00,45.842000000000006,
2026-09-24T21:14:00.000-04:00,45.9068,
2026-09-24T21:15:00.000-04:00,45.967999999999996,
2026-09-24T21:16:00.000-04:00,46.0265,
2026-09-24T21:17:00.000-04:00,46.0715,
2026-09-24T21:18:00.000-04:00,46.292,
2026-09-24T21:19:00.000-04:00,46.2308,
2026-09-24T21:20:00.000-04:00,46.058,
2026-09-24T21:21:00.000-04:00,46.112,
2026-09-24T21:22:00.000-04:00,46.292,
2026-09-24T21:23:00.000-04:00,46.022,
2026-09-24T21:24:00.000-04:00,45.509,
2026-09-24T21:25:00.000-04:00,45.653000000000006,
2026-09-24T21:26:00.000-04:00,45.257000000000005,
2026-09-24T21:27:00.000-04:00,45.6935,
2026-09-24T21:28:00.000-04:00,45.3335,
2026-09-24T21:29:00.000-04:00,45.236,
2026-09-24T21:30:00.000-04:00,45.7385,
2026-09-24T21:31:00.000-04:00,45.743,
2026-09-24T21:32:00.000-04:00,46.1165,
2026-09-24T21:33:00.000-04:00,46.0355,
2026-09-24T21:34:00.000-04:00,46.274,
2026-09-24T21:35:00.000-04:00,45.86899999999999,
2026-09-24T21:36:00.000-04:00,46.049,
2026-09-24T21:37:00.000-04:00,46.319,
2026-09-24T21:38:00.000-04:00,46.004000000000005,
2026-09-24T21:39:00.000-04:00,46.4675,
2026-09-24T21:40:00.000-04:00,45.8375,
2026-09-24T21:41:00.000-04:00,46.24249999999999,
2026-09-24T21:42:00.000-04:00,46.535,
2026-09-24T21:43:00.000-04:00,46.143499999999996,
2026-09-24T21:44:00.000-04:00,46.6115,
2026-09-24T21:45:00.000-04:00,46.3415,
2026-09-24T21:46:00.000-04:00,46.8095,
2026-09-24T21:47:00.000-04:00,46.0265,
2026-09-24T21:48:00.000-04:00,46.557500000000005,
2026-09-24T21:49:00.000-04:00,46.8005,
2026-09-24T21:50:00.000-04:00,46.643,
2026-09-24T21:51:00.000-04:00,46.687999999999995,
2026-09-24T21:52:00.000-04:00,46.544000000000004,
2026-09-24T21:53:00.000-04:00,46.535000000000004,
2026-09-24T21:54:00.000-04:00,46.62949999999999,
2026-09-24T21:55:00.000-04:00,46.553,
2026-09-24T21:56:00.000-04:00,46.733000000000004,
2026-09-24T21:57:00.000-04:00,46.985,
2026-09-24T21:58:00.000-04:00,46.881499999999996,
2026-09-24T21:59:00.000-04:00,46.76,
2026-09-24T22:00:00.000-04:00,46.994,
2026-09-24T22:01:00.000-04:00,46.840999999999994,
2026-09-24T22:02:00.000-04:00,46.894999999999996,
2026-09-24T22:03:00.000-04:00,46.7375,
2026-09-24T22:04:00.000-04:00,46.9265,
2026-09-24T22:05:00.000-04:00,47.263999999999996,
2026-09-24T22:06:00.000-04:00,46.94,
2026-09-24T22:07:00.000-04:00,46.922,
2026-09-24T22:08:00.000-04:00,47.246,
2026-09-24T22:09:00.000-04:00,46.913,
2026-09-24T22:10:00.000-04:00,47.24600000000001,
2026-09-24T22:11:00.000-04:00,47.331500000000005,
2026-09-24T22:12:00.000-04:00,47.079499999999996,
2026-09-24T22:13:00.000-04:00,47.327000000000005,
2026-09-24T22:14:00.000-04:00,47.228,
2026-09-24T22:15:00.000-04:00,47.444,
2026-09-24T22:16:00.000-04:00,47.268499999999996,
2026-09-24T22:17:00.000-04:00,47.3405,
2026-09-24T22:18:00.000-04:00,47.286500000000004,
2026-09-24T22:19:00.000-04:00,47.01199999999999,
2026-09-24T22:20:00.000-04:00,47.0435,
2026-09-24T22:21:00.000-04:00,47.5745,
2026-09-24T22:22:00.000-04:00,47.669000000000004,
2026-09-24T22:23:00.000-04:00,47.705,
2026-09-24T22:24:00.000-04:00,47.48,
2026-09-24T22:25:00.000-04:00,47.75,
2026-09-24T22:26:00.000-04:00,47.3,
2026-09-24T22:27:00.000-04:00,47.597,
2026-09-24T22:28:00.000-04:00,47.466499999999996,
2026-09-24T22:29:00.000-04:00,47.57,
2026-09-24T22:30:00.000-04:00,47.9885,
2026-09-24T22:31:00.000-04:00,47.5925,
2026-09-24T22:32:00.000-04:00,47.606,
2026-09-24T22:33:00.000-04:00,47.633,
2026-09-24T22:34:00.000-04:00,47.309,
2026-09-24T22:35:00.000-04:00,47.8535,
2026-09-24T22:36:00.000-04:00,47.718500000000006,
2026-09-24T22:37:00.000-04:00,47.8175,
2026-09-24T22:38:00.000-04:00,47.8355,
2026-09-24T22:39:00.000-04:00,47.939,
2026-09-24T22:40:00.000-04:00,47.6645,
2026-09-24T22:41:00.000-04:00,48.065,
2026-09-24T22:42:00.000-04:00,47.894,
2026-09-24T22:43:00.000-04:00,48.13250000000001,
2026-09-24T22:44:00.000-04:00,48.1145,
2026-09-24T22:45:00.000-04:00,48.245,
2026-09-24T22:46:00.000-04:00,48.443,
2026-09-24T22:47:00.000-04:00,48.204499999999996,
2026-09-24T22:48:00.000-04:00,48.29,
2026-09-24T22:49:00.000-04:00,48.11,
2026-09-24T22:50:00.000-04:00,47.9885,
2026-09-24T22:51:00.000-04:00,48.14150000000001,
2026-09-24T22:52:00.000-04:00,47.876000000000005,
2026-09-24T22:53:00.000-04:00,47.9435,
2026-09-24T22:54:00.000-04:00,48.002,
2026-09-24T22:55:00.000-04:00,47.975,
2026-09-24T22:56:00.000-04:00,47.8625,
2026-09-24T22:57:00.000-04:00,48.038,
2026-09-24T22:58:00.000-04:00,48.1235,
2026-09-24T22:59:00.000-04:00,47.9165,
2026-09-24T23:00:00.000-04:00,48.083,
2026-09-24T23:01:00.000-04:00,48.3215,
2026-09-24T23:02:00.000-04:00,48.434,
2026-09-24T23:03:00.000-04:00,48.2,
2026-09-24T23:04:00.000-04:00,48.056,
2026-09-24T23:05:00.000-04:00,47.732,
2026-09-24T23:06:00.000-04:00,48.263,
2026-09-24T23:07:00.000-04:00,48.181999999999995,
2026-09-24T23:08:00.000-04:00,48.2675,
2026-09-24T23:09:00.000-04:00,48.506,
2026-09-24T23:10:00.000-04:00,48.456500000000005,
2026-09-24T23:11:00.000-04:00,48.573499999999996,
2026-09-24T23:12:00.000-04:00,48.209,
2026-09-24T23:13:00.000-04:00,48.281,
2026-09-24T23:14:00.000-04:00,48.344,
2026-09-24T23:15:00.000-04:00,48.3035,
2026-09-24T23:16:00.000-04:00,48.5825,
2026-09-24T23:17:00.000-04:00,48.3755,
2026-09-24T23:18:00.000-04:00,48.3575,
2026-09-24T23:19:00.000-04:00,48.213499999999996,
2026-09-24T23:20:00.000-04:00,48.488,
2026-09-24T23:21:00.000-04:00,48.6545,
2026-09-24T23:22:00.000-04:00,48.632000000000005,
2026-09-24T23:23:00.000-04:00,48.74,
2026-09-24T23:24:00.000-04:00,48.56,
2026-09-24T23:25:00.000-04:00,48.5375,
2026-09-24T23:26:00.000-04:00,48.05600000000001,
2026-09-24T23:27:00.000-04:00,48.614000000000004,
2026-09-24T23:28:00.000-04:00,48.3305,
2026-09-24T23:29:00.000-04:00,48.713,
2026-09-24T23:30:00.000-04:00,48.577999999999996,
2026-09-24T23:31:00.000-04:00,48.2,
2026-09-24T23:32:00.000-04:00,48.1865,
2026-09-24T23:33:00.000-04:00,48.370999999999995,
2026-09-24T23:34:00.000-04:00,48.695,
2026-09-24T23:35:00.000-04:00,48.69500000000001,
2026-09-24T23:36:00.000-04:00,48.5195,
2026-09-24T23:37:00.000-04:00,48.668,
2026-09-24T23:38:00.000-04:00,48.7985,
2026-09-24T23:39:00.000-04:00,48.542,
2026-09-24T23:40:00.000-04:00,48.5825,
2026-09-24T23:41:00.000-04:00,48.843500000000006,
2026-09-24T23:42:00.000-04:00,48.650000000000006,
2026-09-24T23:43:00.000-04:00,48.74,
2026-09-24T23:44:00.000-04:00,48.983000000000004,
2026-09-24T23:45:00.000-04:00,48.3935,
2026-09-24T23:46:00.000-04:00,48.551,
2026-09-24T23:47:00.000-04:00,48.2765,
2026-09-24T23:48:00.000-04:00,48.766999999999996,
2026-09-24T23:49:00.000-04:00,48.6545,
2026-09-24T23:50:00.000-04:00,48.8255,
2026-09-24T23:51:00.000-04:00,48.812000000000005,
2026-09-24T23:52:00.000-04:00,48.542,
2026-09-24T23:53:00.000-04:00,48.816500000000005,
2026-09-24T23:54:00.000-04:00,48.614000000000004,
2026-09-24T23:55:00.000-04:00,48.5195,
2026-09-24T23:56:00.000-04:00,48.524,
2026-09-24T23:57:00.000-04:00,48.7985,
2026-09-24T23:58:00.000-04:00,48.901999999999994,
2026-09-24T23:59:00.000-04:00,48.866,
2026-09-25T00:00:00.000-04:00,48.519499999999994,
2026-09-25T00:01:00.000-04:00,49.001,
2026-09-25T00:02:00.000-04:00,48.659,
2026-09-25T00:03:00.000-04:00,49.028,
2026-09-25T00:04:00.000-04:00,48.7805,
2026-09-25T00:05:00.000-04:00,48.857,
2026-09-25T00:06:00.000-04:00,48.695,
2026-09-25T00:07:00.000-04:00,48.47,
2026-09-25T00:08:00.000-04:00,49.05500000000001,
2026-09-25T00:09:00.000-04:00,48.7265,
2026-09-25T00:10:00.000-04:00,48.739999999999995,
2026-09-25T00:11:00.000-04:00,48.9875,
2026-09-25T00:12:00.000-04:00,48.767,
2026-09-25T00:13:00.000-04:00,48.848,
2026-09-25T00:14:00.000-04:00,49.244,
2026-09-25T00:15:00.000-04:00,49.26649999999999,
2026-09-25T00:16:00.000-04:00,49.3025,
2026-09-25T00:17:00.000-04:00,48.996500000000005,
2026-09-25T00:18:00.000-04:00,48.704,
2026-09-25T00:19:00.000-04:00,48.9875,
2026-09-25T00:20:00.000-04:00,49.1405,
2026-09-25T00:21:00.000-04:00,48.90650000000001,
2026-09-25T00:22:00.000-04:00,48.6905,
2026-09-25T00:23:00.000-04:00,48.848,
2026-09-25T00:24:00.000-04:00,49.311499999999995,
2026-09-25T00:25:00.000-04:00,49.226,
2026-09-25T00:26:00.000-04:00,48.9155,
2026-09-25T00:27:00.000-04:00,49.1045,
2026-09-25T00:28:00.000-04:00,48.955999999999996,
2026-09-25T00:29:00.000-04:00,48.749,
2026-09-25T00:30:00.000-04:00,49.271,
2026-09-25T00:31:00.000-04:00,48.956,
2026-09-25T00:32:00.000-04:00,49.046,
2026-09-25T00:33:00.000-04:00,49.1945,
2026-09-25T00:34:00.000-04:00,48.965,
2026-09-25T00:35:00.000-04:00,48.8705,
2026-09-25T00:36:00.000-04:00,49.302499999999995,
2026-09-25T00:37:00.000-04:00,49.028,
2026-09-25T00:38:00.000-04:00,49.145,
2026-09-25T00:39:00.000-04:00,49.0865,
2026-09-25T00:40:00.000-04:00,48.90200000000001,
2026-09-25T00:41:00.000-04:00,49.140499999999996,
2026-09-25T00:42:00.000-04:00,48.83,
2026-09-25T00:43:00.000-04:00,48.785,
2026-09-25T00:44:00.000-04:00,48.776,
2026-09-25T00:45:00.000-04:00,48.803,
2026-09-25T00:46:00.000-04:00,48.7445,
2026-09-25T00:47:00.000-04:00,48.974000000000004,
2026-09-25T00:48:00.000-04:00,49.126999999999995,
2026-09-25T00:49:00.000-04:00,49.41499999999999,
2026-09-25T00:50:00.000-04:00,48.8885,
2026-09-25T00:51:00.000-04:00,49.095499999999994,
2026-09-25T00:52:00.000-04:00,48.938,
2026-09-25T00:53:00.000-04:00,49.3205,
2026-09-25T00:54:00.000-04:00,49.2665,
2026-09-25T00:55:00.000-04:00,49.338499999999996,
2026-09-25T00:56:00.000-04:00,49.208,
2026-09-25T00:57:00.000-04:00,49.311499999999995,
2026-09-25T00:58:00.000-04:00,48.785,
2026-09-25T00:59:00.000-04:00,49.221500000000006,
2026-09-25T01:00:00.000-04:00,48.749,
2026-09-25T01:01:00.000-04:00,48.7175,
2026-09-25T01:02:00.000-04:00,49.118,
2026-09-25T01:03:00.000-04:00,48.992000000000004,
2026-09-25T01:04:00.000-04:00,48.938,
2026-09-25T01:05:00.000-04:00,48.960499999999996,
2026-09-25T01:06:00.000-04:00,48.798500000000004,
2026-09-25T01:07:00.000-04:00,48.7625,
2026-09-25T01:08:00.000-04:00,49.1855,
2026-09-25T01:09:00.000-04:00,49.338499999999996,
2026-09-25T01:10:00.000-04:00,48.9695,
2026-09-25T01:11:00.000-04:00,48.902,
2026-09-25T01:12:00.000-04:00,49.334,
2026-09-25T01:13:00.000-04:00,49.108999999999995,
2026-09-25T01:14:00.000-04:00,49.0235,
2026-09-25T01:15:00.000-04:00,48.830000000000005,
2026-09-25T01:16:00.000-04:00,49.2305,
2026-09-25T01:17:00.000-04:00,49.199,
2026-09-25T01:18:00.000-04:00,49.343,
2026-09-25T01:19:00.000-04:00,48.965,
2026-09-25T01:20:00.000-04:00,48.848,
2026-09-25T01:21:00.000-04:00,49.090999999999994,
2026-09-25T01:22:00.000-04:00,49.315999999999995,
2026-09-25T01:23:00.000-04:00,49.091,
2026-09-25T01:24:00.000-04:00,49.055,
2026-09-25T01:25:00.000-04:00,49.019,
2026-09-25T01:26:00.000-04:00,49.262,
2026-09-25T01:27:00.000-04:00,49.073,
2026-09-25T01:28:00.000-04:00,48.816500000000005,
2026-09-25T01:29:00.000-04:00,49.253,
2026-09-25T01:30:00.000-04:00,49.086499999999994,
2026-09-25T01:31:00.000-04:00,49.028,
2026-09-25T01:32:00.000-04:00,49.226,
2026-09-25T01:33:00.000-04:00,49.172,
2026-09-25T01:34:00.000-04:00,49.1405,
2026-09-25T01:35:00.000-04:00,49.153999999999996,
2026-09-25T01:36:00.000-04:00,49.0415,
2026-09-25T01:37:00.000-04:00,49.262,
2026-09-25T01:38:00.000-04:00,49.478,
2026-09-25T01:39:00.000-04:00,49.172000000000004,
2026-09-25T01:40:00.000-04:00,49.1675,
2026-09-25T01:41:00.000-04:00,49.149499999999996,
2026-09-25T01:42:00.000-04:00,48.983000000000004,
2026-09-25T01:43:00.000-04:00,49.25749999999999,
2026-09-25T01:44:00.000-04:00,49.0865,
2026-09-25T01:45:00.000-04:00,49.0055,
2026-09-25T01:46:00.000-04:00,49.1315,
2026-09-25T01:47:00.000-04:00,49.127,
2026-09-25T01:48:00.000-04:00,49.1675,
2026-09-25T01:49:00.000-04:00,48.8435,
2026-09-25T01:50:00.000-04:00,49.109,
2026-09-25T01:51:00.000-04:00,49.235,
2026-09-25T01:52:00.000-04:00,48.911,
2026-09-25T01:53:00.000-04:00,49.2935,
2026-09-25T01:54:00.000-04:00,48.89750000000001,
2026-09-25T01:55:00.000-04:00,49.4555,
2026-09-25T01:56:00.000-04:00,49.1675,
2026-09-25T01:57:00.000-04:00,49.279999999999994,
2026-09-25T01:58:00.000-04:00,49.689499999999995,
2026-09-25T01:59:00.000-04:00,49.099999999999994,
2026-09-25T02:00:00.000-04:00,49.0775,
2026-09-25T02:01:00.000-04:00,49.0415,
2026-09-25T02:02:00.000-04:00,49.0685,
2026-09-25T02:03:00.000-04:00,49.513999999999996,
2026-09-25T02:04:00.000-04:00,49.244,
2026-09-25T02:05:00.000-04:00,49.073,
2026-09-25T02:06:00.000-04:00,49.046,
2026-09-25T02:07:00.000-04:00,49.244,
2026-09-25T02:08:00.000-04:00,49.055,
2026-09-25T02:09:00.000-04:00,49.172,
2026-09-25T02:10:00.000-04:00,49.037000000000006,
2026-09-25T02:11:00.000-04:00,49.1405,
2026-09-25T02:12:00.000-04:00,49.163,
2026-09-25T02:13:00.000-04:00,48.947,
2026-09-25T02:14:00.000-04:00,49.477999999999994,
2026-09-25T02:15:00.000-04:00,49.4105,
2026-09-25T02:16:00.000-04:00,49.4735,
2026-09-25T02:17:00.000-04:00,49.2125,
2026-09-25T02:18:00.000-04:00,49.0505,
2026-09-25T02:19:00.000-04:00,49.118,
2026-09-25T02:20:00.000-04:00,49.361000000000004,
2026-09-25T02:21:00.000-04:00,49.181000000000004,
2026-09-25T02:22:00.000-04:00,49.28,
2026-09-25T02:23:00.000-04:00,49.284499999999994,
2026-09-25T02:24:00.000-04:00,48.9875,
2026-09-25T02:25:00.000-04:00,49.2665,
2026-09-25T02:26:00.000-04:00,49.0595,
2026-09-25T02:27:00.000-04:00,49.2575,
2026-09-25T02:28:00.000-04:00,49.154,
2026-09-25T02:29:00.000-04:00,49.010000000000005,
2026-09-25T02:30:00.000-04:00,49.07749999999999,
2026-09-25T02:31:00.000-04:00,48.924499999999995,
2026-09-25T02:32:00.000-04:00,49.19,
2026-09-25T02:33:00.000-04:00,49.126999999999995,
2026-09-25T02:34:00.000-04:00,49.361,
2026-09-25T02:35:00.000-04:00,49.005500000000005,
2026-09-25T02:36:00.000-04:00,48.834500000000006,
2026-09-25T02:37:00.000-04:00,49.19,
2026-09-25T02:38:00.000-04:00,49.28,
2026-09-25T02:39:00.000-04:00,49.3925,
2026-09-25T02:40:00.000-04:00,49.388,
2026-09-25T02:41:00.000-04:00,49.208,
2026-09-25T02:42:00.000-04:00,49.199,
2026-09-25T02:43:00.000-04:00,49.28,
2026-09-25T02:44:00.000-04:00,48.942499999999995,
2026-09-25T02:45:00.000-04:00,49.397000000000006,
2026-09-25T02:46:00.000-04:00,49.4195,
2026-09-25T02:47:00.000-04:00,49.149499999999996,
2026-09-25T02:48:00.000-04:00,49.1225,
2026-09-25T02:49:00.000-04:00,49.3925,
2026-09-25T02:50:00.000-04:00,49.3025,
2026-09-25T02:51:00.000-04:00,49.487,
2026-09-25T02:52:00.000-04:00,49.45100000000001,
2026-09-25T02:53:00.000-04:00,49.496,
2026-09-25T02:54:00.000-04:00,49.397000000000006,
2026-09-25T02:55:00.000-04:00,49.262,
2026-09-25T02:56:00.000-04:00,49.05500000000001,
2026-09-25T02:57:00.000-04:00,49.28,
2026-09-25T02:58:00.000-04:00,49.208,
2026-09-25T02:59:00.000-04:00,49.316,
2026-09-25T03:00:00.000-04:00,49.149499999999996,
2026-09-25T03:01:00.000-04:00,49.217,
2026-09-25T03:02:00.000-04:00,49.4375,
2026-09-25T03:03:00.000-04:00,49.235,
2026-09-25T03:04:00.000-04:00,49.081999999999994,
2026-09-25T03:05:00.000-04:00,48.9245,
2026-09-25T03:06:00.000-04:00,49.1045,
2026-09-25T03:07:00.000-04:00,49.48700000000001,
2026-09-25T03:08:00.000-04:00,49.172,
2026-09-25T03:09:00.000-04:00,49.347500000000004,
2026-09-25T03:10:00.000-04:00,49.1225,
2026-09-25T03:11:00.000-04:00,49.568,
2026-09-25T03:12:00.000-04:00,49.604,
2026-09-25T03:13:00.000-04:00,49.356500000000004,
2026-09-25T03:14:00.000-04:00,49.667,
2026-09-25T03:15:00.000-04:00,49.541,
2026-09-25T03:16:00.000-04:00,49.217,
2026-09-25T03:17:00.000-04:00,49.478,
2026-09-25T03:18:00.000-04:00,49.28,
2026-09-25T03:19:00.000-04:00,49.397000000000006,
2026-09-25T03:20:00.000-04:00,49.477999999999994,
2026-09-25T03:21:00.000-04:00,49.550000000000004,
2026-09-25T03:22:00.000-04:00,49.172,
2026-09-25T03:23:00.000-04:00,49.4555,
2026-09-25T03:24:00.000-04:00,49.352,
2026-09-25T03:25:00.000-04:00,49.235,
2026-09-25T03:26:00.000-04:00,49.262,
2026-09-25T03:27:00.000-04:00,49.181,
2026-09-25T03:28:00.000-04:00,49.4105,
2026-09-25T03:29:00.000-04:00,49.154,
2026-09-25T03:30:00.000-04:00,49.190000000000005,
2026-09-25T03:31:00.000-04:00,49.289,
2026-09-25T03:32:00.000-04:00,49.5905,
2026-09-25T03:33:00.000-04:00,49.324999999999996,
2026-09-25T03:34:00.000-04:00,49.73,
2026-09-25T03:35:00.000-04:00,49.586,
2026-09-25T03:36:00.000-04:00,49.55,
2026-09-25T03:37:00.000-04:00,49.0325,
2026-09-25T03:38:00.000-04:00,49.4375,
2026-09-25T03:39:00.000-04:00,49.604,
2026-09-25T03:40:00.000-04:00,49.442,
2026-09-25T03:41:00.000-04:00,49.487,
2026-09-25T03:42:00.000-04:00,49.532,
2026-09-25T03:43:00.000-04:00,49.406,
2026-09-25T03:44:00.000-04:00,49.23950000000001,
2026-09-25T03:45:00.000-04:00,49.495999999999995,
2026-09-25T03:46:00.000-04:00,49.334,
2026-09-25T03:47:00.000-04:00,49.712,
2026-09-25T03:48:00.000-04:00,49.3205,
2026-09-25T03:49:00.000-04:00,49.3655,
2026-09-25T03:50:00.000-04:00,49.1945,
2026-09-25T03:51:00.000-04:00,49.1855,
2026-09-25T03:52:00.000-04:00,49.289,
2026-09-25T03:53:00.000-04:00,49.397,
2026-09-25T03:54:00.000-04:00,48.955999999999996,
2026-09-25T03:55:00.000-04:00,48.978500000000004,
2026-09-25T03:56:00.000-04:00,49.892,
2026-09-25T03:57:00.000-04:00,49.2755,
2026-09-25T03:58:00.000-04:00,49.374500000000005,
2026-09-25T03:59:00.000-04:00,49.3295,
2026-09-25T04:00:00.000-04:00,49.001000000000005,
2026-09-25T04:01:00.000-04:00,49.163,
2026-09-25T04:02:00.000-04:00,49.532,
2026-09-25T04:03:00.000-04:00,49.091,
2026-09-25T04:04:00.000-04:00,49.135999999999996,
2026-09-25T04:05:00.000-04:00,49.334,
2026-09-25T04:06:00.000-04:00,49.522999999999996,
2026-09-25T04:07:00.000-04:00,49.586,
2026-09-25T04:08:00.000-04:00,49.541,
2026-09-25T04:09:00.000-04:00,49.644499999999994,
2026-09-25T04:10:00.000-04:00,49.1495,
2026-09-25T04:11:00.000-04:00,49.199,
2026-09-25T04:12:00.000-04:00,49.271,
2026-09-25T04:13:00.000-04:00,49.4465,
2026-09-25T04:14:00.000-04:00,49.28,
2026-09-25T04:15:00.000-04:00,49.5545,
2026-09-25T04:16:00.000-04:00,49.329499999999996,
2026-09-25T04:17:00.000-04:00,49.2755,
2026-09-25T04:18:00.000-04:00,49.2035,
2026-09-25T04:19:00.000-04:00,49.577,
2026-09-25T04:20:00.000-04:00,49.829,
2026-09-25T04:21:00.000-04:00,49.28,
2026-09-25T04:22:00.000-04:00,49.3475,
2026-09-25T04:23:00.000-04:00,49.221500000000006,
2026-09-25T04:24:00.000-04:00,49.1585,
2026-09-25T04:25:00.000-04:00,49.244,
2026-09-25T04:26:00.000-04:00,49.289,
2026-09-25T04:27:00.000-04:00,49.2575,
2026-09-25T04:28:00.000-04:00,49.2305,
2026-09-25T04:29:00.000-04:00,49.1585,
2026-09-25T04:30:00.000-04:00,49.4825,
2026-09-25T04:31:00.000-04:00,49.397,
2026-09-25T04:32:00.000-04:00,49.1045,
2026-09-25T04:33:00.000-04:00,49.4015,
2026-09-25T04:34:00.000-04:00,49.2935,
2026-09-25T04:35:00.000-04:00,49.541,
2026-09-25T04:36:00.000-04:00,49.541000000000004,
2026-09-25T04:37:00.000-04:00,49.711999999999996,
2026-09-25T04:38:00.000-04:00,49.2125,
2026-09-25T04:39:00.000-04:00,49.325,
2026-09-25T04:40:00.000-04:00,49.334,
2026-09-25T04:41:00.000-04:00,49.1972,
2026-09-25T04:42:00.000-04:00,49.2485,
2026-09-25T04:43:00.000-04:00,49.4015,
2026-09-25T04:44:00.000-04:00,49.1,
2026-09-25T04:45:00.000-04:00,49.325,
2026-09-25T04:46:00.000-04:00,49.75249999999999,
2026-09-25T04:47:00.000-04:00,49.4645,
2026-09-25T04:48:00.000-04:00,49.001,
2026-09-25T04:49:00.000-04:00,49.0055,
2026-09-25T04:50:00.000-04:00,49.496,
2026-09-25T04:51:00.000-04:00,49.658,
2026-09-25T04:52:00.000-04:00,49.522999999999996,
2026-09-25T04:53:00.000-04:00,49.451,
2026-09-25T04:54:00.000-04:00,49.284499999999994,
2026-09-25T04:55:00.000-04:00,49.6175,
2026-09-25T04:56:00.000-04:00,49.40599999999999,
2026-09-25T04:57:00.000-04:00,49.271,
2026-09-25T04:58:00.000-04:00,49.217,
2026-09-25T04:59:00.000-04:00,49.2665,
2026-09-25T05:00:00.000-04:00,49.289,
2026-09-25T05:01:00.000-04:00,49.7525,
2026-09-25T05:02:00.000-04:00,49.2755,
2026-09-25T05:03:00.000-04:00,49.379000000000005,
2026-09-25T05:04:00.000-04:00,49.451,
2026-09-25T05:05:00.000-04:00,49.739,
2026-09-25T05:06:00.000-04:00,49.559000000000005,
2026-09-25T05:07:00.000-04:00,49.496,
2026-09-25T05:08:00.000-04:00,49.64,
2026-09-25T05:09:00.000-04:00,49.176500000000004,
2026-09-25T05:10:00.000-04:00,49.1135,
2026-09-25T05:11:00.000-04:00,49.532,
2026-09-25T05:12:00.000-04:00,49.379000000000005,
2026-09-25T05:13:00.000-04:00,49.181,
2026-09-25T05:14:00.000-04:00,49.352000000000004,
2026-09-25T05:15:00.000-04:00,49.298,
2026-09-25T05:16:00.000-04:00,49.4195,
2026-09-25T05:17:00.000-04:00,49.712,
2026-09-25T05:18:00.000-04:00,49.63099999999999,
2026-09-25T05:19:00.000-04:00,49.370000000000005,
2026-09-25T05:20:00.000-04:00,49.6805,
2026-09-25T05:21:00.000-04:00,49.19,
2026-09-25T05:22:00.000-04:00,49.13960000000001,
2026-09-25T05:23:00.000-04:00,49.352,
2026-09-25T05:24:00.000-04:00,49.2044,
2026-09-25T05:25:00.000-04:00,49.59799999999999,
2026-09-25T05:26:00.000-04:00,49.3835,
2026-09-25T05:27:00.000-04:00,49.53200000000001,
2026-09-25T05:28:00.000-04:00,49.676,
2026-09-25T05:29:00.000-04:00,49.689499999999995,
2026-09-25T05:30:00.000-04:00,49.604000000000006,
2026-09-25T05:31:00.000-04:00,49.2935,
2026-09-25T05:32:00.000-04:00,49.459999999999994,
2026-09-25T05:33:00.000-04:00,49.94,
2026-09-25T05:34:00.000-04:00,49.748,
2026-09-25T05:35:00.000-04:00,49.568,
2026-09-25T05:36:00.000-04:00,49.397,
2026-09-25T05:37:00.000-04:00,49.832,
2026-09-25T05:38:00.000-04:00,49.5536,
2026-09-25T05:39:00.000-04:00,49.4195,
2026-09-25T05:40:00.000-04:00,49.346000000000004,
2026-09-25T05:41:00.000-04:00,49.3304,
2026-09-25T05:42:00.000-04:00,49.442,
2026-09-25T05:43:00.000-04:00,49.2008,
2026-09-25T05:44:00.000-04:00,49.2575,
2026-09-25T05:45:00.000-04:00,49.508,
2026-09-25T05:46:00.000-04:00,49.6796,
2026-09-25T05:47:00.000-04:00,49.7885,
2026-09-25T05:48:00.000-04:00,49.5725,
2026-09-25T05:49:00.000-04:00,49.5455,
2026-09-25T05:50:00.000-04:00,49.226,
2026-09-25T05:51:00.000-04:00,49.467200000000005,
2026-09-25T05:52:00.000-04:00,49.289,
2026-09-25T05:53:00.000-04:00,49.550000000000004,
2026-09-25T05:54:00.000-04:00,49.703,
2026-09-25T05:55:00.000-04:00,49.693999999999996,
2026-09-25T05:56:00.000-04:00,49.4276,
2026-09-25T05:57:00.000-04:00,49.4555,
2026-09-25T05:58:00.000-04:00,49.64,
2026-09-25T05:59:00.000-04:00,49.6445,
2026-09-25T06:00:00.000-04:00,49.856,
2026-09-25T06:01:00.000-04:00,49.76,
2026-09-25T06:02:00.000-04:00,49.6472,
2026-09-25T06:03:00.000-04:00,49.604000000000006,
2026-09-25T06:04:00.000-04:00,49.401500000000006,
2026-09-25T06:05:00.000-04:00,49.5176,
2026-09-25T06:06:00.000-04:00,49.19,
2026-09-25T06:07:00.000-04:00,49.57399999999999,
2026-09-25T06:08:00.000-04:00,49.6148,
2026-09-25T06:09:00.000-04:00,49.388000000000005,
2026-09-25T06:10:00.000-04:00,49.964,
2026-09-25T06:11:00.000-04:00,49.7795,
2026-09-25T06:12:00.000-04:00,49.662499999999994,
2026-09-25T06:13:00.000-04:00,49.3745,
2026-09-25T06:14:00.000-04:00,49.4735,
2026-09-25T06:15:00.000-04:00,49.3295,
2026-09-25T06:16:00.000-04:00,49.397000000000006,
2026-09-25T06:17:00.000-04:00,49.406,
2026-09-25T06:18:00.000-04:00,49.568,
2026-09-25T06:19:00.000-04:00,49.235,
2026-09-25T06:20:00.000-04:00,49.0055,
2026-09-25T06:21:00.000-04:00,49.203500000000005,
2026-09-25T06:22:00.000-04:00,49.262,
2026-09-25T06:23:00.000-04:00,49.6445,
2026-09-25T06:24:00.000-04:00,49.541,
2026-09-25T06:25:00.000-04:00,49.253,
2026-09-25T06:26:00.000-04:00,49.76599999999999,
2026-09-25T06:27:00.000-04:00,49.4015,
2026-09-25T06:28:00.000-04:00,49.703,
2026-09-25T06:29:00.000-04:00,49.262,
2026-09-25T06:30:00.000-04:00,49.60850000000001,
2026-09-25T06:31:00.000-04:00,49.536500000000004,
2026-09-25T06:32:00.000-04:00,49.45099999999999,
2026-09-25T06:33:00.000-04:00,49.523,
2026-09-25T06:34:00.000-04:00,49.577,
2026-09-25T06:35:00.000-04:00,49.622,
2026-09-25T06:36:00.000-04:00,49.676,
2026-09-25T06:37:00.000-04:00,49.383500000000005,
2026-09-25T06:38:00.000-04:00,49.5275,
2026-09-25T06:39:00.000-04:00,49.217,
2026-09-25T06:40:00.000-04:00,49.2665,
2026-09-25T06:41:00.000-04:00,49.244,
2026-09-25T06:42:00.000-04:00,49.486999999999995,
2026-09-25T06:43:00.000-04:00,49.559,
2026-09-25T06:44:00.000-04:00,49.4735,
2026-09-25T06:45:00.000-04:00,49.631,
2026-09-25T06:46:00.000-04:00,49.42400000000001,
2026-09-25T06:47:00.000-04:00,49.7885,
2026-09-25T06:48:00.000-04:00,49.604,
2026-09-25T06:49:00.000-04:00,49.7885,
2026-09-25T06:50:00.000-04:00,49.712,
2026-09-25T06:51:00.000-04:00,49.5815,
2026-09-25T06:52:00.000-04:00,50.0,
2026-09-25T06:53:00.000-04:00,49.7255,
2026-09-25T06:54:00.000-04:00,49.684999999999995,
2026-09-25T06:55:00.000-04:00,49.572500000000005,
2026-09-25T06:56:00.000-04:00,49.334,
2026-09-25T06:57:00.000-04:00,49.469,
2026-09-25T06:58:00.000-04:00,49.919,
2026-09-25T06:59:00.000-04:00,49.4825,
2026-09-25T07:00:00.000-04:00,49.8875,
2026-09-25T07:01:00.000-04:00,49.577000000000005,
2026-09-25T07:02:00.000-04:00,49.64450000000001,
2026-09-25T07:03:00.000-04:00,49.721000000000004,
2026-09-25T07:04:00.000-04:00,49.67150000000001,
2026-09-25T07:05:00.000-04:00,49.685,
2026-09-25T07:06:00.000-04:00,49.8335,
2026-09-25T07:07:00.000-04:00,49.667,
2026-09-25T07:08:00.000-04:00,49.6535,
2026-09-25T07:09:00.000-04:00,49.932500000000005,
2026-09-25T07:10:00.000-04:00,49.401500000000006,
2026-09-25T07:11:00.000-04:00,49.80200000000001,
2026-09-25T07:12:00.000-04:00,49.7165,
2026-09-25T07:13:00.000-04:00,49.7165,
2026-09-25T07:14:00.000-04:00,49.253,
2026-09-25T07:15:00.000-04:00,49.262,
2026-09-25T07:16:00.000-04:00,48.960499999999996,
2026-09-25T07:17:00.000-04:00,48.3035,
2026-09-25T07:18:00.000-04:00,47.399,
2026-09-25T07:19:00.000-04:00,47.655499999999996,
2026-09-25T07:20:00.000-04:00,47.327,
2026-09-25T07:21:00.000-04:00,47.9165,
2026-09-25T07:22:00.000-04:00,47.1335,
2026-09-25T07:23:00.000-04:00,46.80499999999999,
2026-09-25T07:24:00.000-04:00,46.885999999999996,
2026-09-25T07:25:00.000-04:00,47.39,
2026-09-25T07:26:00.000-04:00,47.0795,
2026-09-25T07:27:00.000-04:00,46.706,
2026-09-25T07:28:00.000-04:00,46.922000000000004,
2026-09-25T07:29:00.000-04:00,47.1155,
2026-09-25T07:30:00.000-04:00,46.436,
2026-09-25T07:31:00.000-04:00,46.872499999999995,
2026-09-25T07:32:00.000-04:00,46.283,
2026-09-25T07:33:00.000-04:00,46.481,
2026-09-25T07:34:00.000-04:00,46.256,
2026-09-25T07:35:00.000-04:00,46.548500000000004,
2026-09-25T07:36:00.000-04:00,46.418,
2026-09-25T07:37:00.000-04:00,46.0085,
2026-09-25T07:38:00.000-04:00,46.04900000000001,
2026-09-25T07:39:00.000-04:00,45.941,
2026-09-25T07:40:00.000-04:00,45.5765,
2026-09-25T07:41:00.000-04:00,45.50449999999999,
2026-09-25T07:42:00.000-04:00,45.9455,
2026-09-25T07:43:00.000-04:00,45.4685,
2026-09-25T07:44:00.000-04:00,45.383,
2026-09-25T07:45:00.000-04:00,45.7295,
2026-09-25T07:46:00.000-04:00,45.977000000000004,
2026-09-25T07:47:00.000-04:00,45.909499999999994,
2026-09-25T07:48:00.000-04:00,45.167,
2026-09-25T07:49:00.000-04:00,45.3425,
2026-09-25T07:50:00.000-04:00,44.96,
2026-09-25T07:51:00.000-04:00,45.122,
2026-09-25T07:52:00.000-04:00,45.0275,
2026-09-25T07:53:00.000-04:00,45.122,
2026-09-25T07:54:00.000-04:00,45.432500000000005,
2026-09-25T07:55:00.000-04:00,44.942,
2026-09-25T07:56:00.000-04:00,44.865500000000004,
2026-09-25T07:57:00.000-04:00,45.194,
2026-09-25T07:58:00.000-04:00,44.635999999999996,
2026-09-25T07:59:00.000-04:00,44.879000000000005,
2026-09-25T08:00:00.000-04:00,45.248,
2026-09-25T08:01:00.000-04:00,45.855500000000006,
2026-09-25T08:02:00.000-04:00,45.509,
2026-09-25T08:03:00.000-04:00,46.166,
2026-09-25T08:05:00.000-04:00,44.78,
2026-09-25T08:06:00.000-04:00,46.0904,
2026-09-25T08:07:00.000-04:00,45.986,
2026-09-25T08:08:00.000-04:00,45.491,
2026-09-25T08:09:00.000-04:00,45.441500000000005,
2026-09-25T08:10:00.000-04:00,45.0365,
2026-09-25T08:11:00.000-04:00,44.690000000000005,
2026-09-25T08:12:00.000-04:00,45.554,
2026-09-25T08:13:00.000-04:00,44.906,
2026-09-25T08:14:00.000-04:00,44.672,
2026-09-25T08:15:00.000-04:00,44.798,
2026-09-25T08:16:00.000-04:00,44.42,
2026-09-25T08:17:00.000-04:00,44.703500000000005,
2026-09-25T08:18:00.000-04:00,45.194,
2026-09-25T08:19:00.000-04:00,45.013999999999996,
2026-09-25T08:20:00.000-04:00,44.7935,
2026-09-25T08:21:00.000-04:00,44.7485,
2026-09-25T08:22:00.000-04:00,44.9105,
2026-09-25T08:23:00.000-04:00,45.518,
2026-09-25T08:25:00.000-04:00,45.824,
2026-09-25T08:26:00.000-04:00,45.571999999999996,
2026-09-25T10:10:00.000-04:00,45.2255,44.994
2026-09-25T10:20:00.000-04:00,45.158,
2026-09-25T10:21:00.000-04:00,45.527,
2026-09-25T10:22:00.000-04:00,45.797000000000004,
2026-09-25T10:23:00.000-04:00,45.7115,
2026-09-25T10:24:00.000-04:00,45.5045,
2026-09-25T10:25:00.000-04:00,45.26599999999999,
2026-09-25T10:26:00.000-04:00,45.027499999999996,
2026-09-25T10:27:00.000-04:00,44.8205,
2026-09-25T10:28:00.000-04:00,44.5325,
2026-09-25T10:29:00.000-04:00,44.645,
2026-09-25T10:30:00.000-04:00,45.400999999999996,
2026-09-25T10:31:00.000-04:00,45.090500000000006,
2026-09-25T10:32:00.000-04:00,45.248,
2026-09-25T10:33:00.000-04:00,45.225500000000004,
2026-09-25T10:34:00.000-04:00,46.031,
2026-09-25T10:35:00.000-04:00,45.752,
2026-09-25T10:36:00.000-04:00,45.365,
2026-09-25T10:37:00.000-04:00,45.266,
2026-09-25T10:38:00.000-04:00,45.419,
2026-09-25T10:39:00.000-04:00,45.3155,
2026-09-25T10:40:00.000-04:00,44.78,
2026-09-25T10:41:00.000-04:00,44.6225,
2026-09-25T10:42:00.000-04:00,44.8835,
2026-09-25T10:43:00.000-04:00,45.104,
2026-09-25T10:44:00.000-04:00,44.42,
2026-09-25T10:45:00.000-04:00,45.122,
2026-09-25T10:46:00.000-04:00,45.4595,
2026-09-25T10:47:00.000-04:00,45.364999999999995,
2026-09-25T10:48:00.000-04:00,45.4055,
2026-09-25T10:49:00.000-04:00,45.49550000000001,
2026-09-25T10:50:00.000-04:00,45.585499999999996,
2026-09-25T10:51:00.000-04:00,46.094,
2026-09-25T10:52:00.000-04:00,45.905,
2026-09-25T10:53:00.000-04:00,45.824000000000005,
2026-09-25T10:54:00.000-04:00,45.707,
2026-09-25T10:55:00.000-04:00,46.42700000000001,
2026-09-25T10:56:00.000-04:00,45.8015,
2026-09-25T10:57:00.000-04:00,45.967999999999996,
2026-09-25T10:58:00.000-04:00,45.815,
2026-09-25T10:59:00.000-04:00,46.548500000000004,
2026-09-25T11:00:00.000-04:00,46.1885,
2026-09-25T11:01:00.000-04:00,46.197500000000005,
2026-09-25T11:02:00.000-04:00,46.166,
2026-09-25T11:03:00.000-04:00,46.0085,
2026-09-25T11:04:00.000-04:00,45.765499999999996,
2026-09-25T11:05:00.000-04:00,45.797000000000004,
2026-09-25T11:06:00.000-04:00,45.7385,
2026-09-25T11:07:00.000-04:00,45.3245,
2026-09-25T11:08:00.000-04:00,45.8465,
2026-09-25T11:09:00.000-04:00,46.1075,
2026-09-25T11:10:00.000-04:00,46.63399999999999,
2026-09-25T11:11:00.000-04:00,46.35499999999999,
2026-09-25T11:12:00.000-04:00,46.26050000000001,
2026-09-25T11:13:00.000-04:00,46.832,
2026-09-25T11:14:00.000-04:00,46.6835,
2026-09-25T11:15:00.000-04:00,46.013,
2026-09-25T11:16:00.000-04:00,46.454,
2026-09-25T11:17:00.000-04:00,46.1525,
2026-09-25T11:18:00.000-04:00,46.292,
2026-09-25T11:19:00.000-04:00,46.129999999999995,
2026-09-25T11:20:00.000-04:00,46.323499999999996,
2026-09-25T11:21:00.000-04:00,46.229,
2026-09-25T11:22:00.000-04:00,46.004,
2026-09-25T11:23:00.000-04:00,46.58,
2026-09-25T11:24:00.000-04:00,46.3865,
2026-09-25T11:25:00.000-04:00,46.332499999999996,
2026-09-25T11:26:00.000-04:00,47.363,
2026-09-25T11:27:00.000-04:00,48.5195,
2026-09-25T11:28:00.000-04:00,49.55,
2026-09-25T11:29:00.000-04:00,50.333000000000006,
2026-09-25T11:30:00.000-04:00,51.025999999999996,
2026-09-25T11:31:00.000-04:00,52.043,
2026-09-25T11:32:00.000-04:00,51.2375,
2026-09-25T11:33:00.000-04:00,50.36,
2026-09-25T11:34:00.000-04:00,49.23500000000001,
2026-09-25T11:35:00.000-04:00,49.109,
2026-09-25T11:36:00.000-04:00,48.983000000000004,
2026-09-25T11:37:00.000-04:00,48.6275,
2026-09-25T11:38:00.000-04:00,48.49249999999999,
2026-09-25T11:39:00.000-04:00,48.217999999999996,
2026-09-25T11:40:00.000-04:00,48.9695,
2026-09-25T11:41:00.000-04:00,47.9525,
2026-09-25T11:42:00.000-04:00,48.334999999999994,
2026-09-25T11:43:00.000-04:00,48.186499999999995,
2026-09-25T11:44:00.000-04:00,48.1865,
2026-09-25T11:45:00.000-04:00,48.236000000000004,
2026-09-25T11:46:00.000-04:00,48.605,
2026-09-25T11:47:00.000-04:00,48.452,
2026-09-25T11:48:00.000-04:00,47.5205,
2026-09-25T11:49:00.000-04:00,47.669000000000004,
2026-09-25T11:50:00.000-04:00,47.1245,
2026-09-25T11:51:00.000-04:00,47.525,
2026-09-25T11:52:00.000-04:00,47.768,
2026-09-25T11:53:00.000-04:00,47.55199999999999,
2026-09-25T11:54:00.000-04:00,47.956999999999994,
2026-09-25T11:55:00.000-04:00,47.426,
2026-09-25T11:56:00.000-04:00,47.5565,
2026-09-25T11:57:00.000-04:00,48.2315,
2026-09-25T11:58:00.000-04:00,48.343999999999994,
2026-09-25T11:59:00.000-04:00,48.965,
2026-09-25T12:00:00.000-04:00,48.686,
2026-09-25T12:01:00.000-04:00,48.924499999999995,
2026-09-25T12:02:00.000-04:00,48.771499999999996,
2026-09-25T12:03:00.000-04:00,48.146,
2026-09-25T12:04:00.000-04:00,48.3755,
2026-09-25T12:05:00.000-04:00,47.4755,
2026-09-25T12:06:00.000-04:00,48.006499999999996,
2026-09-25T12:07:00.000-04:00,48.397999999999996,
2026-09-25T12:08:00.000-04:00,47.993,
2026-09-25T12:09:00.000-04:00,48.056,
2026-09-25T12:10:00.000-04:00,47.84,
2026-09-25T12:11:00.000-04:00,47.975,
2026-09-25T12:12:00.000-04:00,47.632999999999996,
2026-09-25T12:13:00.000-04:00,47.399,
2026-09-25T12:14:00.000-04:00,46.886,
2026-09-25T12:15:00.000-04:00,47.660000000000004,
2026-09-25T12:16:00.000-04:00,47.75449999999999,
2026-09-25T12:17:00.000-04:00,47.614999999999995,
2026-09-25T12:18:00.000-04:00,47.426,
2026-09-25T12:19:00.000-04:00,47.1875,
2026-09-25T12:20:00.000-04:00,47.7005,
2026-09-25T12:21:00.000-04:00,46.903999999999996,
2026-09-25T12:22:00.000-04:00,46.903999999999996,
2026-09-25T12:23:00.000-04:00,46.805,
2026-09-25T12:24:00.000-04:00,46.9985,
2026-09-25T12:25:00.000-04:00,47.074999999999996,
2026-09-25T12:26:00.000-04:00,47.372,
2026-09-25T12:27:00.000-04:00,47.480000000000004,
2026-09-25T12:28:00.000-04:00,47.372,
2026-09-25T12:29:00.000-04:00,46.899499999999996,
2026-09-25T12:30:00.000-04:00,46.696999999999996,
2026-09-25T12:31:00.000-04:00,46.687999999999995,
2026-09-25T12:32:00.000-04:00,46.2065,
2026-09-25T12:33:00.000-04:00,46.7915,
2026-09-25T12:34:00.000-04:00,46.616,
2026-09-25T12:35:00.000-04:00,46.823,
2026-09-25T12:36:00.000-04:00,46.5845,
2026-09-25T12:37:00.000-04:00,46.962500000000006,
2026-09-25T12:38:00.000-04:00,46.98500000000001,
2026-09-25T12:39:00.000-04:00,46.229,
2026-09-25T12:40:00.000-04:00,46.7915,
2026-09-25T12:41:00.000-04:00,47.2325,
2026-09-25T12:42:00.000-04:00,46.940000000000005,
2026-09-25T12:43:00.000-04:00,46.674499999999995,
2026-09-25T12:44:00.000-04:00,46.43600000000001,
2026-09-25T12:45:00.000-04:00,45.851,
2026-09-25T12:46:00.000-04:00,45.733999999999995,
2026-09-25T12:47:00.000-04:00,46.525999999999996,
2026-09-25T12:48:00.000-04:00,45.828500000000005,
2026-09-25T12:49:00.000-04:00,46.359500000000004,
2026-09-25T12:50:00.000-04:00,46.643,
2026-09-25T12:51:00.000-04:00,46.445,
2026-09-25T12:52:00.000-04:00,46.4135,
2026-09-25T12:53:00.000-04:00,46.256,
2026-09-25T12:54:00.000-04:00,46.5755,
2026-09-25T12:55:00.000-04:00,47.048,
2026-09-25T12:56:00.000-04:00,48.911,
2026-09-25T12:57:00.000-04:00,48.7355,
2026-09-25T12:58:00.000-04:00,49.082,
2026-09-25T12:59:00.000-04:00,49.1045,
2026-09-25T13:00:00.000-04:00,48.83,
2026-09-25T13:01:00.000-04:00,48.8705,
2026-09-25T13:02:00.000-04:00,48.523999999999994,
2026-09-25T13:03:00.000-04:00,47.822,
2026-09-25T13:04:00.000-04:00,47.552,
2026-09-25T13:05:00.000-04:00,47.327,
2026-09-25T13:06:00.000-04:00,46.985,
2026-09-25T13:07:00.000-04:00,47.5475,
2026-09-25T13:08:00.000-04:00,48.065,
2026-09-25T13:09:00.000-04:00,47.57000000000001,
2026-09-25T13:10:00.000-04:00,47.650999999999996,
2026-09-25T13:11:00.000-04:00,47.633,
2026-09-25T13:12:00.000-04:00,48.299,
2026-09-25T13:13:00.000-04:00,48.6005,
2026-09-25T13:14:00.000-04:00,48.47,
2026-09-25T13:15:00.000-04:00,48.3665,
2026-09-25T13:16:00.000-04:00,48.4745,
2026-09-25T13:17:00.000-04:00,48.937999999999995,
2026-09-25T13:18:00.000-04:00,49.010000000000005,
2026-09-25T13:19:00.000-04:00,48.4115,
2026-09-25T13:20:00.000-04:00,48.848,
2026-09-25T13:21:00.000-04:00,47.95700000000001,
2026-09-25T13:22:00.000-04:00,47.9525,
2026-09-25T13:23:00.000-04:00,47.7995,
2026-09-25T13:24:00.000-04:00,48.4655,
2026-09-25T13:25:00.000-04:00,48.29,
2026-09-25T13:26:00.000-04:00,47.484500000000004,
2026-09-25T13:27:00.000-04:00,48.3395,
2026-09-25T13:28:00.000-04:00,48.272,
2026-09-25T13:29:00.000-04:00,48.051500000000004,
2026-09-25T13:30:00.000-04:00,48.839000000000006,
2026-09-25T13:31:00.000-04:00,48.8255,
2026-09-25T13:32:00.000-04:00,49.01899999999999,
2026-09-25T13:33:00.000-04:00,48.821,
2026-09-25T13:34:00.000-04:00,48.4565,
2026-09-25T13:35:00.000-04:00,48.8075,
2026-09-25T13:36:00.000-04:00,48.623000000000005,
2026-09-25T13:37:00.000-04:00,48.3305,
2026-09-25T13:38:00.000-04:00,47.9885,
2026-09-25T13:39:00.000-04:00,48.393499999999996,
2026-09-25T13:40:00.000-04:00,47.804,
2026-09-25T13:41:00.000-04:00,48.240500000000004,
2026-09-25T13:42:00.000-04:00,48.479,
2026-09-25T13:43:00.000-04:00,49.0415,
2026-09-25T13:44:00.000-04:00,48.101,
2026-09-25T13:45:00.000-04:00,47.93899999999999,
2026-09-25T13:46:00.000-04:00,47.4305,
2026-09-25T13:47:00.000-04:00,47.36750000000001,
2026-09-25T13:48:00.000-04:00,47.2865,
2026-09-25T13:49:00.000-04:00,46.9715,
2026-09-25T13:50:00.000-04:00,48.2315,
2026-09-25T13:51:00.000-04:00,47.9525,
2026-09-25T13:52:00.000-04:00,47.8445,
2026-09-25T13:53:00.000-04:00,48.29,
2026-09-25T13:54:00.000-04:00,47.812999999999995,
2026-09-25T13:55:00.000-04:00,47.696,
2026-09-25T13:56:00.000-04:00,47.543,
2026-09-25T13:57:00.000-04:00,48.222500000000004,
2026-09-25T13:58:00.000-04:00,48.2045,
2026-09-25T13:59:00.000-04:00,47.889500000000005,
2026-09-25T14:00:00.000-04:00,48.4205,
2026-09-25T14:01:00.000-04:00,47.826499999999996,
2026-09-25T14:02:00.000-04:00,48.0875,
2026-09-25T14:03:00.000-04:00,48.56,
2026-09-25T14:04:00.000-04:00,48.290000000000006,
2026-09-25T14:05:00.000-04:00,48.4745,
2026-09-25T14:06:00.000-04:00,47.795,
2026-09-25T14:07:00.000-04:00,47.466499999999996,
2026-09-25T14:08:00.000-04:00,47.912,
2026-09-25T14:09:00.000-04:00,47.01199999999999,
2026-09-25T14:10:00.000-04:00,47.336,
2026-09-25T14:11:00.000-04:00,47.66,
2026-09-25T14:12:00.000-04:00,47.318000000000005,
2026-09-25T14:13:00.000-04:00,47.718500000000006,
2026-09-25T14:14:00.000-04:00,48.065,
2026-09-25T14:15:00.000-04:00,49.95949999999999,
2026-09-25T14:16:00.000-04:00,49.946000000000005,
2026-09-25T14:17:00.000-04:00,50.1935,
2026-09-25T14:18:00.000-04:00,50.027,
2026-09-25T14:19:00.000-04:00,49.7795,
2026-09-25T14:20:00.000-04:00,49.811,
2026-09-25T14:21:00.000-04:00,49.599500000000006,
2026-09-25T14:22:00.000-04:00,49.262,
2026-09-25T14:35:00.000-04:00,48.794,
2026-09-25T14:38:00.000-04:00,49.214,
2026-09-25T14:39:00.000-04:00,49.748,
2026-09-25T14:40:00.000-04:00,50.117000000000004,
2026-09-25T14:41:00.000-04:00,49.856,
2026-09-25T14:44:00.000-04:00,49.082,
2026-09-25T14:45:00.000-04:00,49.298,
2026-09-25T14:46:00.000-04:00,49.739000000000004,
2026-09-25T14:47:00.000-04:00,50.2385,
2026-09-25T14:48:00.000-04:00,50.310500000000005,
2026-09-25T14:49:00.000-04:00,50.324,
2026-09-25T14:50:00.000-04:00,50.297,
2026-09-25T14:51:00.000-04:00,50.112500000000004,
2026-09-25T14:52:00.000-04:00,50.369,
2026-09-25T14:53:00.000-04:00,50.8145,
2026-09-25T14:54:00.000-04:00,50.5985,
2026-09-25T14:55:00.000-04:00,50.954,
2026-09-25T14:56:00.000-04:00,50.8235,
2026-09-25T14:57:00.000-04:00,50.8775,
2026-09-25T14:58:00.000-04:00,51.10249999999999,
2026-09-25T14:59:00.000-04:00,50.841499999999996,
2026-09-25T15:00:00.000-04:00,51.3815,
2026-09-25T15:01:00.000-04:00,51.6245,
2026-09-25T15:02:00.000-04:00,51.7595,
2026-09-25T15:03:00.000-04:00,51.656,
2026-09-25T15:04:00.000-04:00,51.467,
2026-09-25T15:05:00.000-04:00,51.35,
2026-09-25T15:06:00.000-04:00,51.50749999999999,
2026-09-25T15:07:00.000-04:00,52.1555,
2026-09-25T15:08:00.000-04:00,51.3005,
2026-09-25T15:09:00.000-04:00,51.449000000000005,
2026-09-25T15:10:00.000-04:00,51.2465,
2026-09-25T15:11:00.000-04:00,51.57050000000001,
2026-09-25T15:12:00.000-04:00,51.062,
2026-09-25T15:24:00.000-04:00,51.062,
2026-09-25T15:25:00.000-04:00,51.467,
2026-09-25T15:26:00.000-04:00,51.4535,
2026-09-25T15:27:00.000-04:00,51.62,
2026-09-25T15:28:00.000-04:00,50.594,
2026-09-25T15:29:00.000-04:00,51.395,
2026-09-25T15:30:00.000-04:00,51.572,
2026-09-25T15:31:00.000-04:00,51.943999999999996,
2026-09-25T15:32:00.000-04:00,51.4805,
2026-09-25T15:33:00.000-04:00,51.224,
2026-09-25T15:34:00.000-04:00,50.936,
2026-09-25T15:35:00.000-04:00,51.187999999999995,
2026-09-25T15:36:00.000-04:00,51.62,
2026-09-25T15:37:00.000-04:00,52.7765,
2026-09-25T15:38:00.000-04:00,54.5,
2026-09-25T15:39:00.000-04:00,54.87350000000001,
2026-09-25T15:40:00.000-04:00,53.9285,
2026-09-25T15:41:00.000-04:00,53.9195,
2026-09-25T15:42:00.000-04:00,53.042,
2026-09-25T15:43:00.000-04:00,53.3705,
2026-09-25T15:44:00.000-04:00,52.79900000000001,
2026-09-25T15:45:00.000-04:00,52.421,
2026-09-25T15:46:00.000-04:00,52.556,
2026-09-25T15:47:00.000-04:00,52.339999999999996,
2026-09-25T15:48:00.000-04:00,52.538,
2026-09-25T15:49:00.000-04:00,52.403000000000006,
2026-09-25T15:50:00.000-04:00,52.281499999999994,
2026-09-25T15:51:00.000-04:00,52.4615,
2026-09-25T15:52:00.000-04:00,52.5965,
2026-09-25T15:53:00.000-04:00,52.43,
2026-09-25T15:54:00.000-04:00,52.0565,
2026-09-25T15:55:00.000-04:00,51.583999999999996,
2026-09-25T15:56:00.000-04:00,51.107,
2026-09-25T15:57:00.000-04:00,51.962,
2026-09-25T15:58:00.000-04:00,52.25,
2026-09-25T15:59:00.000-04:00,52.034000000000006,
2026-09-25T16:00:00.000-04:00,51.745999999999995,
2026-09-25T16:01:00.000-04:00,51.948499999999996,
2026-09-25T16:02:00.000-04:00,51.488,
2026-09-25T16:03:00.000-04:00,52.178,
2026-09-25T16:04:00.000-04:00,52.0052,
2026-09-25T16:05:00.000-04:00,51.8945,
2026-09-25T16:06:00.000-04:00,51.745999999999995,
2026-09-25T16:07:00.000-04:00,52.016000000000005,
2026-09-25T16:08:00.000-04:00,51.404,
2026-09-25T16:09:00.000-04:00,51.30049999999999,
2026-09-25T16:10:00.000-04:00,50.8784,
2026-09-25T16:11:00.000-04:00,51.446,
2026-09-25T16:12:00.000-04:00,51.6092,
2026-09-25T16:13:00.000-04:00,51.3635,
2026-09-25T16:14:00.000-04:00,51.503,
2026-09-25T16:15:00.000-04:00,51.410000000000004,
2026-09-25T16:16:00.000-04:00,51.17360000000001,
2026-09-25T16:17:00.000-04:00,51.003499999999995,
2026-09-25T16:18:00.000-04:00,51.6245,
2026-09-25T16:19:00.000-04:00,51.74,
2026-09-25T16:20:00.000-04:00,51.35,
2026-09-25T16:21:00.000-04:00,51.2915,
2026-09-25T16:22:00.000-04:00,51.69200000000001,
2026-09-25T16:23:00.000-04:00,51.629000000000005,
2026-09-25T16:24:00.000-04:00,51.662,
2026-09-25T16:25:00.000-04:00,51.166399999999996,
2026-09-25T16:26:00.000-04:00,51.453500000000005,
2026-09-25T16:27:00.000-04:00,51.266,
2026-09-25T16:28:00.000-04:00,51.2204,
2026-09-25T16:29:00.000-04:00,51.3185,
2026-09-25T16:30:00.000-04:00,51.410000000000004,
2026-09-25T16:31:00.000-04:00,51.17,
2026-09-25T16:32:00.000-04:00,51.6155,
2026-09-25T16:33:00.000-04:00,51.296,
2026-09-25T16:34:00.000-04:00,51.4076,
2026-09-25T16:35:00.000-04:00,51.0845,
2026-09-25T16:36:00.000-04:00,50.72,
2026-09-25T16:37:00.000-04:00,50.756,
2026-09-25T16:38:00.000-04:00,50.928799999999995,
2026-09-25T16:39:00.000-04:00,50.805499999999995,
2026-09-25T16:40:00.000-04:00,50.3195,
2026-09-25T16:41:00.000-04:00,50.5715,
2026-09-25T16:42:00.000-04:00,50.419999999999995,
2026-09-25T16:43:00.000-04:00,50.5895,
2026-09-25T16:44:00.000-04:00,50.8316,
2026-09-25T16:45:00.000-04:00,50.9,
2026-09-25T16:46:00.000-04:00,50.792,
2026-09-25T16:47:00.000-04:00,51.01520000000001,
2026-09-25T16:48:00.000-04:00,50.948,
2026-09-25T16:49:00.000-04:00,50.7812,
2026-09-25T16:50:00.000-04:00,50.55800000000001,
2026-09-25T16:51:00.000-04:00,50.836999999999996,
2026-09-25T16:52:00.000-04:00,50.948,
2026-09-25T16:53:00.000-04:00,50.486000000000004,
2026-09-25T16:54:00.000-04:00,50.4896,
2026-09-25T16:55:00.000-04:00,50.495000000000005,
2026-09-25T16:56:00.000-04:00,50.282000000000004,
2026-09-25T16:57:00.000-04:00,50.342,
2026-09-25T16:58:00.000-04:00,50.471599999999995,
2026-09-25T16:59:00.000-04:00,50.441,
2026-09-25T17:00:00.000-04:00,50.653999999999996,
2026-09-25T17:01:00.000-04:00,50.594,
2026-09-25T17:02:00.000-04:00,50.4176,
2026-09-25T17:03:00.000-04:00,50.528,
2026-09-25T17:04:00.000-04:00,50.2124,
2026-09-25T17:05:00.000-04:00,50.18450000000001,
2026-09-25T17:06:00.000-04:00,49.711999999999996,
2026-09-25T17:07:00.000-04:00,50.330000000000005,
2026-09-25T17:08:00.000-04:00,50.072,
2026-09-25T17:09:00.000-04:00,49.838,
2026-09-25T17:10:00.000-04:00,49.730000000000004,
2026-09-25T17:11:00.000-04:00,50.4212,
2026-09-25T17:12:00.000-04:00,50.477,
2026-09-25T17:13:00.000-04:00,50.018,
2026-09-25T17:14:00.000-04:00,50.024,
2026-09-25T17:15:00.000-04:00,49.874,
2026-09-25T17:16:00.000-04:00,49.9928,
2026-09-25T17:17:00.000-04:00,50.24,
2026-09-25T17:18:00.000-04:00,50.009,
2026-09-25T17:19:00.000-04:00,49.667,
2026-09-25T17:20:00.000-04:00,49.78399999999999,
2026-09-25T17:21:00.000-04:00,49.838,
2026-09-25T17:22:00.000-04:00,49.793,
2026-09-25T17:23:00.000-04:00,49.891999999999996,
2026-09-25T17:24:00.000-04:00,49.941500000000005,
2026-09-25T17:30:00.000-04:00,49.442,
2026-09-25T17:47:00.000-04:00,50.126,
2026-09-25T17:48:00.000-04:00,49.500499999999995,
2026-09-25T17:49:00.000-04:00,49.7615,
2026-09-25T17:50:00.000-04:00,49.514,
2026-09-25T17:51:00.000-04:00,49.586,
2026-09-25T17:52:00.000-04:00,49.2755,
2026-09-25T17:53:00.000-04:00,49.666999999999994,
2026-09-25T17:54:00.000-04:00,49.7705,
2026-09-25T17:55:00.000-04:00,50.45,
2026-09-25T17:56:00.000-04:00,50.207,
2026-09-25T17:57:00.000-04:00,49.991,
2026-09-25T17:58:00.000-04:00,50.3555,
2026-09-25T17:59:00.000-04:00,50.153,
2026-09-25T18:00:00.000-04:00,49.3295,
2026-09-25T18:01:00.000-04:00,49.2485,
2026-09-25T18:02:00.000-04:00,49.4555,
2026-09-25T18:03:00.000-04:00,49.226,
2026-09-25T18:04:00.000-04:00,49.364000000000004,
2026-09-25T18:11:00.000-04:00,49.568,
2026-09-26T10:51:00.000-04:00,44.816,
2026-09-26T11:15:00.000-04:00,45.842,
2026-09-26T11:41:00.000-04:00,46.328,
