point_time,value
2026-09-13 00:00:00+00:00,1413.8
2026-09-13 00:05:00+00:00,1412.0
2026-09-13 00:10:00+00:00,1412.0
2026-09-13 00:15:00+00:00,1412.0
2026-09-13 00:20:00+00:00,1412.0
2026-09-13 00:25:00+00:00,1412.0
2026-09-13 00:30:00+00:00,1412.0
2026-09-13 00:35:00+00:00,1412.0
2026-09-13 00:40:00+00:00,1411.9
2026-09-13 00:45:00+00:00,1413.8
2026-09-13 00:50:00+00:00,1413.8
2026-09-13 00:55:00+00:00,1413.7
2026-09-13 01:00:00+00:00,1420.7
2026-09-13 01:05:00+00:00,1414.9
2026-09-13 01:10:00+00:00,1414.9
2026-09-13 01:15:00+00:00,1414.9
2026-09-13 01:20:00+00:00,1423.3
2026-09-13 01:25:00+00:00,1420.3
2026-09-13 01:30:00+00:00,1416.2
2026-09-13 01:35:00+00:00,1420.6
2026-09-13 01:40:00+00:00,1423.6
2026-09-13 01:45:00+00:00,1423.8
2026-09-13 01:50:00+00:00,1426.3
2026-09-13 01:55:00+00:00,1426.4
2026-09-13 02:00:00+00:00,1422.6
2026-09-13 02:05:00+00:00,1435.0
2026-09-13 02:10:00+00:00,1435.3
2026-09-13 02:15:00+00:00,1438.1
2026-09-13 02:20:00+00:00,1433.8
2026-09-13 02:25:00+00:00,1433.8
2026-09-13 02:30:00+00:00,1432.3
2026-09-13 02:35:00+00:00,1432.3
2026-09-13 02:40:00+00:00,1432.3
2026-09-13 02:45:00+00:00,1432.3
2026-09-13 02:50:00+00:00,1435.5
2026-09-13 02:55:00+00:00,1436.1
2026-09-13 03:00:00+00:00,1446.9
2026-09-13 03:05:00+00:00,1433.4
2026-09-13 03:10:00+00:00,1433.4
2026-09-13 03:15:00+00:00,1451.3
2026-09-13 03:20:00+00:00,1456.4
2026-09-13 03:25:00+00:00,1464.1
2026-09-13 03:30:00+00:00,1464.1
2026-09-13 03:35:00+00:00,1464.0
2026-09-13 03:40:00+00:00,1466.7
2026-09-13 03:45:00+00:00,1472.1
2026-09-13 03:50:00+00:00,1472.1
2026-09-13 03:55:00+00:00,1467.9
2026-09-13 04:00:00+00:00,1457.4
2026-09-13 04:05:00+00:00,1465.8
2026-09-13 04:10:00+00:00,1456.3
2026-09-13 04:15:00+00:00,1455.1
2026-09-13 04:20:00+00:00,1458.4
2026-09-13 04:25:00+00:00,1458.4
2026-09-13 04:30:00+00:00,1453.1
2026-09-13 04:35:00+00:00,1452.3
2026-09-13 04:40:00+00:00,1444.9
2026-09-13 04:45:00+00:00,1439.5
2026-09-13 04:50:00+00:00,1441.2
2026-09-13 04:55:00+00:00,1439.7
2026-09-13 05:00:00+00:00,1438.3
2026-09-13 05:05:00+00:00,1431.0
2026-09-13 05:10:00+00:00,1428.0
2026-09-13 05:15:00+00:00,1428.0
2026-09-13 05:20:00+00:00,1426.8
2026-09-13 05:25:00+00:00,1427.6
2026-09-13 05:30:00+00:00,1423.8
2026-09-13 05:35:00+00:00,1426.3
2026-09-13 05:40:00+00:00,1426.3
2026-09-13 05:45:00+00:00,1426.8
2026-09-13 05:50:00+00:00,1426.8
2026-09-13 05:55:00+00:00,1426.7
2026-09-13 06:00:00+00:00,1427.8
2026-09-13 06:05:00+00:00,1446.0
2026-09-13 06:10:00+00:00,1444.8
2026-09-13 06:15:00+00:00,1441.3
2026-09-13 06:20:00+00:00,1440.2
2026-09-13 06:25:00+00:00,1440.2
2026-09-13 06:30:00+00:00,1440.2
2026-09-13 06:35:00+00:00,1453.6
2026-09-13 06:40:00+00:00,1453.9
2026-09-13 06:45:00+00:00,1445.1
2026-09-13 06:50:00+00:00,1447.5
2026-09-13 06:55:00+00:00,1446.0
2026-09-13 07:00:00+00:00,1440.4
2026-09-13 07:05:00+00:00,1461.8
2026-09-13 07:10:00+00:00,1456.6
2026-09-13 07:15:00+00:00,1442.6
2026-09-13 07:20:00+00:00,1434.1
2026-09-13 07:25:00+00:00,1438.2
2026-09-13 07:30:00+00:00,1431.6
2026-09-13 07:35:00+00:00,1434.9
2026-09-13 07:40:00+00:00,1437.9
2026-09-13 07:45:00+00:00,1451.1
2026-09-13 07:50:00+00:00,1451.7
2026-09-13 07:55:00+00:00,1461.9
2026-09-13 08:00:00+00:00,1455.8
2026-09-13 08:05:00+00:00,1444.9
2026-09-13 08:10:00+00:00,1444.5
2026-09-13 08:15:00+00:00,1444.9
2026-09-13 08:20:00+00:00,1443.3
2026-09-13 08:25:00+00:00,1443.1
2026-09-13 08:30:00+00:00,1443.2
2026-09-13 08:35:00+00:00,1439.6
2026-09-13 08:40:00+00:00,1430.1
2026-09-13 08:45:00+00:00,1429.9
2026-09-13 08:50:00+00:00,1429.9
2026-09-13 08:55:00+00:00,1429.9
2026-09-13 09:00:00+00:00,1418.5
2026-09-13 09:05:00+00:00,1441.3
2026-09-13 09:10:00+00:00,1441.7
2026-09-13 09:15:00+00:00,1441.7
2026-09-13 09:20:00+00:00,1441.3
2026-09-13 09:25:00+00:00,1442.7
2026-09-13 09:30:00+00:00,1442.2
2026-09-13 09:35:00+00:00,1442.9
2026-09-13 09:40:00+00:00,1442.2
2026-09-13 09:45:00+00:00,1442.7
2026-09-13 09:50:00+00:00,1442.2
2026-09-13 09:55:00+00:00,1442.2
2026-09-13 10:00:00+00:00,1427.7
2026-09-13 10:05:00+00:00,1427.8
2026-09-13 10:10:00+00:00,1427.8
2026-09-13 10:15:00+00:00,1427.9
2026-09-13 10:20:00+00:00,1428.3
2026-09-13 10:25:00+00:00,1428.3
2026-09-13 10:30:00+00:00,1428.3
2026-09-13 10:35:00+00:00,1429.0
2026-09-13 10:40:00+00:00,1428.3
2026-09-13 10:45:00+00:00,1428.0
2026-09-13 10:50:00+00:00,1429.3
2026-09-13 10:55:00+00:00,1428.9
2026-09-13 11:00:00+00:00,1432.4
2026-09-13 11:05:00+00:00,1402.7
2026-09-13 11:10:00+00:00,1401.6
2026-09-13 11:15:00+00:00,1401.6
2026-09-13 11:20:00+00:00,1400.6
2026-09-13 11:25:00+00:00,1401.6
2026-09-13 11:30:00+00:00,1401.2
2026-09-13 11:35:00+00:00,1400.5
2026-09-13 11:40:00+00:00,1400.5
2026-09-13 11:45:00+00:00,1400.4
2026-09-13 11:50:00+00:00,1401.1
2026-09-13 11:55:00+00:00,1400.0
2026-09-13 12:00:00+00:00,1400.1
2026-09-13 12:05:00+00:00,1402.7
2026-09-13 12:10:00+00:00,1383.5
2026-09-13 12:15:00+00:00,1389.7
2026-09-13 12:20:00+00:00,1394.4
2026-09-13 12:25:00+00:00,1393.7
2026-09-13 12:30:00+00:00,1389.2
2026-09-13 12:35:00+00:00,1394.4
2026-09-13 12:40:00+00:00,1394.0
2026-09-13 12:45:00+00:00,1394.0
2026-09-13 12:50:00+00:00,1396.4
2026-09-13 12:55:00+00:00,1403.0
2026-09-13 13:00:00+00:00,1427.4
2026-09-13 13:05:00+00:00,1421.3
2026-09-13 13:10:00+00:00,1428.7
2026-09-13 13:15:00+00:00,1418.0
2026-09-13 13:20:00+00:00,1425.9
2026-09-13 13:25:00+00:00,1439.2
2026-09-13 13:30:00+00:00,1448.0
2026-09-13 13:35:00+00:00,1447.2
2026-09-13 13:40:00+00:00,1446.3
2026-09-13 13:45:00+00:00,1446.3
2026-09-13 13:50:00+00:00,1449.0
2026-09-13 13:55:00+00:00,1452.4
2026-09-13 14:00:00+00:00,1442.3
2026-09-13 14:05:00+00:00,1461.8
2026-09-13 14:10:00+00:00,1475.4
2026-09-13 14:15:00+00:00,1467.5
2026-09-13 14:20:00+00:00,1462.9
2026-09-13 14:25:00+00:00,1462.4
2026-09-13 14:30:00+00:00,1461.6
2026-09-13 14:35:00+00:00,1462.5
2026-09-13 14:40:00+00:00,1462.9
2026-09-13 14:45:00+00:00,1442.0
2026-09-13 14:50:00+00:00,1441.0
2026-09-13 14:55:00+00:00,1442.3
2026-09-13 15:00:00+00:00,1451.0
2026-09-13 15:05:00+00:00,1460.9
2026-09-13 15:10:00+00:00,1464.3
2026-09-13 15:15:00+00:00,1462.2
2026-09-13 15:20:00+00:00,1457.5
2026-09-13 15:25:00+00:00,1457.9
2026-09-13 15:30:00+00:00,1445.1
2026-09-13 15:35:00+00:00,1441.9
2026-09-13 15:40:00+00:00,1435.8
2026-09-13 15:45:00+00:00,1426.6
2026-09-13 15:50:00+00:00,1417.9
2026-09-13 15:55:00+00:00,1414.0
2026-09-13 16:00:00+00:00,1411.5
2026-09-13 16:05:00+00:00,1401.4
2026-09-13 16:10:00+00:00,1396.7
2026-09-13 16:15:00+00:00,1394.9
2026-09-13 16:20:00+00:00,1397.5
2026-09-13 16:25:00+00:00,1398.3
2026-09-13 16:30:00+00:00,1394.8
2026-09-13 16:35:00+00:00,1392.7
2026-09-13 16:40:00+00:00,1390.4
2026-09-13 16:45:00+00:00,1392.6
2026-09-13 16:50:00+00:00,1390.2
2026-09-13 16:55:00+00:00,1393.7
2026-09-13 17:00:00+00:00,1394.5
2026-09-13 17:05:00+00:00,1396.9
2026-09-13 17:10:00+00:00,1395.3
2026-09-13 17:15:00+00:00,1396.3
2026-09-13 17:20:00+00:00,1405.8
2026-09-13 17:25:00+00:00,1407.1
2026-09-13 17:30:00+00:00,1403.7
2026-09-13 17:35:00+00:00,1399.3
2026-09-13 17:40:00+00:00,1394.2
2026-09-13 17:45:00+00:00,1407.3
2026-09-13 17:50:00+00:00,1407.0
2026-09-13 17:55:00+00:00,1404.6
2026-09-13 18:00:00+00:00,1401.8
2026-09-13 18:05:00+00:00,1416.9
2026-09-13 18:10:00+00:00,1416.3
2026-09-13 18:15:00+00:00,1403.2
2026-09-13 18:20:00+00:00,1403.2
2026-09-13 18:25:00+00:00,1401.7
2026-09-13 18:30:00+00:00,1401.7
2026-09-13 18:35:00+00:00,1401.7
2026-09-13 18:40:00+00:00,1401.7
2026-09-13 18:45:00+00:00,1401.7
2026-09-13 18:50:00+00:00,1401.7
2026-09-13 18:55:00+00:00,1399.2
2026-09-13 19:00:00+00:00,1401.8
2026-09-13 19:05:00+00:00,1400.3
2026-09-13 19:10:00+00:00,1400.3
2026-09-13 19:15:00+00:00,1400.2
2026-09-13 19:20:00+00:00,1400.3
2026-09-13 19:25:00+00:00,1405.5
2026-09-13 19:30:00+00:00,1400.2
2026-09-13 19:35:00+00:00,1405.5
2026-09-13 19:40:00+00:00,1403.5
2026-09-13 19:45:00+00:00,1405.6
2026-09-13 19:50:00+00:00,1403.7
2026-09-13 19:55:00+00:00,1403.7
2026-09-13 20:00:00+00:00,1403.0
2026-09-13 20:05:00+00:00,1347.0
2026-09-13 20:10:00+00:00,1347.1
2026-09-13 20:15:00+00:00,1347.0
2026-09-13 20:20:00+00:00,1350.3
2026-09-13 20:25:00+00:00,1350.3
2026-09-13 20:30:00+00:00,1350.2
2026-09-13 20:35:00+00:00,1350.2
2026-09-13 20:40:00+00:00,1350.2
2026-09-13 20:45:00+00:00,1350.2
2026-09-13 20:50:00+00:00,1350.2
2026-09-13 20:55:00+00:00,1350.2
2026-09-13 21:00:00+00:00,1346.7
2026-09-13 21:05:00+00:00,1338.1
2026-09-13 21:10:00+00:00,1338.1
2026-09-13 21:15:00+00:00,1338.2
2026-09-13 21:20:00+00:00,1338.2
2026-09-13 21:25:00+00:00,1338.3
2026-09-13 21:30:00+00:00,1335.5
2026-09-13 21:35:00+00:00,1338.3
2026-09-13 21:40:00+00:00,1335.5
2026-09-13 21:45:00+00:00,1335.5
2026-09-13 21:50:00+00:00,1335.5
2026-09-13 21:55:00+00:00,1335.4
2026-09-13 22:00:00+00:00,1359.8
2026-09-13 22:05:00+00:00,1338.2
2026-09-13 22:10:00+00:00,1338.2
2026-09-13 22:15:00+00:00,1338.2
2026-09-13 22:20:00+00:00,1335.3
2026-09-13 22:25:00+00:00,1335.2
2026-09-13 22:30:00+00:00,1338.0
2026-09-13 22:35:00+00:00,1338.0
2026-09-13 22:40:00+00:00,1338.1
2026-09-13 22:45:00+00:00,1338.1
2026-09-13 22:50:00+00:00,1338.1
2026-09-13 22:55:00+00:00,1338.1
2026-09-13 23:00:00+00:00,1381.3
2026-09-13 23:05:00+00:00,1390.7
2026-09-13 23:10:00+00:00,1390.7
2026-09-13 23:15:00+00:00,1390.7
2026-09-13 23:20:00+00:00,1390.7
2026-09-13 23:25:00+00:00,1382.8
2026-09-13 23:30:00+00:00,1382.8
2026-09-13 23:35:00+00:00,1382.8
2026-09-13 23:40:00+00:00,1382.6
2026-09-13 23:45:00+00:00,1382.6
2026-09-13 23:50:00+00:00,1382.6
2026-09-13 23:55:00+00:00,1382.6
2026-09-14 00:00:00+00:00,1413.5
2026-09-14 00:05:00+00:00,1395.7
2026-09-14 00:10:00+00:00,1395.7
2026-09-14 00:15:00+00:00,1399.7
2026-09-14 00:20:00+00:00,1399.6
2026-09-14 00:25:00+00:00,1411.6
2026-09-14 00:30:00+00:00,1411.7
2026-09-14 00:35:00+00:00,1411.7
2026-09-14 00:40:00+00:00,1411.6
2026-09-14 00:45:00+00:00,1411.6
2026-09-14 00:50:00+00:00,1411.6
2026-09-14 00:55:00+00:00,1414.7
2026-09-14 01:00:00+00:00,1430.0
2026-09-14 01:05:00+00:00,1413.9
2026-09-14 01:10:00+00:00,1417.5
2026-09-14 01:15:00+00:00,1417.5
2026-09-14 01:20:00+00:00,1417.5
2026-09-14 01:25:00+00:00,1417.7
2026-09-14 01:30:00+00:00,1417.5
2026-09-14 01:35:00+00:00,1424.3
2026-09-14 01:40:00+00:00,1424.4
2026-09-14 01:45:00+00:00,1425.0
2026-09-14 01:50:00+00:00,1421.8
2026-09-14 01:55:00+00:00,1415.8
2026-09-14 02:00:00+00:00,1446.2
2026-09-14 02:05:00+00:00,1442.8
2026-09-14 02:10:00+00:00,1455.1
2026-09-14 02:15:00+00:00,1453.0
2026-09-14 02:20:00+00:00,1466.5
2026-09-14 02:25:00+00:00,1468.3
2026-09-14 02:30:00+00:00,1466.9
2026-09-14 02:35:00+00:00,1466.8
2026-09-14 02:40:00+00:00,1468.3
2026-09-14 02:45:00+00:00,1474.6
2026-09-14 02:50:00+00:00,1475.9
2026-09-14 02:55:00+00:00,1475.2
2026-09-14 03:00:00+00:00,1452.8
2026-09-14 03:05:00+00:00,1453.1
2026-09-14 03:10:00+00:00,1444.1
2026-09-14 03:15:00+00:00,1448.7
2026-09-14 03:20:00+00:00,1461.6
2026-09-14 03:25:00+00:00,1465.5
2026-09-14 03:30:00+00:00,1467.1
2026-09-14 03:35:00+00:00,1469.8
2026-09-14 03:40:00+00:00,1467.3
2026-09-14 03:45:00+00:00,1467.3
2026-09-14 03:50:00+00:00,1467.9
2026-09-14 03:55:00+00:00,1461.5
2026-09-14 04:00:00+00:00,1440.7
2026-09-14 04:05:00+00:00,1449.6
2026-09-14 04:10:00+00:00,1446.8
2026-09-14 04:15:00+00:00,1447.6
2026-09-14 04:20:00+00:00,1425.6
2026-09-14 04:25:00+00:00,1426.1
2026-09-14 04:30:00+00:00,1426.1
2026-09-14 04:35:00+00:00,1427.6
2026-09-14 04:40:00+00:00,1428.7
2026-09-14 04:45:00+00:00,1433.1
2026-09-14 04:50:00+00:00,1432.6
2026-09-14 04:55:00+00:00,1436.2
2026-09-14 05:00:00+00:00,1472.8
2026-09-14 05:05:00+00:00,1475.7
2026-09-14 05:10:00+00:00,1481.3
2026-09-14 05:15:00+00:00,1487.9
2026-09-14 05:20:00+00:00,1492.7
2026-09-14 05:25:00+00:00,1487.8
2026-09-14 05:30:00+00:00,1490.9
2026-09-14 05:35:00+00:00,1487.7
2026-09-14 05:40:00+00:00,1487.7
2026-09-14 05:45:00+00:00,1487.7
2026-09-14 05:50:00+00:00,1479.5
2026-09-14 05:55:00+00:00,1479.8
2026-09-14 06:00:00+00:00,1478.6
2026-09-14 06:05:00+00:00,1479.7
2026-09-14 06:10:00+00:00,1479.7
2026-09-14 06:15:00+00:00,1483.5
2026-09-14 06:20:00+00:00,1474.2
2026-09-14 06:25:00+00:00,1473.5
2026-09-14 06:30:00+00:00,1473.5
2026-09-14 06:35:00+00:00,1473.5
2026-09-14 06:40:00+00:00,1473.8
2026-09-14 06:45:00+00:00,1475.7
2026-09-14 06:50:00+00:00,1473.8
2026-09-14 06:55:00+00:00,1471.7
2026-09-14 07:00:00+00:00,1448.7
2026-09-14 07:05:00+00:00,1462.0
2026-09-14 07:10:00+00:00,1465.7
2026-09-14 07:15:00+00:00,1461.2
2026-09-14 07:20:00+00:00,1464.8
2026-09-14 07:25:00+00:00,1463.7
2026-09-14 07:30:00+00:00,1468.5
2026-09-14 07:35:00+00:00,1467.5
2026-09-14 07:40:00+00:00,1467.5
2026-09-14 07:45:00+00:00,1466.5
2026-09-14 07:50:00+00:00,1467.5
2026-09-14 07:55:00+00:00,1477.4
2026-09-14 08:00:00+00:00,1444.0
2026-09-14 08:05:00+00:00,1465.3
2026-09-14 08:10:00+00:00,1464.7
2026-09-14 08:15:00+00:00,1464.4
2026-09-14 08:20:00+00:00,1459.5
2026-09-14 08:25:00+00:00,1457.9
2026-09-14 08:30:00+00:00,1455.4
2026-09-14 08:35:00+00:00,1449.1
2026-09-14 08:40:00+00:00,1438.9
2026-09-14 08:45:00+00:00,1436.5
2026-09-14 08:50:00+00:00,1445.9
2026-09-14 08:55:00+00:00,1449.1
2026-09-14 09:00:00+00:00,1446.7
2026-09-14 09:05:00+00:00,1452.5
2026-09-14 09:10:00+00:00,1466.6
2026-09-14 09:15:00+00:00,1465.3
2026-09-14 09:20:00+00:00,1461.6
2026-09-14 09:25:00+00:00,1461.6
2026-09-14 09:30:00+00:00,1465.3
2026-09-14 09:35:00+00:00,1467.8
2026-09-14 09:40:00+00:00,1464.1
2026-09-14 09:45:00+00:00,1464.1
2026-09-14 09:50:00+00:00,1471.5
2026-09-14 09:55:00+00:00,1467.1
2026-09-14 10:00:00+00:00,1454.7
2026-09-14 10:05:00+00:00,1455.8
2026-09-14 10:10:00+00:00,1453.3
2026-09-14 10:15:00+00:00,1447.5
2026-09-14 10:20:00+00:00,1441.6
2026-09-14 10:25:00+00:00,1422.2
2026-09-14 10:30:00+00:00,1416.1
2026-09-14 10:35:00+00:00,1418.0
2026-09-14 10:40:00+00:00,1418.0
2026-09-14 10:45:00+00:00,1413.8
2026-09-14 10:50:00+00:00,1399.4
2026-09-14 10:55:00+00:00,1400.2
2026-09-14 11:00:00+00:00,1407.9
2026-09-14 11:05:00+00:00,1375.6
2026-09-14 11:10:00+00:00,1372.2
2026-09-14 11:15:00+00:00,1373.0
2026-09-14 11:20:00+00:00,1373.6
2026-09-14 11:25:00+00:00,1374.0
2026-09-14 11:30:00+00:00,1372.4
2026-09-14 11:35:00+00:00,1366.1
2026-09-14 11:40:00+00:00,1368.3
2026-09-14 11:45:00+00:00,1369.1
2026-09-14 11:50:00+00:00,1372.0
2026-09-14 11:55:00+00:00,1371.9
2026-09-14 12:00:00+00:00,1374.0
2026-09-14 12:05:00+00:00,1379.4
2026-09-14 12:10:00+00:00,1394.6
2026-09-14 12:15:00+00:00,1412.4
2026-09-14 12:20:00+00:00,1421.2
2026-09-14 12:25:00+00:00,1453.0
2026-09-14 12:30:00+00:00,1413.1
2026-09-14 12:35:00+00:00,1394.0
2026-09-14 12:40:00+00:00,1387.8
2026-09-14 12:45:00+00:00,1382.0
2026-09-14 12:50:00+00:00,1359.7
2026-09-14 12:55:00+00:00,1360.0
2026-09-14 13:00:00+00:00,1361.1
2026-09-14 13:05:00+00:00,1355.6
2026-09-14 13:10:00+00:00,1355.6
2026-09-14 13:15:00+00:00,1355.7
2026-09-14 13:20:00+00:00,1356.0
2026-09-14 13:25:00+00:00,1356.0
2026-09-14 13:30:00+00:00,1356.0
2026-09-14 13:35:00+00:00,1355.0
2026-09-14 13:40:00+00:00,1364.8
2026-09-14 13:45:00+00:00,1361.7
2026-09-14 13:50:00+00:00,1363.9
2026-09-14 13:55:00+00:00,1363.9
2026-09-14 14:00:00+00:00,1364.0
2026-09-14 14:05:00+00:00,1378.3
2026-09-14 14:10:00+00:00,1376.3
2026-09-14 14:15:00+00:00,1381.9
2026-09-14 14:20:00+00:00,1382.0
2026-09-14 14:25:00+00:00,1382.5
2026-09-14 14:30:00+00:00,1382.5
2026-09-14 14:35:00+00:00,1382.5
2026-09-14 14:40:00+00:00,1379.9
2026-09-14 14:45:00+00:00,1379.9
2026-09-14 14:50:00+00:00,1379.9
2026-09-14 14:55:00+00:00,1373.6
2026-09-14 15:00:00+00:00,1369.2
2026-09-14 15:05:00+00:00,1368.0
2026-09-14 15:10:00+00:00,1392.3
2026-09-14 15:15:00+00:00,1392.3
2026-09-14 15:20:00+00:00,1393.8
2026-09-14 15:25:00+00:00,1396.4
2026-09-14 15:30:00+00:00,1408.2
2026-09-14 15:35:00+00:00,1416.2
2026-09-14 15:40:00+00:00,1410.7
2026-09-14 15:45:00+00:00,1416.6
2026-09-14 15:50:00+00:00,1431.7
2026-09-14 15:55:00+00:00,1434.9
2026-09-14 16:00:00+00:00,1434.5
2026-09-14 16:05:00+00:00,1442.1
2026-09-14 16:10:00+00:00,1442.1
2026-09-14 16:15:00+00:00,1442.0
2026-09-14 16:20:00+00:00,1449.9
2026-09-14 16:25:00+00:00,1449.5
2026-09-14 16:30:00+00:00,1450.3
2026-09-14 16:35:00+00:00,1456.1
2026-09-14 16:40:00+00:00,1439.9
2026-09-14 16:45:00+00:00,1439.6
2026-09-14 16:50:00+00:00,1435.4
2026-09-14 16:55:00+00:00,1435.2
2026-09-14 17:00:00+00:00,1432.1
2026-09-14 17:05:00+00:00,1432.0
2026-09-14 17:10:00+00:00,1403.5
2026-09-14 17:15:00+00:00,1395.0
2026-09-14 17:20:00+00:00,1390.3
2026-09-14 17:25:00+00:00,1390.4
2026-09-14 17:30:00+00:00,1389.6
2026-09-14 17:35:00+00:00,1374.8
2026-09-14 17:40:00+00:00,1375.6
2026-09-14 17:45:00+00:00,1370.2
2026-09-14 17:50:00+00:00,1370.3
2026-09-14 17:55:00+00:00,1372.5
2026-09-14 18:00:00+00:00,1373.2
2026-09-14 18:05:00+00:00,1388.4
2026-09-14 18:10:00+00:00,1386.8
2026-09-14 18:15:00+00:00,1386.7
2026-09-14 18:20:00+00:00,1386.5
2026-09-14 18:25:00+00:00,1386.6
2026-09-14 18:30:00+00:00,1386.6
2026-09-14 18:35:00+00:00,1386.6
2026-09-14 18:40:00+00:00,1386.6
2026-09-14 18:45:00+00:00,1384.9
2026-09-14 18:50:00+00:00,1384.7
2026-09-14 18:55:00+00:00,1388.9
2026-09-14 19:00:00+00:00,1390.5
2026-09-14 19:05:00+00:00,1392.2
2026-09-14 19:10:00+00:00,1392.2
2026-09-14 19:15:00+00:00,1392.2
2026-09-14 19:20:00+00:00,1392.3
2026-09-14 19:25:00+00:00,1392.2
2026-09-14 19:30:00+00:00,1392.2
2026-09-14 19:35:00+00:00,1392.2
2026-09-14 19:40:00+00:00,1392.3
2026-09-14 19:45:00+00:00,1392.2
2026-09-14 19:50:00+00:00,1392.2
2026-09-14 19:55:00+00:00,1392.2
2026-09-14 20:00:00+00:00,1391.7
2026-09-14 20:05:00+00:00,1351.4
2026-09-14 20:10:00+00:00,1351.4
2026-09-14 20:15:00+00:00,1351.5
2026-09-14 20:20:00+00:00,1351.4
2026-09-14 20:25:00+00:00,1351.5
2026-09-14 20:30:00+00:00,1351.5
2026-09-14 20:35:00+00:00,1351.5
2026-09-14 20:40:00+00:00,1351.5
2026-09-14 20:45:00+00:00,1348.8
2026-09-14 20:50:00+00:00,1351.5
2026-09-14 20:55:00+00:00,1351.4
2026-09-14 21:00:00+00:00,1351.4
2026-09-14 21:05:00+00:00,1336.2
2026-09-14 21:10:00+00:00,1336.2
2026-09-14 21:15:00+00:00,1336.2
2026-09-14 21:20:00+00:00,1333.8
2026-09-14 21:25:00+00:00,1333.7
2026-09-14 21:30:00+00:00,1333.6
2026-09-14 21:35:00+00:00,1336.0
2026-09-14 21:40:00+00:00,1335.8
2026-09-14 21:45:00+00:00,1336.1
2026-09-14 21:50:00+00:00,0.0
2026-09-14 21:55:00+00:00,1336.0
2026-09-14 22:00:00+00:00,1336.2
2026-09-14 22:05:00+00:00,1336.2
2026-09-14 22:10:00+00:00,1336.2
2026-09-14 22:15:00+00:00,1336.1
2026-09-14 22:20:00+00:00,1336.2
2026-09-14 22:25:00+00:00,1336.2
2026-09-14 22:30:00+00:00,1336.2
2026-09-14 22:35:00+00:00,1336.2
2026-09-14 22:40:00+00:00,1336.2
2026-09-14 22:45:00+00:00,1336.2
2026-09-14 22:50:00+00:00,1336.2
2026-09-14 22:55:00+00:00,1336.1
2026-09-14 23:00:00+00:00,1336.4
2026-09-14 23:05:00+00:00,1373.7
2026-09-14 23:10:00+00:00,1373.8
2026-09-14 23:15:00+00:00,1373.8
2026-09-14 23:20:00+00:00,1373.8
2026-09-14 23:25:00+00:00,1373.8
2026-09-14 23:30:00+00:00,1373.8
2026-09-14 23:35:00+00:00,1373.8
2026-09-14 23:40:00+00:00,1373.8
2026-09-14 23:45:00+00:00,1373.8
2026-09-14 23:50:00+00:00,1373.8
2026-09-14 23:55:00+00:00,1373.8
2026-09-15 00:00:00+00:00,1399.2
2026-09-15 00:05:00+00:00,1393.7
2026-09-15 00:10:00+00:00,1393.4
2026-09-15 00:15:00+00:00,1393.4
2026-09-15 00:20:00+00:00,1393.8
2026-09-15 00:25:00+00:00,1393.8
2026-09-15 00:30:00+00:00,1393.8
2026-09-15 00:35:00+00:00,1393.8
2026-09-15 00:40:00+00:00,1401.1
2026-09-15 00:45:00+00:00,1401.0
2026-09-15 00:50:00+00:00,1397.5
2026-09-15 00:55:00+00:00,1397.4
2026-09-15 01:00:00+00:00,1418.6
2026-09-15 01:05:00+00:00,1396.4
2026-09-15 01:10:00+00:00,1396.6
2026-09-15 01:15:00+00:00,1396.6
2026-09-15 01:20:00+00:00,1396.6
2026-09-15 01:25:00+00:00,1397.7
2026-09-15 01:30:00+00:00,1413.0
2026-09-15 01:35:00+00:00,1413.6
2026-09-15 01:40:00+00:00,1413.6
2026-09-15 01:45:00+00:00,1413.4
2026-09-15 01:50:00+00:00,1418.5
2026-09-15 01:55:00+00:00,1415.4
2026-09-15 02:00:00+00:00,1426.9
2026-09-15 02:05:00+00:00,1415.7
2026-09-15 02:10:00+00:00,1415.9
2026-09-15 02:15:00+00:00,1415.9
2026-09-15 02:20:00+00:00,1423.0
2026-09-15 02:25:00+00:00,1423.1
2026-09-15 02:30:00+00:00,1423.1
2026-09-15 02:35:00+00:00,1424.6
2026-09-15 02:40:00+00:00,1431.9
2026-09-15 02:45:00+00:00,1428.8
2026-09-15 02:50:00+00:00,1418.6
2026-09-15 02:55:00+00:00,1417.1
2026-09-15 03:00:00+00:00,1452.4
2026-09-15 03:05:00+00:00,1445.9
2026-09-15 03:10:00+00:00,1462.4
2026-09-15 03:15:00+00:00,1490.9
2026-09-15 03:20:00+00:00,1501.5
2026-09-15 03:25:00+00:00,1515.8
2026-09-15 03:30:00+00:00,1514.2
2026-09-15 03:35:00+00:00,1513.9
2026-09-15 03:40:00+00:00,1512.9
2026-09-15 03:45:00+00:00,1515.4
2026-09-15 03:50:00+00:00,1515.9
2026-09-15 03:55:00+00:00,1508.0
2026-09-15 04:00:00+00:00,1500.9
2026-09-15 04:05:00+00:00,1496.7
2026-09-15 04:10:00+00:00,1502.5
2026-09-15 04:15:00+00:00,1504.1
2026-09-15 04:20:00+00:00,1504.4
2026-09-15 04:25:00+00:00,1507.4
2026-09-15 04:30:00+00:00,1504.4
2026-09-15 04:35:00+00:00,1504.4
2026-09-15 04:40:00+00:00,1504.8
2026-09-15 04:45:00+00:00,1502.5
2026-09-15 04:50:00+00:00,1498.0
2026-09-15 04:55:00+00:00,1495.4
2026-09-15 05:00:00+00:00,1482.8
2026-09-15 05:05:00+00:00,1497.0
2026-09-15 05:10:00+00:00,1500.1
2026-09-15 05:15:00+00:00,1500.1
2026-09-15 05:20:00+00:00,1495.7
2026-09-15 05:25:00+00:00,1483.6
2026-09-15 05:30:00+00:00,1483.6
2026-09-15 05:35:00+00:00,1496.5
2026-09-15 05:40:00+00:00,1496.5
2026-09-15 05:45:00+00:00,1496.5
2026-09-15 05:50:00+00:00,1495.8
2026-09-15 05:55:00+00:00,1498.3
2026-09-15 06:00:00+00:00,1483.1
2026-09-15 06:05:00+00:00,1505.5
2026-09-15 06:10:00+00:00,1504.4
2026-09-15 06:15:00+00:00,1504.3
2026-09-15 06:20:00+00:00,1499.4
2026-09-15 06:25:00+00:00,1499.7
2026-09-15 06:30:00+00:00,1491.8
2026-09-15 06:35:00+00:00,1491.8
2026-09-15 06:40:00+00:00,1491.8
2026-09-15 06:45:00+00:00,1491.8
2026-09-15 06:50:00+00:00,1491.8
2026-09-15 06:55:00+00:00,1490.8
2026-09-15 07:00:00+00:00,1489.5
2026-09-15 07:05:00+00:00,1493.5
2026-09-15 07:10:00+00:00,1495.6
2026-09-15 07:15:00+00:00,1492.1
2026-09-15 07:20:00+00:00,1487.2
2026-09-15 07:25:00+00:00,1493.4
2026-09-15 07:30:00+00:00,1485.8
2026-09-15 07:35:00+00:00,1475.5
2026-09-15 07:40:00+00:00,1473.6
2026-09-15 07:45:00+00:00,1477.5
2026-09-15 07:50:00+00:00,1476.1
2026-09-15 07:55:00+00:00,1477.0
2026-09-15 08:00:00+00:00,1469.2
2026-09-15 08:05:00+00:00,1470.6
2026-09-15 08:10:00+00:00,1473.2
2026-09-15 08:15:00+00:00,1465.7
2026-09-15 08:20:00+00:00,1473.4
2026-09-15 08:25:00+00:00,1473.4
2026-09-15 08:30:00+00:00,1469.1
2026-09-15 08:35:00+00:00,1457.5
2026-09-15 08:40:00+00:00,1430.6
2026-09-15 08:45:00+00:00,1432.7
2026-09-15 08:50:00+00:00,1425.1
2026-09-15 08:55:00+00:00,1425.1
2026-09-15 09:00:00+00:00,1424.3
2026-09-15 09:05:00+00:00,1431.7
2026-09-15 09:10:00+00:00,1430.7
2026-09-15 09:15:00+00:00,1428.0
2026-09-15 09:20:00+00:00,1423.6
2026-09-15 09:25:00+00:00,1428.2
2026-09-15 09:30:00+00:00,1430.8
2026-09-15 09:35:00+00:00,1440.8
2026-09-15 09:40:00+00:00,1440.8
2026-09-15 09:45:00+00:00,1452.4
2026-09-15 09:50:00+00:00,1456.8
2026-09-15 09:55:00+00:00,1468.3
2026-09-15 10:00:00+00:00,1469.2
2026-09-15 10:05:00+00:00,1435.0
2026-09-15 10:10:00+00:00,1410.4
2026-09-15 10:15:00+00:00,1398.3
2026-09-15 10:20:00+00:00,1402.0
2026-09-15 10:25:00+00:00,1410.2
2026-09-15 10:30:00+00:00,1403.9
2026-09-15 10:35:00+00:00,1405.1
2026-09-15 10:40:00+00:00,1405.9
2026-09-15 10:45:00+00:00,1401.5
2026-09-15 10:50:00+00:00,1407.6
2026-09-15 10:55:00+00:00,1407.8
2026-09-15 11:00:00+00:00,1418.0
2026-09-15 11:05:00+00:00,1364.1
2026-09-15 11:10:00+00:00,1362.9
2026-09-15 11:15:00+00:00,1362.6
2026-09-15 11:20:00+00:00,1361.3
2026-09-15 11:25:00+00:00,1361.9
2026-09-15 11:30:00+00:00,1363.6
2026-09-15 11:35:00+00:00,1383.0
2026-09-15 11:40:00+00:00,1393.0
2026-09-15 11:45:00+00:00,1406.5
2026-09-15 11:50:00+00:00,1436.9
2026-09-15 11:55:00+00:00,1435.8
2026-09-15 12:00:00+00:00,1412.6
2026-09-15 12:05:00+00:00,1445.9
2026-09-15 12:10:00+00:00,1424.6
2026-09-15 12:15:00+00:00,1424.5
2026-09-15 12:20:00+00:00,1424.4
2026-09-15 12:25:00+00:00,1430.1
2026-09-15 12:30:00+00:00,1434.2
2026-09-15 12:35:00+00:00,1434.4
2026-09-15 12:40:00+00:00,1434.3
2026-09-15 12:45:00+00:00,1433.2
2026-09-15 12:50:00+00:00,1431.4
2026-09-15 12:55:00+00:00,1417.3
2026-09-15 13:00:00+00:00,1411.2
2026-09-15 13:05:00+00:00,1413.9
2026-09-15 13:10:00+00:00,1405.3
2026-09-15 13:15:00+00:00,1403.2
2026-09-15 13:20:00+00:00,1395.4
2026-09-15 13:25:00+00:00,1395.4
2026-09-15 13:30:00+00:00,1393.0
2026-09-15 13:35:00+00:00,1387.1
2026-09-15 13:40:00+00:00,1388.0
2026-09-15 13:45:00+00:00,1381.7
2026-09-15 13:50:00+00:00,1373.1
2026-09-15 13:55:00+00:00,1371.3
2026-09-15 14:00:00+00:00,1372.1
2026-09-15 14:05:00+00:00,1394.5
2026-09-15 14:10:00+00:00,1394.5
2026-09-15 14:15:00+00:00,1395.9
2026-09-15 14:20:00+00:00,1394.4
2026-09-15 14:25:00+00:00,1391.4
2026-09-15 14:30:00+00:00,1391.4
2026-09-15 14:35:00+00:00,1391.4
2026-09-15 14:40:00+00:00,1396.6
2026-09-15 14:45:00+00:00,1396.6
2026-09-15 14:50:00+00:00,1396.8
2026-09-15 14:55:00+00:00,1396.6
2026-09-15 15:00:00+00:00,1405.7
2026-09-15 15:05:00+00:00,1416.1
2026-09-15 15:10:00+00:00,1427.3
2026-09-15 15:15:00+00:00,1429.2
2026-09-15 15:20:00+00:00,1431.6
2026-09-15 15:25:00+00:00,1433.7
2026-09-15 15:30:00+00:00,1448.3
2026-09-15 15:35:00+00:00,1450.3
2026-09-15 15:40:00+00:00,1447.8
2026-09-15 15:45:00+00:00,1443.2
2026-09-15 15:50:00+00:00,1442.3
2026-09-15 15:55:00+00:00,1442.0
2026-09-15 16:00:00+00:00,1443.1
2026-09-15 16:05:00+00:00,1415.0
2026-09-15 16:10:00+00:00,1404.9
2026-09-15 16:15:00+00:00,1397.4
2026-09-15 16:20:00+00:00,1394.5
2026-09-15 16:25:00+00:00,1385.9
2026-09-15 16:30:00+00:00,1383.7
2026-09-15 16:35:00+00:00,1379.5
2026-09-15 16:40:00+00:00,1377.7
2026-09-15 16:45:00+00:00,1371.6
2026-09-15 16:50:00+00:00,1370.5
2026-09-15 16:55:00+00:00,1370.7
2026-09-15 17:00:00+00:00,1364.6
2026-09-15 17:05:00+00:00,1363.5
2026-09-15 17:10:00+00:00,1363.5
2026-09-15 17:15:00+00:00,1362.1
2026-09-15 17:20:00+00:00,1362.1
2026-09-15 17:25:00+00:00,1360.9
2026-09-15 17:30:00+00:00,1362.8
2026-09-15 17:35:00+00:00,1365.2
2026-09-15 17:40:00+00:00,1365.3
2026-09-15 17:45:00+00:00,1365.3
2026-09-15 17:50:00+00:00,1369.4
2026-09-15 17:55:00+00:00,1369.4
2026-09-15 18:00:00+00:00,1372.8
2026-09-15 18:05:00+00:00,1388.7
2026-09-15 18:10:00+00:00,1389.0
2026-09-15 18:15:00+00:00,1388.5
2026-09-15 18:20:00+00:00,1388.5
2026-09-15 18:25:00+00:00,1388.5
2026-09-15 18:30:00+00:00,1388.9
2026-09-15 18:35:00+00:00,1388.8
2026-09-15 18:40:00+00:00,1388.8
2026-09-15 18:45:00+00:00,1388.8
2026-09-15 18:50:00+00:00,1388.8
2026-09-15 18:55:00+00:00,1388.8
2026-09-15 19:00:00+00:00,1387.1
2026-09-15 19:05:00+00:00,1387.2
2026-09-15 19:10:00+00:00,1387.2
2026-09-15 19:15:00+00:00,1387.2
2026-09-15 19:20:00+00:00,1387.2
2026-09-15 19:25:00+00:00,1387.2
2026-09-15 19:30:00+00:00,1387.3
2026-09-15 19:35:00+00:00,1387.2
2026-09-15 19:40:00+00:00,1388.4
2026-09-15 19:45:00+00:00,1388.4
2026-09-15 19:50:00+00:00,1388.4
2026-09-15 19:55:00+00:00,1386.3
2026-09-15 20:00:00+00:00,1386.3
2026-09-15 20:05:00+00:00,1383.8
2026-09-15 20:10:00+00:00,1383.9
2026-09-15 20:15:00+00:00,1383.9
2026-09-15 20:20:00+00:00,1383.9
2026-09-15 20:25:00+00:00,1383.9
2026-09-15 20:30:00+00:00,1383.9
2026-09-15 20:35:00+00:00,1383.9
2026-09-15 20:40:00+00:00,1383.9
2026-09-15 20:45:00+00:00,1383.9
2026-09-15 20:50:00+00:00,1383.9
2026-09-15 20:55:00+00:00,1383.9
2026-09-15 21:00:00+00:00,1383.9
2026-09-15 21:05:00+00:00,1366.6
2026-09-15 21:10:00+00:00,1366.6
2026-09-15 21:15:00+00:00,1366.6
2026-09-15 21:20:00+00:00,1366.6
2026-09-15 21:25:00+00:00,1366.6
2026-09-15 21:30:00+00:00,1366.6
2026-09-15 21:35:00+00:00,1366.6
2026-09-15 21:40:00+00:00,1366.6
2026-09-15 21:45:00+00:00,1366.6
2026-09-15 21:50:00+00:00,1366.6
2026-09-15 21:55:00+00:00,1366.6
2026-09-15 22:00:00+00:00,1366.6
2026-09-15 22:05:00+00:00,1366.6
2026-09-15 22:10:00+00:00,1366.6
2026-09-15 22:15:00+00:00,1366.6
2026-09-15 22:20:00+00:00,1366.6
2026-09-15 22:25:00+00:00,1366.6
2026-09-15 22:30:00+00:00,1366.6
2026-09-15 22:35:00+00:00,1366.6
2026-09-15 22:40:00+00:00,1366.6
2026-09-15 22:45:00+00:00,1366.6
2026-09-15 22:50:00+00:00,1366.6
2026-09-15 22:55:00+00:00,1369.0
2026-09-15 23:00:00+00:00,1370.0
2026-09-15 23:05:00+00:00,1356.6
2026-09-15 23:10:00+00:00,1356.6
2026-09-15 23:15:00+00:00,1356.6
2026-09-15 23:20:00+00:00,1356.6
2026-09-15 23:25:00+00:00,1356.6
2026-09-15 23:30:00+00:00,1360.3
2026-09-15 23:35:00+00:00,1360.3
2026-09-15 23:40:00+00:00,1360.3
2026-09-15 23:45:00+00:00,1360.3
2026-09-15 23:50:00+00:00,1360.3
2026-09-15 23:55:00+00:00,1360.3
2026-09-16 00:00:00+00:00,1383.8
2026-09-16 00:05:00+00:00,1383.8
2026-09-16 00:10:00+00:00,1383.8
2026-09-16 00:15:00+00:00,1383.8
2026-09-16 00:20:00+00:00,1383.9
2026-09-16 00:25:00+00:00,1383.9
2026-09-16 00:30:00+00:00,1383.9
2026-09-16 00:35:00+00:00,1384.1
2026-09-16 00:40:00+00:00,1384.1
2026-09-16 00:45:00+00:00,1384.0
2026-09-16 00:50:00+00:00,1384.0
2026-09-16 00:55:00+00:00,1384.2
2026-09-16 01:00:00+00:00,1385.8
2026-09-16 01:05:00+00:00,1384.6
2026-09-16 01:10:00+00:00,1384.6
2026-09-16 01:15:00+00:00,1384.6
2026-09-16 01:20:00+00:00,1384.6
2026-09-16 01:25:00+00:00,1384.6
2026-09-16 01:30:00+00:00,1382.0
2026-09-16 01:35:00+00:00,1383.7
2026-09-16 01:40:00+00:00,1383.7
2026-09-16 01:45:00+00:00,1385.2
2026-09-16 01:50:00+00:00,1386.0
2026-09-16 01:55:00+00:00,1392.4
2026-09-16 02:00:00+00:00,1406.1
2026-09-16 02:05:00+00:00,1401.4
2026-09-16 02:10:00+00:00,1402.3
2026-09-16 02:15:00+00:00,1409.0
2026-09-16 02:20:00+00:00,1420.8
2026-09-16 02:25:00+00:00,1418.4
2026-09-16 02:30:00+00:00,1416.2
2026-09-16 02:35:00+00:00,1422.5
2026-09-16 02:40:00+00:00,1436.8
2026-09-16 02:45:00+00:00,1422.6
2026-09-16 02:50:00+00:00,1431.8
2026-09-16 02:55:00+00:00,1436.9
2026-09-16 03:00:00+00:00,1429.5
2026-09-16 03:05:00+00:00,1419.4
2026-09-16 03:10:00+00:00,1417.7
2026-09-16 03:15:00+00:00,1420.3
2026-09-16 03:20:00+00:00,1424.7
2026-09-16 03:25:00+00:00,1440.5
2026-09-16 03:30:00+00:00,1440.5
2026-09-16 03:35:00+00:00,1440.4
2026-09-16 03:40:00+00:00,1440.5
2026-09-16 03:45:00+00:00,1444.8
2026-09-16 03:50:00+00:00,1443.1
2026-09-16 03:55:00+00:00,1443.2
2026-09-16 04:00:00+00:00,1470.2
2026-09-16 04:05:00+00:00,1437.5
2026-09-16 04:10:00+00:00,1428.3
2026-09-16 04:15:00+00:00,1435.1
2026-09-16 04:20:00+00:00,1443.5
2026-09-16 04:25:00+00:00,1436.1
2026-09-16 04:30:00+00:00,1433.0
2026-09-16 04:35:00+00:00,1423.0
2026-09-16 04:40:00+00:00,1420.1
2026-09-16 04:45:00+00:00,1420.2
2026-09-16 04:50:00+00:00,1433.7
2026-09-16 04:55:00+00:00,1429.5
2026-09-16 05:00:00+00:00,1428.8
2026-09-16 05:05:00+00:00,1432.0
2026-09-16 05:10:00+00:00,1438.6
2026-09-16 05:15:00+00:00,1442.5
2026-09-16 05:20:00+00:00,1443.6
2026-09-16 05:25:00+00:00,1425.4
2026-09-16 05:30:00+00:00,1432.5
2026-09-16 05:35:00+00:00,1482.7
2026-09-16 05:40:00+00:00,1494.4
2026-09-16 05:45:00+00:00,1496.8
2026-09-16 05:50:00+00:00,1497.9
2026-09-16 05:55:00+00:00,1500.3
2026-09-16 06:00:00+00:00,1494.2
2026-09-16 06:05:00+00:00,1509.0
2026-09-16 06:10:00+00:00,1510.8
2026-09-16 06:15:00+00:00,1512.2
2026-09-16 06:20:00+00:00,1509.7
2026-09-16 06:25:00+00:00,1508.7
2026-09-16 06:30:00+00:00,1501.1
2026-09-16 06:35:00+00:00,1499.9
2026-09-16 06:40:00+00:00,1497.9
2026-09-16 06:45:00+00:00,1497.2
2026-09-16 06:50:00+00:00,1496.1
2026-09-16 06:55:00+00:00,1483.6
2026-09-16 07:00:00+00:00,1489.7
2026-09-16 07:05:00+00:00,1485.3
2026-09-16 07:10:00+00:00,1485.3
2026-09-16 07:15:00+00:00,1488.6
2026-09-16 07:20:00+00:00,1488.4
2026-09-16 07:25:00+00:00,1488.4
2026-09-16 07:30:00+00:00,1495.7
2026-09-16 07:35:00+00:00,1496.4
2026-09-16 07:40:00+00:00,1496.4
2026-09-16 07:45:00+00:00,1498.8
2026-09-16 07:50:00+00:00,1500.6
2026-09-16 07:55:00+00:00,1502.9
2026-09-16 08:00:00+00:00,1484.1
2026-09-16 08:05:00+00:00,1481.8
2026-09-16 08:10:00+00:00,1481.8
2026-09-16 08:15:00+00:00,1478.6
2026-09-16 08:20:00+00:00,1482.0
2026-09-16 08:25:00+00:00,1482.5
2026-09-16 08:30:00+00:00,1482.5
2026-09-16 08:35:00+00:00,1482.5
2026-09-16 08:40:00+00:00,1472.6
2026-09-16 08:45:00+00:00,1472.6
2026-09-16 08:50:00+00:00,1472.6
2026-09-16 08:55:00+00:00,1472.6
2026-09-16 09:00:00+00:00,1469.9
2026-09-16 09:05:00+00:00,1482.0
2026-09-16 09:10:00+00:00,1484.9
2026-09-16 09:15:00+00:00,1472.7
2026-09-16 09:20:00+00:00,1463.7
2026-09-16 09:25:00+00:00,1453.0
2026-09-16 09:30:00+00:00,1450.7
2026-09-16 09:35:00+00:00,1448.4
2026-09-16 09:40:00+00:00,1448.4
2026-09-16 09:45:00+00:00,1448.4
2026-09-16 09:50:00+00:00,1448.2
2026-09-16 09:55:00+00:00,1444.7
2026-09-16 10:00:00+00:00,1416.9
2026-09-16 10:05:00+00:00,1411.1
2026-09-16 10:10:00+00:00,1429.2
2026-09-16 10:15:00+00:00,1426.3
2026-09-16 10:20:00+00:00,1426.3
2026-09-16 10:25:00+00:00,1427.5
2026-09-16 10:30:00+00:00,1427.3
2026-09-16 10:35:00+00:00,1426.6
2026-09-16 10:40:00+00:00,1415.9
2026-09-16 10:45:00+00:00,1415.9
2026-09-16 10:50:00+00:00,1412.3
2026-09-16 10:55:00+00:00,1433.4
2026-09-16 11:00:00+00:00,1428.7
2026-09-16 11:05:00+00:00,1390.1
2026-09-16 11:10:00+00:00,1390.2
2026-09-16 11:15:00+00:00,1381.6
2026-09-16 11:20:00+00:00,1379.0
2026-09-16 11:25:00+00:00,1383.2
2026-09-16 11:30:00+00:00,1383.2
2026-09-16 11:35:00+00:00,1383.2
2026-09-16 11:40:00+00:00,1382.7
2026-09-16 11:45:00+00:00,1384.9
2026-09-16 11:50:00+00:00,1387.9
2026-09-16 11:55:00+00:00,1389.4
2026-09-16 12:00:00+00:00,1391.4
2026-09-16 12:05:00+00:00,1391.9
2026-09-16 12:10:00+00:00,1385.0
2026-09-16 12:15:00+00:00,1385.1
2026-09-16 12:20:00+00:00,1383.5
2026-09-16 12:25:00+00:00,1373.5
2026-09-16 12:30:00+00:00,1373.4
2026-09-16 12:35:00+00:00,1374.2
2026-09-16 12:40:00+00:00,1378.1
2026-09-16 12:45:00+00:00,1374.2
2026-09-16 12:50:00+00:00,1373.5
2026-09-16 12:55:00+00:00,1374.3
2026-09-16 13:00:00+00:00,1371.7
2026-09-16 13:05:00+00:00,1376.4
2026-09-16 13:10:00+00:00,1377.5
2026-09-16 13:15:00+00:00,1375.3
2026-09-16 13:20:00+00:00,1374.7
2026-09-16 13:25:00+00:00,1378.0
2026-09-16 13:30:00+00:00,1378.0
2026-09-16 13:35:00+00:00,1368.7
2026-09-16 13:40:00+00:00,1371.7
2026-09-16 13:45:00+00:00,1370.8
2026-09-16 13:50:00+00:00,1369.2
2026-09-16 13:55:00+00:00,1369.7
2026-09-16 14:00:00+00:00,1371.2
2026-09-16 14:05:00+00:00,1403.3
2026-09-16 14:10:00+00:00,1403.3
2026-09-16 14:15:00+00:00,1403.3
2026-09-16 14:20:00+00:00,1401.2
2026-09-16 14:25:00+00:00,1401.3
2026-09-16 14:30:00+00:00,1401.9
2026-09-16 14:35:00+00:00,1403.2
2026-09-16 14:40:00+00:00,1403.2
2026-09-16 14:45:00+00:00,1403.2
2026-09-16 14:50:00+00:00,1400.3
2026-09-16 14:55:00+00:00,1400.3
2026-09-16 15:00:00+00:00,1409.4
2026-09-16 15:05:00+00:00,1413.4
2026-09-16 15:10:00+00:00,1438.1
2026-09-16 15:15:00+00:00,1437.4
2026-09-16 15:20:00+00:00,1437.4
2026-09-16 15:25:00+00:00,1439.2
2026-09-16 15:30:00+00:00,1443.0
2026-09-16 15:35:00+00:00,1444.1
2026-09-16 15:40:00+00:00,1440.7
2026-09-16 15:45:00+00:00,1447.0
2026-09-16 15:50:00+00:00,1448.5
2026-09-16 15:55:00+00:00,1446.7
2026-09-16 16:00:00+00:00,1445.0
2026-09-16 16:05:00+00:00,1446.5
2026-09-16 16:10:00+00:00,1446.2
2026-09-16 16:15:00+00:00,1445.8
2026-09-16 16:20:00+00:00,1446.3
2026-09-16 16:25:00+00:00,1446.2
2026-09-16 16:30:00+00:00,1440.8
2026-09-16 16:35:00+00:00,1424.6
2026-09-16 16:40:00+00:00,1415.2
2026-09-16 16:45:00+00:00,1401.1
2026-09-16 16:50:00+00:00,1396.1
2026-09-16 16:55:00+00:00,1396.0
2026-09-16 17:00:00+00:00,1393.2
2026-09-16 17:05:00+00:00,1389.8
2026-09-16 17:10:00+00:00,1386.9
2026-09-16 17:15:00+00:00,1382.6
2026-09-16 17:20:00+00:00,1385.2
2026-09-16 17:25:00+00:00,1383.3
2026-09-16 17:30:00+00:00,1383.4
2026-09-16 17:35:00+00:00,1391.0
2026-09-16 17:40:00+00:00,1391.0
2026-09-16 17:45:00+00:00,1382.3
2026-09-16 17:50:00+00:00,1382.3
2026-09-16 17:55:00+00:00,1377.1
2026-09-16 18:00:00+00:00,1372.3
2026-09-16 18:05:00+00:00,1388.8
2026-09-16 18:10:00+00:00,1390.4
2026-09-16 18:15:00+00:00,1390.4
2026-09-16 18:20:00+00:00,1390.4
2026-09-16 18:25:00+00:00,1390.2
2026-09-16 18:30:00+00:00,1389.7
2026-09-16 18:35:00+00:00,1389.7
2026-09-16 18:40:00+00:00,1386.4
2026-09-16 18:45:00+00:00,1389.7
2026-09-16 18:50:00+00:00,1386.0
2026-09-16 18:55:00+00:00,1392.4
2026-09-16 19:00:00+00:00,1389.7
2026-09-16 19:05:00+00:00,1390.3
2026-09-16 19:10:00+00:00,1390.3
2026-09-16 19:15:00+00:00,1390.3
2026-09-16 19:20:00+00:00,1386.0
2026-09-16 19:25:00+00:00,1384.7
2026-09-16 19:30:00+00:00,1385.3
2026-09-16 19:35:00+00:00,1385.3
2026-09-16 19:40:00+00:00,1387.3
2026-09-16 19:45:00+00:00,1387.3
2026-09-16 19:50:00+00:00,1388.4
2026-09-16 19:55:00+00:00,1388.3
2026-09-16 20:00:00+00:00,1387.2
2026-09-16 20:05:00+00:00,1386.0
2026-09-16 20:10:00+00:00,1383.7
2026-09-16 20:15:00+00:00,1383.7
2026-09-16 20:20:00+00:00,1386.0
2026-09-16 20:25:00+00:00,1386.0
2026-09-16 20:30:00+00:00,1386.0
2026-09-16 20:35:00+00:00,1386.0
2026-09-16 20:40:00+00:00,1383.7
2026-09-16 20:45:00+00:00,1383.7
2026-09-16 20:50:00+00:00,1383.7
2026-09-16 20:55:00+00:00,1386.0
2026-09-16 21:00:00+00:00,1384.8
2026-09-16 21:05:00+00:00,1366.6
2026-09-16 21:10:00+00:00,1366.6
2026-09-16 21:15:00+00:00,1369.0
2026-09-16 21:20:00+00:00,1369.0
2026-09-16 21:25:00+00:00,1369.0
2026-09-16 21:30:00+00:00,1369.0
2026-09-16 21:35:00+00:00,1366.5
2026-09-16 21:40:00+00:00,1369.0
2026-09-16 21:45:00+00:00,1369.0
2026-09-16 21:50:00+00:00,1369.0
2026-09-16 21:55:00+00:00,1369.0
2026-09-16 22:00:00+00:00,1370.0
2026-09-16 22:05:00+00:00,1367.9
2026-09-16 22:10:00+00:00,1367.9
2026-09-16 22:15:00+00:00,1367.9
2026-09-16 22:20:00+00:00,1367.9
2026-09-16 22:25:00+00:00,1367.9
2026-09-16 22:30:00+00:00,1367.9
2026-09-16 22:35:00+00:00,1367.9
2026-09-16 22:40:00+00:00,1367.9
2026-09-16 22:45:00+00:00,1367.9
2026-09-16 22:50:00+00:00,1367.9
2026-09-16 22:55:00+00:00,1367.9
2026-09-16 23:00:00+00:00,1325.4
2026-09-16 23:05:00+00:00,1360.2
2026-09-16 23:10:00+00:00,1360.0
2026-09-16 23:15:00+00:00,1360.0
2026-09-16 23:20:00+00:00,1360.0
2026-09-16 23:25:00+00:00,1360.0
2026-09-16 23:30:00+00:00,1360.0
2026-09-16 23:35:00+00:00,1360.0
2026-09-16 23:40:00+00:00,1360.0
2026-09-16 23:45:00+00:00,1360.0
2026-09-16 23:50:00+00:00,1360.0
2026-09-16 23:55:00+00:00,1360.0
2026-09-17 00:00:00+00:00,1384.1
2026-09-17 00:05:00+00:00,1383.6
2026-09-17 00:10:00+00:00,1383.6
2026-09-17 00:15:00+00:00,1386.6
2026-09-17 00:20:00+00:00,1386.6
2026-09-17 00:25:00+00:00,1386.6
2026-09-17 00:30:00+00:00,1386.6
2026-09-17 00:35:00+00:00,1386.6
2026-09-17 00:40:00+00:00,1383.6
2026-09-17 00:45:00+00:00,1384.1
2026-09-17 00:50:00+00:00,1384.1
2026-09-17 00:55:00+00:00,1384.0
2026-09-17 01:00:00+00:00,1388.7
2026-09-17 01:05:00+00:00,1383.9
2026-09-17 01:10:00+00:00,1383.9
2026-09-17 01:15:00+00:00,1383.9
2026-09-17 01:20:00+00:00,1385.2
2026-09-17 01:25:00+00:00,1385.4
2026-09-17 01:30:00+00:00,1384.8
2026-09-17 01:35:00+00:00,1384.4
2026-09-17 01:40:00+00:00,1387.4
2026-09-17 01:45:00+00:00,1392.6
2026-09-17 01:50:00+00:00,1392.4
2026-09-17 01:55:00+00:00,1392.4
2026-09-17 02:00:00+00:00,1405.2
2026-09-17 02:05:00+00:00,1403.0
2026-09-17 02:10:00+00:00,1404.2
2026-09-17 02:15:00+00:00,1407.7
2026-09-17 02:20:00+00:00,1414.3
2026-09-17 02:25:00+00:00,1422.9
2026-09-17 02:30:00+00:00,1424.6
2026-09-17 02:35:00+00:00,1425.2
2026-09-17 02:40:00+00:00,1428.0
2026-09-17 02:45:00+00:00,1432.1
2026-09-17 02:50:00+00:00,1427.9
2026-09-17 02:55:00+00:00,1432.7
2026-09-17 03:00:00+00:00,1442.8
2026-09-17 03:05:00+00:00,1428.0
2026-09-17 03:10:00+00:00,1424.7
2026-09-17 03:15:00+00:00,1430.6
2026-09-17 03:20:00+00:00,1430.4
2026-09-17 03:25:00+00:00,1430.5
2026-09-17 03:30:00+00:00,1429.6
2026-09-17 03:35:00+00:00,1429.6
2026-09-17 03:40:00+00:00,1435.2
2026-09-17 03:45:00+00:00,1436.8
2026-09-17 03:50:00+00:00,1430.4
2026-09-17 03:55:00+00:00,1430.8
2026-09-17 04:00:00+00:00,1450.3
2026-09-17 04:05:00+00:00,1430.1
2026-09-17 04:10:00+00:00,1435.7
2026-09-17 04:15:00+00:00,1443.5
2026-09-17 04:20:00+00:00,1443.5
2026-09-17 04:25:00+00:00,1444.0
2026-09-17 04:30:00+00:00,1455.7
2026-09-17 04:35:00+00:00,1439.4
2026-09-17 04:40:00+00:00,1439.4
2026-09-17 04:45:00+00:00,1440.1
2026-09-17 04:50:00+00:00,1437.3
2026-09-17 04:55:00+00:00,1437.0
2026-09-17 05:00:00+00:00,1429.1
2026-09-17 05:05:00+00:00,1423.3
2026-09-17 05:10:00+00:00,1423.3
2026-09-17 05:15:00+00:00,1423.3
2026-09-17 05:20:00+00:00,1423.3
2026-09-17 05:25:00+00:00,1423.3
2026-09-17 05:30:00+00:00,1424.8
2026-09-17 05:35:00+00:00,1425.6
2026-09-17 05:40:00+00:00,1427.6
2026-09-17 05:45:00+00:00,1429.6
2026-09-17 05:50:00+00:00,1429.3
2026-09-17 05:55:00+00:00,1432.2
2026-09-17 06:00:00+00:00,1413.0
2026-09-17 06:05:00+00:00,1432.8
2026-09-17 06:10:00+00:00,1438.1
2026-09-17 06:15:00+00:00,1440.0
2026-09-17 06:20:00+00:00,1439.3
2026-09-17 06:25:00+00:00,1446.4
2026-09-17 06:30:00+00:00,1446.9
2026-09-17 06:35:00+00:00,1442.2
2026-09-17 06:40:00+00:00,1440.9
2026-09-17 06:45:00+00:00,1443.5
2026-09-17 06:50:00+00:00,1444.9
2026-09-17 06:55:00+00:00,1439.2
2026-09-17 07:00:00+00:00,1431.3
2026-09-17 07:05:00+00:00,1437.2
2026-09-17 07:10:00+00:00,1431.8
2026-09-17 07:15:00+00:00,1419.9
2026-09-17 07:20:00+00:00,1419.9
2026-09-17 07:25:00+00:00,1428.2
2026-09-17 07:30:00+00:00,1419.9
2026-09-17 07:35:00+00:00,1419.9
2026-09-17 07:40:00+00:00,1425.2
2026-09-17 07:45:00+00:00,1425.2
2026-09-17 07:50:00+00:00,1427.7
2026-09-17 07:55:00+00:00,1423.8
2026-09-17 08:00:00+00:00,1432.8
2026-09-17 08:05:00+00:00,1418.2
2026-09-17 08:10:00+00:00,1417.7
2026-09-17 08:15:00+00:00,1417.7
2026-09-17 08:20:00+00:00,1418.2
2026-09-17 08:25:00+00:00,1418.2
2026-09-17 08:30:00+00:00,1417.8
2026-09-17 08:35:00+00:00,1417.2
2026-09-17 08:40:00+00:00,1416.7
2026-09-17 08:45:00+00:00,1418.2
2026-09-17 08:50:00+00:00,1417.8
2026-09-17 08:55:00+00:00,1417.7
2026-09-17 09:00:00+00:00,1420.6
2026-09-17 09:05:00+00:00,1415.9
2026-09-17 09:10:00+00:00,1413.7
2026-09-17 09:15:00+00:00,1412.6
2026-09-17 09:20:00+00:00,1407.9
2026-09-17 09:25:00+00:00,1406.5
2026-09-17 09:30:00+00:00,1407.2
2026-09-17 09:35:00+00:00,1418.2
2026-09-17 09:40:00+00:00,1414.4
2026-09-17 09:45:00+00:00,1413.3
2026-09-17 09:50:00+00:00,1421.9
2026-09-17 09:55:00+00:00,1423.0
2026-09-17 10:00:00+00:00,1423.9
2026-09-17 10:05:00+00:00,1416.8
2026-09-17 10:10:00+00:00,1413.2
2026-09-17 10:15:00+00:00,1427.2
2026-09-17 10:20:00+00:00,1412.7
2026-09-17 10:25:00+00:00,1426.0
2026-09-17 10:30:00+00:00,1424.5
2026-09-17 10:35:00+00:00,1421.0
2026-09-17 10:40:00+00:00,1418.2
2026-09-17 10:45:00+00:00,1418.2
2026-09-17 10:50:00+00:00,1416.4
2026-09-17 10:55:00+00:00,1416.4
2026-09-17 11:00:00+00:00,1425.9
2026-09-17 11:05:00+00:00,1362.1
2026-09-17 11:10:00+00:00,1363.5
2026-09-17 11:15:00+00:00,1362.1
2026-09-17 11:20:00+00:00,1362.1
2026-09-17 11:25:00+00:00,1378.5
2026-09-17 11:30:00+00:00,1378.7
2026-09-17 11:35:00+00:00,1376.5
2026-09-17 11:40:00+00:00,1373.8
2026-09-17 11:45:00+00:00,1373.1
2026-09-17 11:50:00+00:00,1373.1
2026-09-17 11:55:00+00:00,1373.1
2026-09-17 12:00:00+00:00,1378.0
2026-09-17 12:05:00+00:00,1382.5
2026-09-17 12:10:00+00:00,1379.6
2026-09-17 12:15:00+00:00,1379.7
2026-09-17 12:20:00+00:00,1371.6
2026-09-17 12:25:00+00:00,1367.4
2026-09-17 12:30:00+00:00,1364.9
2026-09-17 12:35:00+00:00,1367.3
2026-09-17 12:40:00+00:00,1364.9
2026-09-17 12:45:00+00:00,1364.9
2026-09-17 12:50:00+00:00,1365.0
2026-09-17 12:55:00+00:00,1365.0
2026-09-17 13:00:00+00:00,1364.7
2026-09-17 13:05:00+00:00,1366.2
2026-09-17 13:10:00+00:00,1366.2
2026-09-17 13:15:00+00:00,1369.2
2026-09-17 13:20:00+00:00,1362.0
2026-09-17 13:25:00+00:00,1366.9
2026-09-17 13:30:00+00:00,1368.7
2026-09-17 13:35:00+00:00,1375.9
2026-09-17 13:40:00+00:00,1389.5
2026-09-17 13:45:00+00:00,1387.5
2026-09-17 13:50:00+00:00,1391.2
2026-09-17 13:55:00+00:00,1403.7
2026-09-17 14:00:00+00:00,1400.0
2026-09-17 14:05:00+00:00,1425.8
2026-09-17 14:10:00+00:00,1421.9
2026-09-17 14:15:00+00:00,1403.0
2026-09-17 14:20:00+00:00,1408.2
2026-09-17 14:25:00+00:00,1404.2
2026-09-17 14:30:00+00:00,1402.2
2026-09-17 14:35:00+00:00,1401.4
2026-09-17 14:40:00+00:00,1396.3
2026-09-17 14:45:00+00:00,1390.5
2026-09-17 14:50:00+00:00,1394.7
2026-09-17 14:55:00+00:00,1389.5
2026-09-17 15:00:00+00:00,1388.1
2026-09-17 15:05:00+00:00,1387.4
2026-09-17 15:10:00+00:00,1386.6
2026-09-17 15:15:00+00:00,1392.4
2026-09-17 15:20:00+00:00,1390.9
2026-09-17 15:25:00+00:00,1388.1
2026-09-17 15:30:00+00:00,1386.0
2026-09-17 15:35:00+00:00,1386.0
2026-09-17 15:40:00+00:00,1386.0
2026-09-17 15:45:00+00:00,1383.4
2026-09-17 15:50:00+00:00,1381.3
2026-09-17 15:55:00+00:00,1382.9
2026-09-17 16:00:00+00:00,1384.8
2026-09-17 16:05:00+00:00,1377.4
2026-09-17 16:10:00+00:00,1377.4
2026-09-17 16:15:00+00:00,1377.5
2026-09-17 16:20:00+00:00,1377.5
2026-09-17 16:25:00+00:00,1377.5
2026-09-17 16:30:00+00:00,1374.4
2026-09-17 16:35:00+00:00,1372.8
2026-09-17 16:40:00+00:00,1372.8
2026-09-17 16:45:00+00:00,1372.8
2026-09-17 16:50:00+00:00,1371.7
2026-09-17 16:55:00+00:00,1370.1
2026-09-17 17:00:00+00:00,1373.2
2026-09-17 17:05:00+00:00,1363.6
2026-09-17 17:10:00+00:00,1364.1
2026-09-17 17:15:00+00:00,1364.2
2026-09-17 17:20:00+00:00,1364.0
2026-09-17 17:25:00+00:00,1369.5
2026-09-17 17:30:00+00:00,1366.6
2026-09-17 17:35:00+00:00,1369.4
2026-09-17 17:40:00+00:00,1369.0
2026-09-17 17:45:00+00:00,1369.0
2026-09-17 17:50:00+00:00,1369.1
2026-09-17 17:55:00+00:00,1369.1
2026-09-17 18:00:00+00:00,1369.4
2026-09-17 18:05:00+00:00,1385.0
2026-09-17 18:10:00+00:00,1385.0
2026-09-17 18:15:00+00:00,1385.0
2026-09-17 18:20:00+00:00,1389.1
2026-09-17 18:25:00+00:00,1389.1
2026-09-17 18:30:00+00:00,1389.1
2026-09-17 18:35:00+00:00,1389.1
2026-09-17 18:40:00+00:00,1389.1
2026-09-17 18:45:00+00:00,1389.1
2026-09-17 18:50:00+00:00,1389.1
2026-09-17 18:55:00+00:00,1389.3
2026-09-17 19:00:00+00:00,1389.4
2026-09-17 19:05:00+00:00,1387.3
2026-09-17 19:10:00+00:00,1387.3
2026-09-17 19:15:00+00:00,1387.3
2026-09-17 19:20:00+00:00,1387.3
2026-09-17 19:25:00+00:00,1387.3
2026-09-17 19:30:00+00:00,1387.3
2026-09-17 19:35:00+00:00,1387.3
2026-09-17 19:40:00+00:00,1388.4
2026-09-17 19:45:00+00:00,1387.3
2026-09-17 19:50:00+00:00,1387.3
2026-09-17 19:55:00+00:00,1387.3
2026-09-17 20:00:00+00:00,1387.3
2026-09-17 20:05:00+00:00,1384.8
2026-09-17 20:10:00+00:00,1386.0
2026-09-17 20:15:00+00:00,1386.0
2026-09-17 20:20:00+00:00,1386.0
2026-09-17 20:25:00+00:00,1386.0
2026-09-17 20:30:00+00:00,1386.0
2026-09-17 20:35:00+00:00,1383.7
2026-09-17 20:40:00+00:00,1383.7
2026-09-17 20:45:00+00:00,1383.7
2026-09-17 20:50:00+00:00,1383.7
2026-09-17 20:55:00+00:00,1383.7
2026-09-17 21:00:00+00:00,1384.8
2026-09-17 21:05:00+00:00,1369.0
2026-09-17 21:10:00+00:00,1369.0
2026-09-17 21:15:00+00:00,1366.5
2026-09-17 21:20:00+00:00,1366.5
2026-09-17 21:25:00+00:00,1366.5
2026-09-17 21:30:00+00:00,1366.5
2026-09-17 21:35:00+00:00,1366.5
2026-09-17 21:40:00+00:00,1366.5
2026-09-17 21:45:00+00:00,1366.5
2026-09-17 21:50:00+00:00,1366.5
2026-09-17 21:55:00+00:00,1366.5
2026-09-17 22:00:00+00:00,1367.9
2026-09-17 22:05:00+00:00,1369.0
2026-09-17 22:10:00+00:00,1369.0
2026-09-17 22:15:00+00:00,1369.0
2026-09-17 22:20:00+00:00,1369.0
2026-09-17 22:25:00+00:00,1371.3
2026-09-17 22:30:00+00:00,1371.3
2026-09-17 22:35:00+00:00,1371.3
2026-09-17 22:40:00+00:00,1375.8
2026-09-17 22:45:00+00:00,1377.3
2026-09-17 22:50:00+00:00,1406.2
2026-09-17 22:55:00+00:00,1406.2
2026-09-17 23:00:00+00:00,1373.6
2026-09-17 23:05:00+00:00,1379.4
2026-09-17 23:10:00+00:00,1379.4
2026-09-17 23:15:00+00:00,1386.5
2026-09-17 23:20:00+00:00,1386.5
2026-09-17 23:25:00+00:00,1386.5
2026-09-17 23:30:00+00:00,1386.5
2026-09-17 23:35:00+00:00,1386.5
2026-09-17 23:40:00+00:00,1386.5
2026-09-17 23:45:00+00:00,1386.5
2026-09-17 23:50:00+00:00,1386.5
2026-09-17 23:55:00+00:00,1386.5
2026-09-18 00:00:00+00:00,1408.7
2026-09-18 00:05:00+00:00,1408.2
2026-09-18 00:10:00+00:00,1408.1
2026-09-18 00:15:00+00:00,1408.1
2026-09-18 00:20:00+00:00,1408.1
2026-09-18 00:25:00+00:00,1408.2
2026-09-18 00:30:00+00:00,1408.2
2026-09-18 00:35:00+00:00,1388.1
2026-09-18 00:40:00+00:00,1388.4
2026-09-18 00:45:00+00:00,1388.6
2026-09-18 00:50:00+00:00,1388.5
2026-09-18 00:55:00+00:00,1386.9
2026-09-18 01:00:00+00:00,1389.3
2026-09-18 01:05:00+00:00,1384.4
2026-09-18 01:10:00+00:00,1384.4
2026-09-18 01:15:00+00:00,1385.7
2026-09-18 01:20:00+00:00,1385.7
2026-09-18 01:25:00+00:00,1387.2
2026-09-18 01:30:00+00:00,1387.2
2026-09-18 01:35:00+00:00,1389.6
2026-09-18 01:40:00+00:00,1389.8
2026-09-18 01:45:00+00:00,1389.8
2026-09-18 01:50:00+00:00,1389.7
2026-09-18 01:55:00+00:00,1391.3
2026-09-18 02:00:00+00:00,1400.3
2026-09-18 02:05:00+00:00,1392.0
2026-09-18 02:10:00+00:00,1392.0
2026-09-18 02:15:00+00:00,1390.4
2026-09-18 02:20:00+00:00,1390.4
2026-09-18 02:25:00+00:00,1392.5
2026-09-18 02:30:00+00:00,1398.5
2026-09-18 02:35:00+00:00,1395.4
2026-09-18 02:40:00+00:00,1401.8
2026-09-18 02:45:00+00:00,1408.7
2026-09-18 02:50:00+00:00,1406.8
2026-09-18 02:55:00+00:00,1408.9
2026-09-18 03:00:00+00:00,1428.4
2026-09-18 03:05:00+00:00,1410.5
2026-09-18 03:10:00+00:00,1412.1
2026-09-18 03:15:00+00:00,1406.1
2026-09-18 03:20:00+00:00,1409.4
2026-09-18 03:25:00+00:00,1413.1
2026-09-18 03:30:00+00:00,1415.4
2026-09-18 03:35:00+00:00,1415.5
2026-09-18 03:40:00+00:00,1415.4
2026-09-18 03:45:00+00:00,1419.8
2026-09-18 03:50:00+00:00,1422.1
2026-09-18 03:55:00+00:00,1421.6
2026-09-18 04:00:00+00:00,1444.1
2026-09-18 04:05:00+00:00,1416.2
2026-09-18 04:10:00+00:00,1418.6
2026-09-18 04:15:00+00:00,1425.7
2026-09-18 04:20:00+00:00,1430.2
2026-09-18 04:25:00+00:00,1430.0
2026-09-18 04:30:00+00:00,1435.7
2026-09-18 04:35:00+00:00,1448.6
2026-09-18 04:40:00+00:00,1435.1
2026-09-18 04:45:00+00:00,1437.0
2026-09-18 04:50:00+00:00,1443.6
2026-09-18 04:55:00+00:00,1441.6
2026-09-18 05:00:00+00:00,1430.2
2026-09-18 05:05:00+00:00,1419.3
2026-09-18 05:10:00+00:00,1421.1
2026-09-18 05:15:00+00:00,1421.6
2026-09-18 05:20:00+00:00,1421.6
2026-09-18 05:25:00+00:00,1423.7
2026-09-18 05:30:00+00:00,1425.7
2026-09-18 05:35:00+00:00,1424.8
2026-09-18 05:40:00+00:00,1424.8
2026-09-18 05:45:00+00:00,1424.8
2026-09-18 05:50:00+00:00,1425.2
2026-09-18 05:55:00+00:00,1425.8
2026-09-18 06:00:00+00:00,1414.3
2026-09-18 06:05:00+00:00,1421.6
2026-09-18 06:10:00+00:00,1424.4
2026-09-18 06:15:00+00:00,1426.8
2026-09-18 06:20:00+00:00,1424.2
2026-09-18 06:25:00+00:00,1426.8
2026-09-18 06:30:00+00:00,1426.8
2026-09-18 06:35:00+00:00,1425.3
2026-09-18 06:40:00+00:00,1428.9
2026-09-18 06:45:00+00:00,1423.2
2026-09-18 06:50:00+00:00,1412.4
2026-09-18 06:55:00+00:00,1412.4
2026-09-18 07:00:00+00:00,1431.2
2026-09-18 07:05:00+00:00,1410.4
2026-09-18 07:10:00+00:00,1410.4
2026-09-18 07:15:00+00:00,1414.2
2026-09-18 07:20:00+00:00,1419.2
2026-09-18 07:25:00+00:00,1417.3
2026-09-18 07:30:00+00:00,1419.7
2026-09-18 07:35:00+00:00,1421.8
2026-09-18 07:40:00+00:00,1424.9
2026-09-18 07:45:00+00:00,1425.0
2026-09-18 07:50:00+00:00,1426.5
2026-09-18 07:55:00+00:00,1422.1
2026-09-18 08:00:00+00:00,1435.3
2026-09-18 08:05:00+00:00,1420.7
2026-09-18 08:10:00+00:00,1416.1
2026-09-18 08:15:00+00:00,1416.1
2026-09-18 08:20:00+00:00,1410.8
2026-09-18 08:25:00+00:00,1410.8
2026-09-18 08:30:00+00:00,1409.9
2026-09-18 08:35:00+00:00,1408.2
2026-09-18 08:40:00+00:00,1409.1
2026-09-18 08:45:00+00:00,1409.9
2026-09-18 08:50:00+00:00,1409.9
2026-09-18 08:55:00+00:00,1425.0
2026-09-18 09:00:00+00:00,1430.6
2026-09-18 09:05:00+00:00,1421.8
2026-09-18 09:10:00+00:00,1424.9
2026-09-18 09:15:00+00:00,1422.1
2026-09-18 09:20:00+00:00,1421.7
2026-09-18 09:25:00+00:00,1422.6
2026-09-18 09:30:00+00:00,1421.8
2026-09-18 09:35:00+00:00,1417.9
2026-09-18 09:40:00+00:00,1416.8
2026-09-18 09:45:00+00:00,1412.1
2026-09-18 09:50:00+00:00,1412.0
2026-09-18 09:55:00+00:00,1410.9
2026-09-18 10:00:00+00:00,1407.7
2026-09-18 10:05:00+00:00,1408.8
2026-09-18 10:10:00+00:00,1414.3
2026-09-18 10:15:00+00:00,1416.7
2026-09-18 10:20:00+00:00,1415.8
2026-09-18 10:25:00+00:00,1413.4
2026-09-18 10:30:00+00:00,1413.7
2026-09-18 10:35:00+00:00,1413.7
2026-09-18 10:40:00+00:00,1409.3
2026-09-18 10:45:00+00:00,1412.7
2026-09-18 10:50:00+00:00,1418.7
2026-09-18 10:55:00+00:00,1416.5
2026-09-18 11:00:00+00:00,1424.9
2026-09-18 11:05:00+00:00,1364.6
2026-09-18 11:10:00+00:00,1362.8
2026-09-18 11:15:00+00:00,1358.6
2026-09-18 11:20:00+00:00,1358.3
2026-09-18 11:25:00+00:00,1358.3
2026-09-18 11:30:00+00:00,1370.1
2026-09-18 11:35:00+00:00,1368.9
2026-09-18 11:40:00+00:00,1367.5
2026-09-18 11:45:00+00:00,1367.5
2026-09-18 11:50:00+00:00,1367.5
2026-09-18 11:55:00+00:00,1367.0
2026-09-18 12:00:00+00:00,1369.2
2026-09-18 12:05:00+00:00,1375.6
2026-09-18 12:10:00+00:00,1374.1
2026-09-18 12:15:00+00:00,1375.0
2026-09-18 12:20:00+00:00,1375.4
2026-09-18 12:25:00+00:00,0.0
2026-09-18 12:30:00+00:00,1375.0
2026-09-18 12:35:00+00:00,1368.1
2026-09-18 12:40:00+00:00,1385.5
2026-09-18 12:45:00+00:00,1388.7
2026-09-18 12:50:00+00:00,1390.6
2026-09-18 12:55:00+00:00,1390.2
2026-09-18 13:00:00+00:00,1392.2
2026-09-18 13:05:00+00:00,1397.9
2026-09-18 13:10:00+00:00,1398.2
2026-09-18 13:15:00+00:00,1398.8
2026-09-18 13:20:00+00:00,1399.2
2026-09-18 13:25:00+00:00,1411.2
2026-09-18 13:30:00+00:00,1408.7
2026-09-18 13:35:00+00:00,1408.2
2026-09-18 13:40:00+00:00,1411.5
2026-09-18 13:45:00+00:00,1408.6
2026-09-18 13:50:00+00:00,1409.3
2026-09-18 13:55:00+00:00,1416.1
2026-09-18 14:00:00+00:00,1416.9
2026-09-18 14:05:00+00:00,1449.7
2026-09-18 14:10:00+00:00,1438.1
2026-09-18 14:15:00+00:00,1428.8
2026-09-18 14:20:00+00:00,1428.4
2026-09-18 14:25:00+00:00,1425.8
2026-09-18 14:30:00+00:00,1413.0
2026-09-18 14:35:00+00:00,1406.9
2026-09-18 14:40:00+00:00,1402.4
2026-09-18 14:45:00+00:00,1399.7
2026-09-18 14:50:00+00:00,1399.0
2026-09-18 14:55:00+00:00,1403.5
2026-09-18 15:00:00+00:00,1402.9
2026-09-18 15:05:00+00:00,1398.7
2026-09-18 15:10:00+00:00,1408.1
2026-09-18 15:15:00+00:00,1413.7
2026-09-18 15:20:00+00:00,1422.8
2026-09-18 15:25:00+00:00,1428.2
2026-09-18 15:30:00+00:00,1438.9
2026-09-18 15:35:00+00:00,1433.6
2026-09-18 15:40:00+00:00,1425.8
2026-09-18 15:45:00+00:00,1419.0
2026-09-18 15:50:00+00:00,1420.5
2026-09-18 15:55:00+00:00,1418.5
2026-09-18 16:00:00+00:00,1422.6
2026-09-18 16:05:00+00:00,1409.0
2026-09-18 16:10:00+00:00,1405.2
2026-09-18 16:15:00+00:00,1405.5
2026-09-18 16:20:00+00:00,1405.0
2026-09-18 16:25:00+00:00,1397.6
2026-09-18 16:30:00+00:00,1397.6
2026-09-18 16:35:00+00:00,1396.5
2026-09-18 16:40:00+00:00,1397.5
2026-09-18 16:45:00+00:00,0.0
2026-09-18 16:50:00+00:00,1394.3
2026-09-18 16:55:00+00:00,1394.4
2026-09-18 17:00:00+00:00,1394.7
2026-09-18 17:05:00+00:00,1388.4
2026-09-18 17:10:00+00:00,1389.2
2026-09-18 17:15:00+00:00,1387.5
2026-09-18 17:20:00+00:00,1385.7
2026-09-18 17:25:00+00:00,1387.6
2026-09-18 17:30:00+00:00,1382.0
2026-09-18 17:35:00+00:00,1379.9
2026-09-18 17:40:00+00:00,1370.7
2026-09-18 17:45:00+00:00,1364.1
2026-09-18 17:50:00+00:00,0.0
2026-09-18 17:55:00+00:00,0.0
2026-09-18 18:00:00+00:00,1362.9
2026-09-18 18:05:00+00:00,0.0
2026-09-18 18:10:00+00:00,1378.6
2026-09-18 18:15:00+00:00,0.0
2026-09-18 18:20:00+00:00,1381.8
2026-09-18 18:25:00+00:00,1384.4
2026-09-18 18:30:00+00:00,1378.2
2026-09-18 18:35:00+00:00,1382.4
2026-09-18 18:40:00+00:00,0.0
2026-09-18 18:45:00+00:00,1390.4
2026-09-18 18:50:00+00:00,0.0
2026-09-18 18:55:00+00:00,1385.8
2026-09-18 19:00:00+00:00,1382.2
2026-09-18 19:05:00+00:00,0.0
2026-09-18 19:10:00+00:00,0.0
2026-09-18 19:15:00+00:00,1386.5
2026-09-18 19:20:00+00:00,1386.5
2026-09-18 19:25:00+00:00,1386.5
2026-09-18 19:30:00+00:00,1386.5
2026-09-18 19:35:00+00:00,1386.5
2026-09-18 19:40:00+00:00,1386.5
2026-09-18 19:45:00+00:00,1386.5
2026-09-18 19:50:00+00:00,1386.5
2026-09-18 19:55:00+00:00,1386.5
2026-09-18 20:00:00+00:00,1386.5
2026-09-18 20:05:00+00:00,0.0
2026-09-18 20:10:00+00:00,0.0
2026-09-18 20:15:00+00:00,1385.6
2026-09-18 20:20:00+00:00,1387.4
2026-09-18 20:25:00+00:00,1386.2
2026-09-18 20:30:00+00:00,1386.2
2026-09-18 20:35:00+00:00,1386.2
2026-09-18 20:40:00+00:00,1386.2
2026-09-18 20:45:00+00:00,1386.2
2026-09-18 20:50:00+00:00,1385.1
2026-09-18 20:55:00+00:00,1385.1
2026-09-18 21:00:00+00:00,1341.1
2026-09-18 21:05:00+00:00,1370.7
2026-09-18 21:10:00+00:00,1372.5
2026-09-18 21:15:00+00:00,1370.7
2026-09-18 21:20:00+00:00,1370.7
2026-09-18 21:25:00+00:00,1370.1
2026-09-18 21:30:00+00:00,1349.3
2026-09-18 21:35:00+00:00,1349.3
2026-09-18 21:40:00+00:00,1349.3
2026-09-18 21:45:00+00:00,1349.3
2026-09-18 21:50:00+00:00,1349.3
2026-09-18 21:55:00+00:00,1349.3
2026-09-18 22:00:00+00:00,1326.1
2026-09-18 22:05:00+00:00,1326.0
2026-09-18 22:10:00+00:00,1326.0
2026-09-18 22:15:00+00:00,1326.2
2026-09-18 22:20:00+00:00,1326.6
2026-09-18 22:25:00+00:00,1326.6
2026-09-18 22:30:00+00:00,1326.6
2026-09-18 22:35:00+00:00,1326.6
2026-09-18 22:40:00+00:00,1326.6
2026-09-18 22:45:00+00:00,1323.8
2026-09-18 22:50:00+00:00,0.0
2026-09-18 22:55:00+00:00,1326.0
2026-09-18 23:00:00+00:00,1335.2
2026-09-18 23:05:00+00:00,1360.4
2026-09-18 23:10:00+00:00,1360.4
2026-09-18 23:15:00+00:00,0.0
2026-09-18 23:20:00+00:00,0.0
2026-09-18 23:25:00+00:00,0.0
2026-09-18 23:30:00+00:00,1369.0
2026-09-18 23:35:00+00:00,1362.1
2026-09-18 23:40:00+00:00,1369.0
2026-09-18 23:45:00+00:00,1365.4
2026-09-18 23:50:00+00:00,1367.6
2026-09-18 23:55:00+00:00,1367.6
2026-09-19 00:00:00+00:00,1417.2
2026-09-19 00:05:00+00:00,1414.5
2026-09-19 00:10:00+00:00,1414.5
2026-09-19 00:15:00+00:00,1414.6
2026-09-19 00:20:00+00:00,1417.6
2026-09-19 00:25:00+00:00,1419.5
2026-09-19 00:30:00+00:00,1422.2
2026-09-19 00:35:00+00:00,1422.2
2026-09-19 00:40:00+00:00,1422.2
2026-09-19 00:45:00+00:00,1424.3
2026-09-19 00:50:00+00:00,1429.8
2026-09-19 00:55:00+00:00,1429.7
2026-09-19 01:00:00+00:00,1436.0
2026-09-19 01:05:00+00:00,1430.2
2026-09-19 01:10:00+00:00,1433.5
2026-09-19 01:15:00+00:00,1438.8
2026-09-19 01:20:00+00:00,1440.2
2026-09-19 01:25:00+00:00,1435.6
2026-09-19 01:30:00+00:00,1435.6
2026-09-19 01:35:00+00:00,1440.2
2026-09-19 01:40:00+00:00,1443.0
2026-09-19 01:45:00+00:00,1441.5
2026-09-19 01:50:00+00:00,1445.3
2026-09-19 01:55:00+00:00,1445.7
2026-09-19 02:00:00+00:00,1458.6
2026-09-19 02:05:00+00:00,1452.8
2026-09-19 02:10:00+00:00,1447.6
2026-09-19 02:15:00+00:00,1422.2
2026-09-19 02:20:00+00:00,1422.1
2026-09-19 02:25:00+00:00,1422.3
2026-09-19 02:30:00+00:00,1423.1
2026-09-19 02:35:00+00:00,1432.9
2026-09-19 02:40:00+00:00,1432.1
2026-09-19 02:45:00+00:00,1434.7
2026-09-19 02:50:00+00:00,1435.0
2026-09-19 02:55:00+00:00,1453.3
2026-09-19 03:00:00+00:00,1479.5
2026-09-19 03:05:00+00:00,1447.7
2026-09-19 03:10:00+00:00,1449.3
2026-09-19 03:15:00+00:00,1452.7
2026-09-19 03:20:00+00:00,1437.6
2026-09-19 03:25:00+00:00,1438.2
2026-09-19 03:30:00+00:00,1438.2
2026-09-19 03:35:00+00:00,1438.1
2026-09-19 03:40:00+00:00,1438.0
2026-09-19 03:45:00+00:00,1457.4
2026-09-19 03:50:00+00:00,1454.8
2026-09-19 03:55:00+00:00,1447.8
2026-09-19 04:00:00+00:00,1441.9
2026-09-19 04:05:00+00:00,1442.1
2026-09-19 04:10:00+00:00,1432.1
2026-09-19 04:15:00+00:00,1438.7
2026-09-19 04:20:00+00:00,1464.9
2026-09-19 04:25:00+00:00,1470.7
2026-09-19 04:30:00+00:00,1478.0
2026-09-19 04:35:00+00:00,1472.6
2026-09-19 04:40:00+00:00,1474.4
2026-09-19 04:45:00+00:00,1473.1
2026-09-19 04:50:00+00:00,1469.4
2026-09-19 04:55:00+00:00,1467.6
2026-09-19 05:00:00+00:00,1460.0
2026-09-19 05:05:00+00:00,1441.9
2026-09-19 05:10:00+00:00,1441.4
2026-09-19 05:15:00+00:00,1442.8
2026-09-19 05:20:00+00:00,1435.7
2026-09-19 05:25:00+00:00,1435.7
2026-09-19 05:30:00+00:00,1441.4
2026-09-19 05:35:00+00:00,1436.6
2026-09-19 05:40:00+00:00,1432.7
2026-09-19 05:45:00+00:00,1432.7
2026-09-19 05:50:00+00:00,1435.2
2026-09-19 05:55:00+00:00,1434.7
2026-09-19 06:00:00+00:00,1437.3
2026-09-19 06:05:00+00:00,1446.1
2026-09-19 06:10:00+00:00,1446.0
2026-09-19 06:15:00+00:00,1450.4
2026-09-19 06:20:00+00:00,1455.5
2026-09-19 06:25:00+00:00,1443.2
2026-09-19 06:30:00+00:00,1441.5
2026-09-19 06:35:00+00:00,1442.6
2026-09-19 06:40:00+00:00,1442.6
2026-09-19 06:45:00+00:00,1448.6
2026-09-19 06:50:00+00:00,1448.5
2026-09-19 06:55:00+00:00,1447.9
2026-09-19 07:00:00+00:00,1441.8
2026-09-19 07:05:00+00:00,1453.1
2026-09-19 07:10:00+00:00,1458.5
2026-09-19 07:15:00+00:00,1453.1
2026-09-19 07:20:00+00:00,1453.1
2026-09-19 07:25:00+00:00,1450.2
2026-09-19 07:30:00+00:00,1444.1
2026-09-19 07:35:00+00:00,1444.1
2026-09-19 07:40:00+00:00,1444.1
2026-09-19 07:45:00+00:00,1444.1
2026-09-19 07:50:00+00:00,1447.0
2026-09-19 07:55:00+00:00,1447.0
2026-09-19 08:00:00+00:00,1449.2
2026-09-19 08:05:00+00:00,1443.8
2026-09-19 08:10:00+00:00,1447.3
2026-09-19 08:15:00+00:00,1441.7
2026-09-19 08:20:00+00:00,1447.9
2026-09-19 08:25:00+00:00,1441.2
2026-09-19 08:30:00+00:00,1446.8
2026-09-19 08:35:00+00:00,1441.2
2026-09-19 08:40:00+00:00,1441.7
2026-09-19 08:45:00+00:00,1447.2
2026-09-19 08:50:00+00:00,1447.3
2026-09-19 08:55:00+00:00,1443.5
2026-09-19 09:00:00+00:00,1440.6
2026-09-19 09:05:00+00:00,1444.7
2026-09-19 09:10:00+00:00,1444.6
2026-09-19 09:15:00+00:00,1446.0
2026-09-19 09:20:00+00:00,1444.7
2026-09-19 09:25:00+00:00,1441.3
2026-09-19 09:30:00+00:00,1441.3
2026-09-19 09:35:00+00:00,1441.9
2026-09-19 09:40:00+00:00,1446.0
2026-09-19 09:45:00+00:00,1445.4
2026-09-19 09:50:00+00:00,1445.0
2026-09-19 09:55:00+00:00,1444.7
2026-09-19 10:00:00+00:00,1443.5
2026-09-19 10:05:00+00:00,1430.1
2026-09-19 10:10:00+00:00,1430.2
2026-09-19 10:15:00+00:00,1430.2
2026-09-19 10:20:00+00:00,1430.2
2026-09-19 10:25:00+00:00,1427.5
2026-09-19 10:30:00+00:00,1427.6
2026-09-19 10:35:00+00:00,1427.6
2026-09-19 10:40:00+00:00,1427.6
2026-09-19 10:45:00+00:00,1427.6
2026-09-19 10:50:00+00:00,1430.1
2026-09-19 10:55:00+00:00,1427.6
2026-09-19 11:00:00+00:00,1424.7
2026-09-19 11:05:00+00:00,1396.2
2026-09-19 11:10:00+00:00,1395.5
2026-09-19 11:15:00+00:00,1395.5
2026-09-19 11:20:00+00:00,1398.2
2026-09-19 11:25:00+00:00,1396.8
2026-09-19 11:30:00+00:00,1395.2
2026-09-19 11:35:00+00:00,1374.4
2026-09-19 11:40:00+00:00,1396.8
2026-09-19 11:45:00+00:00,1396.8
2026-09-19 11:50:00+00:00,1396.8
2026-09-19 11:55:00+00:00,1374.4
2026-09-19 12:00:00+00:00,1398.3
2026-09-19 12:05:00+00:00,1380.3
2026-09-19 12:10:00+00:00,1380.3
2026-09-19 12:15:00+00:00,1381.1
2026-09-19 12:20:00+00:00,1381.8
2026-09-19 12:25:00+00:00,1379.8
2026-09-19 12:30:00+00:00,1380.8
2026-09-19 12:35:00+00:00,1385.0
2026-09-19 12:40:00+00:00,1389.2
2026-09-19 12:45:00+00:00,1391.6
2026-09-19 12:50:00+00:00,1404.3
2026-09-19 12:55:00+00:00,1422.4
2026-09-19 13:00:00+00:00,1420.9
2026-09-19 13:05:00+00:00,1428.4
2026-09-19 13:10:00+00:00,1424.8
2026-09-19 13:15:00+00:00,1423.7
2026-09-19 13:20:00+00:00,1421.8
2026-09-19 13:25:00+00:00,1423.1
2026-09-19 13:30:00+00:00,1425.6
2026-09-19 13:35:00+00:00,1423.3
2026-09-19 13:40:00+00:00,1412.5
2026-09-19 13:45:00+00:00,1412.1
2026-09-19 13:50:00+00:00,1412.7
2026-09-19 13:55:00+00:00,1414.9
2026-09-19 14:00:00+00:00,1417.7
2026-09-19 14:05:00+00:00,1436.8
2026-09-19 14:10:00+00:00,1435.8
2026-09-19 14:15:00+00:00,1437.0
2026-09-19 14:20:00+00:00,1443.6
2026-09-19 14:25:00+00:00,1441.3
2026-09-19 14:30:00+00:00,1434.0
2026-09-19 14:35:00+00:00,1431.3
2026-09-19 14:40:00+00:00,1432.1
2026-09-19 14:45:00+00:00,1432.0
2026-09-19 14:50:00+00:00,1433.2
2026-09-19 14:55:00+00:00,1427.4
2026-09-19 15:00:00+00:00,1426.5
2026-09-19 15:05:00+00:00,1423.4
2026-09-19 15:10:00+00:00,1415.5
2026-09-19 15:15:00+00:00,1415.2
2026-09-19 15:20:00+00:00,1415.1
2026-09-19 15:25:00+00:00,1416.5
2026-09-19 15:30:00+00:00,1413.8
2026-09-19 15:35:00+00:00,1416.0
2026-09-19 15:40:00+00:00,1419.1
2026-09-19 15:45:00+00:00,1411.6
2026-09-19 15:50:00+00:00,1416.3
2026-09-19 15:55:00+00:00,1408.2
2026-09-19 16:00:00+00:00,1409.6
2026-09-19 16:05:00+00:00,1406.0
2026-09-19 16:10:00+00:00,1405.8
2026-09-19 16:15:00+00:00,1403.3
2026-09-19 16:20:00+00:00,1393.7
2026-09-19 16:25:00+00:00,1392.8
2026-09-19 16:30:00+00:00,1390.0
2026-09-19 16:35:00+00:00,1395.7
2026-09-19 16:40:00+00:00,1390.6
2026-09-19 16:45:00+00:00,1390.5
2026-09-19 16:50:00+00:00,1388.6
2026-09-19 16:55:00+00:00,1388.7
2026-09-19 17:00:00+00:00,1389.9
2026-09-19 17:05:00+00:00,1392.8
2026-09-19 17:10:00+00:00,1395.4
2026-09-19 17:15:00+00:00,1401.6
2026-09-19 17:20:00+00:00,1402.4
2026-09-19 17:25:00+00:00,1401.7
2026-09-19 17:30:00+00:00,1406.1
2026-09-19 17:35:00+00:00,1404.2
2026-09-19 17:40:00+00:00,1401.6
2026-09-19 17:45:00+00:00,1401.1
2026-09-19 17:50:00+00:00,1401.6
2026-09-19 17:55:00+00:00,1401.6
2026-09-19 18:00:00+00:00,1401.0
2026-09-19 18:05:00+00:00,1410.7
2026-09-19 18:10:00+00:00,1415.9
2026-09-19 18:15:00+00:00,1414.1
2026-09-19 18:20:00+00:00,1414.1
2026-09-19 18:25:00+00:00,1414.1
2026-09-19 18:30:00+00:00,1414.1
2026-09-19 18:35:00+00:00,1414.1
2026-09-19 18:40:00+00:00,1414.1
2026-09-19 18:45:00+00:00,1414.1
2026-09-19 18:50:00+00:00,1415.8
2026-09-19 18:55:00+00:00,1415.8
2026-09-19 19:00:00+00:00,1415.9
2026-09-19 19:05:00+00:00,1415.7
2026-09-19 19:10:00+00:00,1417.6
2026-09-19 19:15:00+00:00,1419.3
2026-09-19 19:20:00+00:00,1418.4
2026-09-19 19:25:00+00:00,1417.0
2026-09-19 19:30:00+00:00,1427.7
2026-09-19 19:35:00+00:00,1427.7
2026-09-19 19:40:00+00:00,1427.7
2026-09-19 19:45:00+00:00,1427.7
2026-09-19 19:50:00+00:00,1430.5
2026-09-19 19:55:00+00:00,1435.5
2026-09-19 20:00:00+00:00,1430.5
2026-09-19 20:05:00+00:00,1361.1
2026-09-19 20:10:00+00:00,1361.1
2026-09-19 20:15:00+00:00,1353.6
2026-09-19 20:20:00+00:00,1356.5
2026-09-19 20:25:00+00:00,1357.3
2026-09-19 20:30:00+00:00,1355.5
2026-09-19 20:35:00+00:00,1355.5
2026-09-19 20:40:00+00:00,1353.4
2026-09-19 20:45:00+00:00,1351.5
2026-09-19 20:50:00+00:00,1351.1
2026-09-19 20:55:00+00:00,1348.6
2026-09-19 21:00:00+00:00,1350.5
2026-09-19 21:05:00+00:00,1338.7
2026-09-19 21:10:00+00:00,1338.7
2026-09-19 21:15:00+00:00,1336.9
2026-09-19 21:20:00+00:00,1340.9
2026-09-19 21:25:00+00:00,1335.1
2026-09-19 21:30:00+00:00,1334.7
2026-09-19 21:35:00+00:00,1333.2
2026-09-19 21:40:00+00:00,1333.6
2026-09-19 21:45:00+00:00,1333.6
2026-09-19 21:50:00+00:00,1333.3
2026-09-19 21:55:00+00:00,1333.3
2026-09-19 22:00:00+00:00,1335.1
2026-09-19 22:05:00+00:00,1333.3
2026-09-19 22:10:00+00:00,1331.2
2026-09-19 22:15:00+00:00,1331.2
2026-09-19 22:20:00+00:00,1330.1
2026-09-19 22:25:00+00:00,1331.2
2026-09-19 22:30:00+00:00,1333.1
2026-09-19 22:35:00+00:00,1332.0
2026-09-19 22:40:00+00:00,1338.8
2026-09-19 22:45:00+00:00,1335.1
2026-09-19 22:50:00+00:00,1334.0
2026-09-19 22:55:00+00:00,1334.0
2026-09-19 23:00:00+00:00,1338.8
2026-09-19 23:05:00+00:00,1380.2
2026-09-19 23:10:00+00:00,1380.2
2026-09-19 23:15:00+00:00,1380.2
2026-09-19 23:20:00+00:00,1380.2
2026-09-19 23:25:00+00:00,1380.2
2026-09-19 23:30:00+00:00,1380.2
2026-09-19 23:35:00+00:00,1380.2
2026-09-19 23:40:00+00:00,1380.2
2026-09-19 23:45:00+00:00,1380.2
2026-09-19 23:50:00+00:00,1380.2
2026-09-19 23:55:00+00:00,1380.2
2026-09-20 00:00:00+00:00,1432.7
2026-09-20 00:05:00+00:00,1420.3
2026-09-20 00:10:00+00:00,1415.5
2026-09-20 00:15:00+00:00,1415.5
2026-09-20 00:20:00+00:00,1415.5
2026-09-20 00:25:00+00:00,1415.9
2026-09-20 00:30:00+00:00,1421.8
2026-09-20 00:35:00+00:00,1421.5
2026-09-20 00:40:00+00:00,1421.5
2026-09-20 00:45:00+00:00,1425.6
2026-09-20 00:50:00+00:00,1428.5
2026-09-20 00:55:00+00:00,1428.9
2026-09-20 01:00:00+00:00,1427.2
2026-09-20 01:05:00+00:00,1436.9
2026-09-20 01:10:00+00:00,1445.3
2026-09-20 01:15:00+00:00,1434.7
2026-09-20 01:20:00+00:00,1435.4
2026-09-20 01:25:00+00:00,1426.9
2026-09-20 01:30:00+00:00,1428.6
2026-09-20 01:35:00+00:00,1422.7
2026-09-20 01:40:00+00:00,1424.1
2026-09-20 01:45:00+00:00,1424.2
2026-09-20 01:50:00+00:00,1422.7
2026-09-20 01:55:00+00:00,1422.6
2026-09-20 02:00:00+00:00,1441.7
2026-09-20 02:05:00+00:00,1422.3
2026-09-20 02:10:00+00:00,1426.3
2026-09-20 02:15:00+00:00,1424.7
2026-09-20 02:20:00+00:00,1431.5
2026-09-20 02:25:00+00:00,1435.6
2026-09-20 02:30:00+00:00,1435.6
2026-09-20 02:35:00+00:00,1433.8
2026-09-20 02:40:00+00:00,1432.6
2026-09-20 02:45:00+00:00,1434.8
2026-09-20 02:50:00+00:00,1440.1
2026-09-20 02:55:00+00:00,1440.4
2026-09-20 03:00:00+00:00,1448.4
2026-09-20 03:05:00+00:00,1440.2
2026-09-20 03:10:00+00:00,1457.2
2026-09-20 03:15:00+00:00,1448.9
2026-09-20 03:20:00+00:00,1446.8
2026-09-20 03:25:00+00:00,1446.8
2026-09-20 03:30:00+00:00,1449.7
2026-09-20 03:35:00+00:00,1452.0
2026-09-20 03:40:00+00:00,1453.4
2026-09-20 03:45:00+00:00,1447.2
2026-09-20 03:50:00+00:00,1444.9
2026-09-20 03:55:00+00:00,1443.6
2026-09-20 04:00:00+00:00,1440.7
2026-09-20 04:05:00+00:00,1428.8
2026-09-20 04:10:00+00:00,1425.3
2026-09-20 04:15:00+00:00,1427.1
2026-09-20 04:20:00+00:00,1428.1
2026-09-20 04:25:00+00:00,1423.1
2026-09-20 04:30:00+00:00,1432.7
2026-09-20 04:35:00+00:00,1432.5
2026-09-20 04:40:00+00:00,1437.0
2026-09-20 04:45:00+00:00,1438.3
2026-09-20 04:50:00+00:00,1438.3
2026-09-20 04:55:00+00:00,1441.7
2026-09-20 05:00:00+00:00,1434.8
2026-09-20 05:05:00+00:00,1444.8
2026-09-20 05:10:00+00:00,1444.3
2026-09-20 05:15:00+00:00,1435.8
2026-09-20 05:20:00+00:00,1434.5
2026-09-20 05:25:00+00:00,1434.9
2026-09-20 05:30:00+00:00,1436.1
2026-09-20 05:35:00+00:00,1431.3
2026-09-20 05:40:00+00:00,1430.5
2026-09-20 05:45:00+00:00,1430.6
2026-09-20 05:50:00+00:00,1433.7
2026-09-20 05:55:00+00:00,1439.2
2026-09-20 06:00:00+00:00,1436.5
2026-09-20 06:05:00+00:00,1445.9
2026-09-20 06:10:00+00:00,1446.3
2026-09-20 06:15:00+00:00,1445.8
2026-09-20 06:20:00+00:00,1442.0
2026-09-20 06:25:00+00:00,1450.4
2026-09-20 06:30:00+00:00,1448.8
2026-09-20 06:35:00+00:00,1448.8
2026-09-20 06:40:00+00:00,1453.6
2026-09-20 06:45:00+00:00,1445.1
2026-09-20 06:50:00+00:00,1448.0
2026-09-20 06:55:00+00:00,1447.8
2026-09-20 07:00:00+00:00,1437.3
2026-09-20 07:05:00+00:00,1440.8
2026-09-20 07:10:00+00:00,1436.1
2026-09-20 07:15:00+00:00,1429.9
2026-09-20 07:20:00+00:00,1444.5
2026-09-20 07:25:00+00:00,1446.1
2026-09-20 07:30:00+00:00,1445.4
2026-09-20 07:35:00+00:00,1445.1
2026-09-20 07:40:00+00:00,1444.5
2026-09-20 07:45:00+00:00,1448.5
2026-09-20 07:50:00+00:00,1453.2
2026-09-20 07:55:00+00:00,1452.4
2026-09-20 08:00:00+00:00,1447.6
2026-09-20 08:05:00+00:00,1443.7
2026-09-20 08:10:00+00:00,1443.0
2026-09-20 08:15:00+00:00,1442.6
2026-09-20 08:20:00+00:00,1433.1
2026-09-20 08:25:00+00:00,1431.0
2026-09-20 08:30:00+00:00,1435.0
2026-09-20 08:35:00+00:00,1439.8
2026-09-20 08:40:00+00:00,1441.6
2026-09-20 08:45:00+00:00,1440.4
2026-09-20 08:50:00+00:00,1443.7
2026-09-20 08:55:00+00:00,1440.8
2026-09-20 09:00:00+00:00,1431.8
2026-09-20 09:05:00+00:00,1444.1
2026-09-20 09:10:00+00:00,1441.8
2026-09-20 09:15:00+00:00,1441.4
2026-09-20 09:20:00+00:00,1441.1
2026-09-20 09:25:00+00:00,1440.9
2026-09-20 09:30:00+00:00,1441.0
2026-09-20 09:35:00+00:00,1441.1
2026-09-20 09:40:00+00:00,1441.1
2026-09-20 09:45:00+00:00,1439.2
2026-09-20 09:50:00+00:00,1439.2
2026-09-20 09:55:00+00:00,1439.2
2026-09-20 10:00:00+00:00,1434.1
2026-09-20 10:05:00+00:00,1420.9
2026-09-20 10:10:00+00:00,1418.6
2026-09-20 10:15:00+00:00,1418.4
2026-09-20 10:20:00+00:00,1421.6
2026-09-20 10:25:00+00:00,1429.0
2026-09-20 10:30:00+00:00,1421.6
2026-09-20 10:35:00+00:00,1422.8
2026-09-20 10:40:00+00:00,1423.4
2026-09-20 10:45:00+00:00,1423.4
2026-09-20 10:50:00+00:00,1430.5
2026-09-20 10:55:00+00:00,1430.9
2026-09-20 11:00:00+00:00,1430.0
2026-09-20 11:05:00+00:00,1401.9
2026-09-20 11:10:00+00:00,1396.6
2026-09-20 11:15:00+00:00,1401.1
2026-09-20 11:20:00+00:00,1401.5
2026-09-20 11:25:00+00:00,1397.0
2026-09-20 11:30:00+00:00,1396.7
2026-09-20 11:35:00+00:00,1396.3
2026-09-20 11:40:00+00:00,1396.3
2026-09-20 11:45:00+00:00,1385.7
2026-09-20 11:50:00+00:00,1397.8
2026-09-20 11:55:00+00:00,1400.5
2026-09-20 12:00:00+00:00,1402.7
2026-09-20 12:05:00+00:00,1386.7
2026-09-20 12:10:00+00:00,1383.9
2026-09-20 12:15:00+00:00,1388.9
2026-09-20 12:20:00+00:00,1393.1
2026-09-20 12:25:00+00:00,1393.1
2026-09-20 12:30:00+00:00,1392.9
2026-09-20 12:35:00+00:00,1390.2
2026-09-20 12:40:00+00:00,1392.4
2026-09-20 12:45:00+00:00,1389.2
2026-09-20 12:50:00+00:00,1389.2
2026-09-20 12:55:00+00:00,1393.1
2026-09-20 13:00:00+00:00,1382.7
2026-09-20 13:05:00+00:00,1382.5
2026-09-20 13:10:00+00:00,1382.9
2026-09-20 13:15:00+00:00,1375.2
2026-09-20 13:20:00+00:00,1374.3
2026-09-20 13:25:00+00:00,1370.4
2026-09-20 13:30:00+00:00,1372.1
2026-09-20 13:35:00+00:00,1371.0
2026-09-20 13:40:00+00:00,1373.1
2026-09-20 13:45:00+00:00,1377.7
2026-09-20 13:50:00+00:00,1377.7
2026-09-20 13:55:00+00:00,1375.4
2026-09-20 14:00:00+00:00,1375.2
2026-09-20 14:05:00+00:00,1404.9
2026-09-20 14:10:00+00:00,1404.0
2026-09-20 14:15:00+00:00,1409.1
2026-09-20 14:20:00+00:00,1406.3
2026-09-20 14:25:00+00:00,1412.2
2026-09-20 14:30:00+00:00,1411.5
2026-09-20 14:35:00+00:00,1404.7
2026-09-20 14:40:00+00:00,1408.3
2026-09-20 14:45:00+00:00,1413.7
2026-09-20 14:50:00+00:00,1423.9
2026-09-20 14:55:00+00:00,1425.3
2026-09-20 15:00:00+00:00,1425.9
2026-09-20 15:05:00+00:00,1419.1
2026-09-20 15:10:00+00:00,1417.4
2026-09-20 15:15:00+00:00,1417.5
2026-09-20 15:20:00+00:00,1417.5
2026-09-20 15:25:00+00:00,1420.8
2026-09-20 15:30:00+00:00,1428.1
2026-09-20 15:35:00+00:00,1430.8
2026-09-20 15:40:00+00:00,1425.8
2026-09-20 15:45:00+00:00,1422.9
2026-09-20 15:50:00+00:00,1421.4
2026-09-20 15:55:00+00:00,1418.4
2026-09-20 16:00:00+00:00,1409.9
2026-09-20 16:05:00+00:00,1410.6
2026-09-20 16:10:00+00:00,1423.0
2026-09-20 16:15:00+00:00,1433.7
2026-09-20 16:20:00+00:00,1433.1
2026-09-20 16:25:00+00:00,1435.2
2026-09-20 16:30:00+00:00,1439.1
2026-09-20 16:35:00+00:00,1443.7
2026-09-20 16:40:00+00:00,1441.1
2026-09-20 16:45:00+00:00,1441.1
2026-09-20 16:50:00+00:00,1439.2
2026-09-20 16:55:00+00:00,1439.9
2026-09-20 17:00:00+00:00,1438.5
2026-09-20 17:05:00+00:00,1447.0
2026-09-20 17:10:00+00:00,1441.7
2026-09-20 17:15:00+00:00,1438.9
2026-09-20 17:20:00+00:00,1440.4
2026-09-20 17:25:00+00:00,1432.7
2026-09-20 17:30:00+00:00,1405.5
2026-09-20 17:35:00+00:00,1413.1
2026-09-20 17:40:00+00:00,1413.0
2026-09-20 17:45:00+00:00,1415.0
2026-09-20 17:50:00+00:00,1414.6
2026-09-20 17:55:00+00:00,1406.1
2026-09-20 18:00:00+00:00,1408.8
2026-09-20 18:05:00+00:00,1420.6
2026-09-20 18:10:00+00:00,1426.5
2026-09-20 18:15:00+00:00,1414.0
2026-09-20 18:20:00+00:00,1413.5
2026-09-20 18:25:00+00:00,1425.2
2026-09-20 18:30:00+00:00,1430.1
2026-09-20 18:35:00+00:00,1433.6
2026-09-20 18:40:00+00:00,1443.4
2026-09-20 18:45:00+00:00,1445.4
2026-09-20 18:50:00+00:00,1440.2
2026-09-20 18:55:00+00:00,1436.5
2026-09-20 19:00:00+00:00,1426.3
2026-09-20 19:05:00+00:00,1424.5
2026-09-20 19:10:00+00:00,1413.5
2026-09-20 19:15:00+00:00,1417.8
2026-09-20 19:20:00+00:00,1412.4
2026-09-20 19:25:00+00:00,1415.9
2026-09-20 19:30:00+00:00,1411.9
2026-09-20 19:35:00+00:00,1408.9
2026-09-20 19:40:00+00:00,1414.0
2026-09-20 19:45:00+00:00,1408.7
2026-09-20 19:50:00+00:00,1408.7
2026-09-20 19:55:00+00:00,1408.7
2026-09-20 20:00:00+00:00,1405.2
2026-09-20 20:05:00+00:00,1347.0
2026-09-20 20:10:00+00:00,1350.3
2026-09-20 20:15:00+00:00,1347.0
2026-09-20 20:20:00+00:00,1347.0
2026-09-20 20:25:00+00:00,1347.0
2026-09-20 20:30:00+00:00,1347.0
2026-09-20 20:35:00+00:00,1347.8
2026-09-20 20:40:00+00:00,1349.7
2026-09-20 20:45:00+00:00,1347.2
2026-09-20 20:50:00+00:00,1347.2
2026-09-20 20:55:00+00:00,1347.1
2026-09-20 21:00:00+00:00,1349.9
2026-09-20 21:05:00+00:00,1335.0
2026-09-20 21:10:00+00:00,1334.7
2026-09-20 21:15:00+00:00,1334.8
2026-09-20 21:20:00+00:00,1334.8
2026-09-20 21:25:00+00:00,1334.8
2026-09-20 21:30:00+00:00,1331.7
2026-09-20 21:35:00+00:00,1331.6
2026-09-20 21:40:00+00:00,1331.6
2026-09-20 21:45:00+00:00,1331.6
2026-09-20 21:50:00+00:00,1338.4
2026-09-20 21:55:00+00:00,1337.1
2026-09-20 22:00:00+00:00,0.0
2026-09-20 22:05:00+00:00,0.0
2026-09-20 22:10:00+00:00,1333.5
2026-09-20 22:15:00+00:00,1333.5
2026-09-20 22:20:00+00:00,1333.6
2026-09-20 22:25:00+00:00,1333.6
2026-09-20 22:30:00+00:00,1334.1
2026-09-20 22:35:00+00:00,1336.6
2026-09-20 22:40:00+00:00,1336.6
2026-09-20 22:45:00+00:00,1336.5
2026-09-20 22:50:00+00:00,1336.5
2026-09-20 22:55:00+00:00,1336.5
2026-09-20 23:00:00+00:00,1360.8
2026-09-20 23:05:00+00:00,1386.7
2026-09-20 23:10:00+00:00,1386.7
2026-09-20 23:15:00+00:00,1386.7
2026-09-20 23:20:00+00:00,1386.7
2026-09-20 23:25:00+00:00,1386.7
2026-09-20 23:30:00+00:00,1386.7
2026-09-20 23:35:00+00:00,1386.7
2026-09-20 23:40:00+00:00,1386.7
2026-09-20 23:45:00+00:00,1386.7
2026-09-20 23:50:00+00:00,1386.7
2026-09-20 23:55:00+00:00,1386.7
2026-09-21 00:00:00+00:00,1395.8
2026-09-21 00:05:00+00:00,1391.6
2026-09-21 00:10:00+00:00,1393.7
2026-09-21 00:15:00+00:00,1393.7
2026-09-21 00:20:00+00:00,1398.9
2026-09-21 00:25:00+00:00,1398.9
2026-09-21 00:30:00+00:00,1398.9
2026-09-21 00:35:00+00:00,1392.9
2026-09-21 00:40:00+00:00,1394.1
2026-09-21 00:45:00+00:00,1393.9
2026-09-21 00:50:00+00:00,1397.7
2026-09-21 00:55:00+00:00,1395.3
2026-09-21 01:00:00+00:00,1418.5
2026-09-21 01:05:00+00:00,1400.1
2026-09-21 01:10:00+00:00,1400.7
2026-09-21 01:15:00+00:00,1413.0
2026-09-21 01:20:00+00:00,1414.3
2026-09-21 01:25:00+00:00,1415.8
2026-09-21 01:30:00+00:00,1416.3
2026-09-21 01:35:00+00:00,1410.4
2026-09-21 01:40:00+00:00,1408.4
2026-09-21 01:45:00+00:00,1408.3
2026-09-21 01:50:00+00:00,1411.8
2026-09-21 01:55:00+00:00,1411.8
2026-09-21 02:00:00+00:00,1437.1
2026-09-21 02:05:00+00:00,1426.4
2026-09-21 02:10:00+00:00,1438.4
2026-09-21 02:15:00+00:00,1435.4
2026-09-21 02:20:00+00:00,1432.7
2026-09-21 02:25:00+00:00,1436.8
2026-09-21 02:30:00+00:00,1434.7
2026-09-21 02:35:00+00:00,1434.2
2026-09-21 02:40:00+00:00,1436.9
2026-09-21 02:45:00+00:00,1441.9
2026-09-21 02:50:00+00:00,1448.0
2026-09-21 02:55:00+00:00,1448.0
2026-09-21 03:00:00+00:00,1444.0
2026-09-21 03:05:00+00:00,1443.2
2026-09-21 03:10:00+00:00,1450.0
2026-09-21 03:15:00+00:00,1447.0
2026-09-21 03:20:00+00:00,1447.7
2026-09-21 03:25:00+00:00,1450.0
2026-09-21 03:30:00+00:00,1453.1
2026-09-21 03:35:00+00:00,1454.1
2026-09-21 03:40:00+00:00,1441.6
2026-09-21 03:45:00+00:00,1443.5
2026-09-21 03:50:00+00:00,1443.5
2026-09-21 03:55:00+00:00,1445.8
2026-09-21 04:00:00+00:00,1432.2
2026-09-21 04:05:00+00:00,1437.1
2026-09-21 04:10:00+00:00,1448.5
2026-09-21 04:15:00+00:00,1445.8
2026-09-21 04:20:00+00:00,1440.8
2026-09-21 04:25:00+00:00,1448.0
2026-09-21 04:30:00+00:00,1446.7
2026-09-21 04:35:00+00:00,1439.7
2026-09-21 04:40:00+00:00,1449.7
2026-09-21 04:45:00+00:00,1450.7
2026-09-21 04:50:00+00:00,1446.5
2026-09-21 04:55:00+00:00,1425.5
2026-09-21 05:00:00+00:00,1440.6
2026-09-21 05:05:00+00:00,1428.6
2026-09-21 05:10:00+00:00,1439.1
2026-09-21 05:15:00+00:00,1441.8
2026-09-21 05:20:00+00:00,1440.3
2026-09-21 05:25:00+00:00,1443.4
2026-09-21 05:30:00+00:00,1440.3
2026-09-21 05:35:00+00:00,1440.4
2026-09-21 05:40:00+00:00,1435.5
2026-09-21 05:45:00+00:00,1435.9
2026-09-21 05:50:00+00:00,1432.7
2026-09-21 05:55:00+00:00,1434.7
2026-09-21 06:00:00+00:00,1450.5
2026-09-21 06:05:00+00:00,1442.7
2026-09-21 06:10:00+00:00,1436.2
2026-09-21 06:15:00+00:00,1437.9
2026-09-21 06:20:00+00:00,1442.8
2026-09-21 06:25:00+00:00,1441.8
2026-09-21 06:30:00+00:00,1452.1
2026-09-21 06:35:00+00:00,1450.3
2026-09-21 06:40:00+00:00,1445.8
2026-09-21 06:45:00+00:00,1445.8
2026-09-21 06:50:00+00:00,1445.8
2026-09-21 06:55:00+00:00,1434.1
2026-09-21 07:00:00+00:00,1433.0
2026-09-21 07:05:00+00:00,1442.6
2026-09-21 07:10:00+00:00,1436.8
2026-09-21 07:15:00+00:00,1437.9
2026-09-21 07:20:00+00:00,1429.1
2026-09-21 07:25:00+00:00,1424.7
2026-09-21 07:30:00+00:00,1433.8
2026-09-21 07:35:00+00:00,1433.8
2026-09-21 07:40:00+00:00,1438.2
2026-09-21 07:45:00+00:00,1437.9
2026-09-21 07:50:00+00:00,1448.5
2026-09-21 07:55:00+00:00,1444.2
2026-09-21 08:00:00+00:00,1443.6
2026-09-21 08:05:00+00:00,1439.2
2026-09-21 08:10:00+00:00,1432.2
2026-09-21 08:15:00+00:00,1430.4
2026-09-21 08:20:00+00:00,1427.7
2026-09-21 08:25:00+00:00,1448.7
2026-09-21 08:30:00+00:00,1449.9
2026-09-21 08:35:00+00:00,1442.2
2026-09-21 08:40:00+00:00,1442.2
2026-09-21 08:45:00+00:00,1442.2
2026-09-21 08:50:00+00:00,1440.1
2026-09-21 08:55:00+00:00,1439.3
2026-09-21 09:00:00+00:00,1439.3
2026-09-21 09:05:00+00:00,1434.2
2026-09-21 09:10:00+00:00,1433.0
2026-09-21 09:15:00+00:00,1430.3
2026-09-21 09:20:00+00:00,1430.2
2026-09-21 09:25:00+00:00,1430.2
2026-09-21 09:30:00+00:00,1430.2
2026-09-21 09:35:00+00:00,1430.2
2026-09-21 09:40:00+00:00,1432.1
2026-09-21 09:45:00+00:00,1429.5
2026-09-21 09:50:00+00:00,1421.0
2026-09-21 09:55:00+00:00,1424.7
2026-09-21 10:00:00+00:00,1420.8
2026-09-21 10:05:00+00:00,1404.7
2026-09-21 10:10:00+00:00,1398.0
2026-09-21 10:15:00+00:00,1400.0
2026-09-21 10:20:00+00:00,1393.9
2026-09-21 10:25:00+00:00,1393.9
2026-09-21 10:30:00+00:00,1389.5
2026-09-21 10:35:00+00:00,1389.3
2026-09-21 10:40:00+00:00,1389.3
2026-09-21 10:45:00+00:00,1389.3
2026-09-21 10:50:00+00:00,1410.2
2026-09-21 10:55:00+00:00,1411.9
2026-09-21 11:00:00+00:00,1414.0
2026-09-21 11:05:00+00:00,1371.5
2026-09-21 11:10:00+00:00,1369.1
2026-09-21 11:15:00+00:00,1370.2
2026-09-21 11:20:00+00:00,1370.2
2026-09-21 11:25:00+00:00,1370.8
2026-09-21 11:30:00+00:00,1366.9
2026-09-21 11:35:00+00:00,1368.0
2026-09-21 11:40:00+00:00,1365.0
2026-09-21 11:45:00+00:00,1368.8
2026-09-21 11:50:00+00:00,1365.2
2026-09-21 11:55:00+00:00,1362.7
2026-09-21 12:00:00+00:00,1366.4
2026-09-21 12:05:00+00:00,1367.0
2026-09-21 12:10:00+00:00,1377.9
2026-09-21 12:15:00+00:00,1368.6
2026-09-21 12:20:00+00:00,1377.9
2026-09-21 12:25:00+00:00,1378.0
2026-09-21 12:30:00+00:00,1378.0
2026-09-21 12:35:00+00:00,1378.0
2026-09-21 12:40:00+00:00,1377.0
2026-09-21 12:45:00+00:00,1377.0
2026-09-21 12:50:00+00:00,1375.8
2026-09-21 12:55:00+00:00,1375.8
2026-09-21 13:00:00+00:00,1376.3
2026-09-21 13:05:00+00:00,1375.6
2026-09-21 13:10:00+00:00,1378.2
2026-09-21 13:15:00+00:00,1376.8
2026-09-21 13:20:00+00:00,1368.7
2026-09-21 13:25:00+00:00,1369.8
2026-09-21 13:30:00+00:00,1370.2
2026-09-21 13:35:00+00:00,1384.5
2026-09-21 13:40:00+00:00,1380.6
2026-09-21 13:45:00+00:00,1378.0
2026-09-21 13:50:00+00:00,1379.8
2026-09-21 13:55:00+00:00,1378.2
2026-09-21 14:00:00+00:00,1386.7
2026-09-21 14:05:00+00:00,1415.9
2026-09-21 14:10:00+00:00,1415.5
2026-09-21 14:15:00+00:00,1416.1
2026-09-21 14:20:00+00:00,1409.0
2026-09-21 14:25:00+00:00,1409.0
2026-09-21 14:30:00+00:00,1405.3
2026-09-21 14:35:00+00:00,1406.5
2026-09-21 14:40:00+00:00,1406.5
2026-09-21 14:45:00+00:00,1405.9
2026-09-21 14:50:00+00:00,1405.9
2026-09-21 14:55:00+00:00,1405.8
2026-09-21 15:00:00+00:00,1406.2
2026-09-21 15:05:00+00:00,1402.2
2026-09-21 15:10:00+00:00,1384.4
2026-09-21 15:15:00+00:00,1387.7
2026-09-21 15:20:00+00:00,1400.6
2026-09-21 15:25:00+00:00,1392.9
2026-09-21 15:30:00+00:00,1392.8
2026-09-21 15:35:00+00:00,1393.2
2026-09-21 15:40:00+00:00,1393.4
2026-09-21 15:45:00+00:00,1393.1
2026-09-21 15:50:00+00:00,1393.8
2026-09-21 15:55:00+00:00,1393.6
2026-09-21 16:00:00+00:00,1393.8
2026-09-21 16:05:00+00:00,1395.6
2026-09-21 16:10:00+00:00,1395.8
2026-09-21 16:15:00+00:00,1395.7
2026-09-21 16:20:00+00:00,1395.8
2026-09-21 16:25:00+00:00,1395.7
2026-09-21 16:30:00+00:00,1382.6
2026-09-21 16:35:00+00:00,1386.2
2026-09-21 16:40:00+00:00,1400.7
2026-09-21 16:45:00+00:00,1400.3
2026-09-21 16:50:00+00:00,1414.2
2026-09-21 16:55:00+00:00,1415.5
2026-09-21 17:00:00+00:00,1417.0
2026-09-21 17:05:00+00:00,1412.7
2026-09-21 17:10:00+00:00,1407.9
2026-09-21 17:15:00+00:00,1398.0
2026-09-21 17:20:00+00:00,1389.8
2026-09-21 17:25:00+00:00,1388.8
2026-09-21 17:30:00+00:00,1375.2
2026-09-21 17:35:00+00:00,1374.8
2026-09-21 17:40:00+00:00,1375.2
2026-09-21 17:45:00+00:00,1375.1
2026-09-21 17:50:00+00:00,1377.1
2026-09-21 17:55:00+00:00,1377.3
2026-09-21 18:00:00+00:00,1373.1
2026-09-21 18:05:00+00:00,1390.2
2026-09-21 18:10:00+00:00,1390.5
2026-09-21 18:15:00+00:00,1392.2
2026-09-21 18:20:00+00:00,1395.5
2026-09-21 18:25:00+00:00,1395.5
2026-09-21 18:30:00+00:00,1405.3
2026-09-21 18:35:00+00:00,1402.7
2026-09-21 18:40:00+00:00,1403.2
2026-09-21 18:45:00+00:00,1405.5
2026-09-21 18:50:00+00:00,1403.1
2026-09-21 18:55:00+00:00,1407.2
2026-09-21 19:00:00+00:00,1406.0
2026-09-21 19:05:00+00:00,1411.1
2026-09-21 19:10:00+00:00,1408.4
2026-09-21 19:15:00+00:00,1408.4
2026-09-21 19:20:00+00:00,1417.7
2026-09-21 19:25:00+00:00,1422.3
2026-09-21 19:30:00+00:00,1430.7
2026-09-21 19:35:00+00:00,1441.4
2026-09-21 19:40:00+00:00,1443.6
2026-09-21 19:45:00+00:00,1443.1
2026-09-21 19:50:00+00:00,1443.7
2026-09-21 19:55:00+00:00,1443.7
2026-09-21 20:00:00+00:00,1445.7
2026-09-21 20:05:00+00:00,1390.6
2026-09-21 20:10:00+00:00,1387.9
2026-09-21 20:15:00+00:00,1382.8
2026-09-21 20:20:00+00:00,1381.8
2026-09-21 20:25:00+00:00,1390.7
2026-09-21 20:30:00+00:00,1388.5
2026-09-21 20:35:00+00:00,1390.7
2026-09-21 20:40:00+00:00,1382.8
2026-09-21 20:45:00+00:00,1381.9
2026-09-21 20:50:00+00:00,1382.8
2026-09-21 20:55:00+00:00,1382.8
2026-09-21 21:00:00+00:00,1369.9
2026-09-21 21:05:00+00:00,1356.7
2026-09-21 21:10:00+00:00,1353.4
2026-09-21 21:15:00+00:00,1351.5
2026-09-21 21:20:00+00:00,1353.0
2026-09-21 21:25:00+00:00,1349.1
2026-09-21 21:30:00+00:00,1349.1
2026-09-21 21:35:00+00:00,1349.1
2026-09-21 21:40:00+00:00,1353.4
2026-09-21 21:45:00+00:00,1353.4
2026-09-21 21:50:00+00:00,1347.2
2026-09-21 21:55:00+00:00,1353.1
2026-09-21 22:00:00+00:00,1362.2
2026-09-21 22:05:00+00:00,1359.7
2026-09-21 22:10:00+00:00,1358.8
2026-09-21 22:15:00+00:00,1360.3
2026-09-21 22:20:00+00:00,1363.7
2026-09-21 22:25:00+00:00,1355.4
2026-09-21 22:30:00+00:00,1355.4
2026-09-21 22:35:00+00:00,1359.3
2026-09-21 22:40:00+00:00,1356.5
2026-09-21 22:45:00+00:00,1354.2
2026-09-21 22:50:00+00:00,1354.2
2026-09-21 22:55:00+00:00,1350.4
2026-09-21 23:00:00+00:00,1351.8
2026-09-21 23:05:00+00:00,1401.5
2026-09-21 23:10:00+00:00,1400.9
2026-09-21 23:15:00+00:00,1401.4
2026-09-21 23:20:00+00:00,1401.5
2026-09-21 23:25:00+00:00,1401.4
2026-09-21 23:30:00+00:00,1412.7
2026-09-21 23:35:00+00:00,1397.9
2026-09-21 23:40:00+00:00,1393.2
2026-09-21 23:45:00+00:00,1385.2
2026-09-21 23:50:00+00:00,1383.6
2026-09-21 23:55:00+00:00,1380.2
2026-09-22 00:00:00+00:00,1412.3
2026-09-22 00:05:00+00:00,1413.5
2026-09-22 00:10:00+00:00,1410.3
2026-09-22 00:15:00+00:00,1423.8
2026-09-22 00:20:00+00:00,1423.8
2026-09-22 00:25:00+00:00,1423.8
2026-09-22 00:30:00+00:00,1410.2
2026-09-22 00:35:00+00:00,1413.5
2026-09-22 00:40:00+00:00,1413.5
2026-09-22 00:45:00+00:00,1418.8
2026-09-22 00:50:00+00:00,1416.4
2026-09-22 00:55:00+00:00,1417.2
2026-09-22 01:00:00+00:00,1434.7
2026-09-22 01:05:00+00:00,1426.1
2026-09-22 01:10:00+00:00,1432.6
2026-09-22 01:15:00+00:00,1428.5
2026-09-22 01:20:00+00:00,1431.4
2026-09-22 01:25:00+00:00,1440.3
2026-09-22 01:30:00+00:00,1443.4
2026-09-22 01:35:00+00:00,1442.5
2026-09-22 01:40:00+00:00,1446.7
2026-09-22 01:45:00+00:00,1451.5
2026-09-22 01:50:00+00:00,1451.6
2026-09-22 01:55:00+00:00,1448.6
2026-09-22 02:00:00+00:00,1455.2
2026-09-22 02:05:00+00:00,1437.4
2026-09-22 02:10:00+00:00,1437.6
2026-09-22 02:15:00+00:00,1446.5
2026-09-22 02:20:00+00:00,1448.6
2026-09-22 02:25:00+00:00,1448.7
2026-09-22 02:30:00+00:00,1448.6
2026-09-22 02:35:00+00:00,1457.4
2026-09-22 02:40:00+00:00,1454.4
2026-09-22 02:45:00+00:00,1454.4
2026-09-22 02:50:00+00:00,1454.9
2026-09-22 02:55:00+00:00,1454.9
2026-09-22 03:00:00+00:00,1447.5
2026-09-22 03:05:00+00:00,1461.0
2026-09-22 03:10:00+00:00,1471.8
2026-09-22 03:15:00+00:00,1478.8
2026-09-22 03:20:00+00:00,1485.1
2026-09-22 03:25:00+00:00,1486.9
2026-09-22 03:30:00+00:00,1507.4
2026-09-22 03:35:00+00:00,1504.2
2026-09-22 03:40:00+00:00,1506.1
2026-09-22 03:45:00+00:00,1505.5
2026-09-22 03:50:00+00:00,1502.3
2026-09-22 03:55:00+00:00,1507.5
2026-09-22 04:00:00+00:00,1490.7
2026-09-22 04:05:00+00:00,1495.9
2026-09-22 04:10:00+00:00,1498.2
2026-09-22 04:15:00+00:00,1497.3
2026-09-22 04:20:00+00:00,1492.2
2026-09-22 04:25:00+00:00,1484.0
2026-09-22 04:30:00+00:00,1484.0
2026-09-22 04:35:00+00:00,1487.4
2026-09-22 04:40:00+00:00,1488.2
2026-09-22 04:45:00+00:00,1494.5
2026-09-22 04:50:00+00:00,1496.9
2026-09-22 04:55:00+00:00,1497.5
2026-09-22 05:00:00+00:00,1486.1
2026-09-22 05:05:00+00:00,1475.2
2026-09-22 05:10:00+00:00,1459.5
2026-09-22 05:15:00+00:00,1457.1
2026-09-22 05:20:00+00:00,1452.0
2026-09-22 05:25:00+00:00,1453.3
2026-09-22 05:30:00+00:00,1451.5
2026-09-22 05:35:00+00:00,1449.7
2026-09-22 05:40:00+00:00,1455.5
2026-09-22 05:45:00+00:00,1445.2
2026-09-22 05:50:00+00:00,1442.6
2026-09-22 05:55:00+00:00,1446.1
2026-09-22 06:00:00+00:00,1437.2
2026-09-22 06:05:00+00:00,1437.3
2026-09-22 06:10:00+00:00,1438.5
2026-09-22 06:15:00+00:00,1446.0
2026-09-22 06:20:00+00:00,1445.4
2026-09-22 06:25:00+00:00,1446.1
2026-09-22 06:30:00+00:00,1438.6
2026-09-22 06:35:00+00:00,1439.2
2026-09-22 06:40:00+00:00,1439.2
2026-09-22 06:45:00+00:00,1459.0
2026-09-22 06:50:00+00:00,1459.3
2026-09-22 06:55:00+00:00,1459.3
2026-09-22 07:00:00+00:00,1434.7
2026-09-22 07:05:00+00:00,1452.0
2026-09-22 07:10:00+00:00,1450.2
2026-09-22 07:15:00+00:00,1450.2
2026-09-22 07:20:00+00:00,1451.1
2026-09-22 07:25:00+00:00,1451.5
2026-09-22 07:30:00+00:00,1455.9
2026-09-22 07:35:00+00:00,1456.5
2026-09-22 07:40:00+00:00,1454.8
2026-09-22 07:45:00+00:00,1455.9
2026-09-22 07:50:00+00:00,1454.3
2026-09-22 07:55:00+00:00,1449.4
2026-09-22 08:00:00+00:00,1421.9
2026-09-22 08:05:00+00:00,1432.8
2026-09-22 08:10:00+00:00,1432.8
2026-09-22 08:15:00+00:00,1432.8
2026-09-22 08:20:00+00:00,1432.8
2026-09-22 08:25:00+00:00,1433.6
2026-09-22 08:30:00+00:00,1432.5
2026-09-22 08:35:00+00:00,1432.5
2026-09-22 08:40:00+00:00,1432.5
2026-09-22 08:45:00+00:00,1435.3
2026-09-22 08:50:00+00:00,1432.5
2026-09-22 08:55:00+00:00,1432.8
2026-09-22 09:00:00+00:00,1433.3
2026-09-22 09:05:00+00:00,1426.2
2026-09-22 09:10:00+00:00,1426.2
2026-09-22 09:15:00+00:00,1426.2
2026-09-22 09:20:00+00:00,1432.2
2026-09-22 09:25:00+00:00,1425.5
2026-09-22 09:30:00+00:00,1434.7
2026-09-22 09:35:00+00:00,1435.2
2026-09-22 09:40:00+00:00,1433.8
2026-09-22 09:45:00+00:00,1433.8
2026-09-22 09:50:00+00:00,1426.1
2026-09-22 09:55:00+00:00,1433.5
2026-09-22 10:00:00+00:00,1434.2
2026-09-22 10:05:00+00:00,1430.9
2026-09-22 10:10:00+00:00,1433.8
2026-09-22 10:15:00+00:00,1431.6
2026-09-22 10:20:00+00:00,1428.1
2026-09-22 10:25:00+00:00,1424.3
2026-09-22 10:30:00+00:00,1422.6
2026-09-22 10:35:00+00:00,1417.4
2026-09-22 10:40:00+00:00,1418.1
2026-09-22 10:45:00+00:00,1406.5
2026-09-22 10:50:00+00:00,1404.2
2026-09-22 10:55:00+00:00,1404.9
2026-09-22 11:00:00+00:00,1401.5
2026-09-22 11:05:00+00:00,1367.1
2026-09-22 11:10:00+00:00,1369.9
2026-09-22 11:15:00+00:00,1372.4
2026-09-22 11:20:00+00:00,1372.5
2026-09-22 11:25:00+00:00,1367.9
2026-09-22 11:30:00+00:00,1368.0
2026-09-22 11:35:00+00:00,1365.3
2026-09-22 11:40:00+00:00,1370.4
2026-09-22 11:45:00+00:00,1368.9
2026-09-22 11:50:00+00:00,1364.3
2026-09-22 11:55:00+00:00,1368.9
2026-09-22 12:00:00+00:00,1371.3
2026-09-22 12:05:00+00:00,1376.3
2026-09-22 12:10:00+00:00,1377.7
2026-09-22 12:15:00+00:00,1378.3
2026-09-22 12:20:00+00:00,1377.8
2026-09-22 12:25:00+00:00,1377.7
2026-09-22 12:30:00+00:00,1367.9
2026-09-22 12:35:00+00:00,1373.4
2026-09-22 12:40:00+00:00,1376.2
2026-09-22 12:45:00+00:00,1379.8
2026-09-22 12:50:00+00:00,1393.9
2026-09-22 12:55:00+00:00,1396.6
2026-09-22 13:00:00+00:00,1394.4
2026-09-22 13:05:00+00:00,1397.0
2026-09-22 13:10:00+00:00,1380.5
2026-09-22 13:15:00+00:00,1376.0
2026-09-22 13:20:00+00:00,1378.5
2026-09-22 13:25:00+00:00,1380.5
2026-09-22 13:30:00+00:00,1380.4
2026-09-22 13:35:00+00:00,1391.8
2026-09-22 13:40:00+00:00,1392.6
2026-09-22 13:45:00+00:00,1388.3
2026-09-22 13:50:00+00:00,1377.6
2026-09-22 13:55:00+00:00,1376.6
2026-09-22 14:00:00+00:00,1399.2
2026-09-22 14:05:00+00:00,1427.7
2026-09-22 14:10:00+00:00,1430.0
2026-09-22 14:15:00+00:00,1431.8
2026-09-22 14:20:00+00:00,1435.2
2026-09-22 14:25:00+00:00,1431.8
2026-09-22 14:30:00+00:00,1431.8
2026-09-22 14:35:00+00:00,1431.5
2026-09-22 14:40:00+00:00,1440.6
2026-09-22 14:45:00+00:00,1428.8
2026-09-22 14:50:00+00:00,1429.7
2026-09-22 14:55:00+00:00,1433.8
2026-09-22 15:00:00+00:00,1429.0
2026-09-22 15:05:00+00:00,1431.5
2026-09-22 15:10:00+00:00,1431.5
2026-09-22 15:15:00+00:00,1426.2
2026-09-22 15:20:00+00:00,1426.1
2026-09-22 15:25:00+00:00,1426.1
2026-09-22 15:30:00+00:00,1426.1
2026-09-22 15:35:00+00:00,1425.8
2026-09-22 15:40:00+00:00,1427.4
2026-09-22 15:45:00+00:00,1442.7
2026-09-22 15:50:00+00:00,1447.7
2026-09-22 15:55:00+00:00,1447.5
2026-09-22 16:00:00+00:00,1449.9
2026-09-22 16:05:00+00:00,1460.9
2026-09-22 16:10:00+00:00,1455.3
2026-09-22 16:15:00+00:00,1455.3
2026-09-22 16:20:00+00:00,1447.9
2026-09-22 16:25:00+00:00,1442.5
2026-09-22 16:30:00+00:00,1438.8
2026-09-22 16:35:00+00:00,1437.0
2026-09-22 16:40:00+00:00,1440.5
2026-09-22 16:45:00+00:00,1440.5
2026-09-22 16:50:00+00:00,1445.1
2026-09-22 16:55:00+00:00,1445.1
2026-09-22 17:00:00+00:00,1441.8
2026-09-22 17:05:00+00:00,1441.0
2026-09-22 17:10:00+00:00,1440.4
2026-09-22 17:15:00+00:00,1447.0
2026-09-22 17:20:00+00:00,1426.3
2026-09-22 17:25:00+00:00,1411.7
2026-09-22 17:30:00+00:00,1411.5
2026-09-22 17:35:00+00:00,1411.7
2026-09-22 17:40:00+00:00,1408.4
2026-09-22 17:45:00+00:00,1408.3
2026-09-22 17:50:00+00:00,1408.3
2026-09-22 17:55:00+00:00,1408.4
2026-09-22 18:00:00+00:00,1404.6
2026-09-22 18:05:00+00:00,1414.3
2026-09-22 18:10:00+00:00,1412.8
2026-09-22 18:15:00+00:00,1414.5
2026-09-22 18:20:00+00:00,1416.2
2026-09-22 18:25:00+00:00,1421.9
2026-09-22 18:30:00+00:00,1421.7
2026-09-22 18:35:00+00:00,1421.9
2026-09-22 18:40:00+00:00,1421.9
2026-09-22 18:45:00+00:00,1422.0
2026-09-22 18:50:00+00:00,1421.9
2026-09-22 18:55:00+00:00,1422.0
2026-09-22 19:00:00+00:00,1438.7
2026-09-22 19:05:00+00:00,1458.8
2026-09-22 19:10:00+00:00,1460.5
2026-09-22 19:15:00+00:00,1462.6
2026-09-22 19:20:00+00:00,1462.6
2026-09-22 19:25:00+00:00,1461.5
2026-09-22 19:30:00+00:00,1462.6
2026-09-22 19:35:00+00:00,1461.5
2026-09-22 19:40:00+00:00,1458.8
2026-09-22 19:45:00+00:00,1462.6
2026-09-22 19:50:00+00:00,1460.4
2026-09-22 19:55:00+00:00,1461.6
2026-09-22 20:00:00+00:00,1466.5
2026-09-22 20:05:00+00:00,1439.9
2026-09-22 20:10:00+00:00,1441.9
2026-09-22 20:15:00+00:00,1441.9
2026-09-22 20:20:00+00:00,1444.7
2026-09-22 20:25:00+00:00,1442.0
2026-09-22 20:30:00+00:00,1441.9
2026-09-22 20:35:00+00:00,1443.9
2026-09-22 20:40:00+00:00,1453.9
2026-09-22 20:45:00+00:00,1451.6
2026-09-22 20:50:00+00:00,1449.7
2026-09-22 20:55:00+00:00,1449.7
2026-09-22 21:00:00+00:00,1459.3
2026-09-22 21:05:00+00:00,1436.7
2026-09-22 21:10:00+00:00,1436.7
2026-09-22 21:15:00+00:00,1436.6
2026-09-22 21:20:00+00:00,1436.6
2026-09-22 21:25:00+00:00,1436.7
2026-09-22 21:30:00+00:00,1436.6
2026-09-22 21:35:00+00:00,1436.8
2026-09-22 21:40:00+00:00,1436.8
2026-09-22 21:45:00+00:00,1436.6
2026-09-22 21:50:00+00:00,1438.6
2026-09-22 21:55:00+00:00,1429.2
2026-09-22 22:00:00+00:00,1430.9
2026-09-22 22:05:00+00:00,1426.9
2026-09-22 22:10:00+00:00,1425.7
2026-09-22 22:15:00+00:00,1426.9
2026-09-22 22:20:00+00:00,1426.9
2026-09-22 22:25:00+00:00,1426.9
2026-09-22 22:30:00+00:00,1428.7
2026-09-22 22:35:00+00:00,1428.7
2026-09-22 22:40:00+00:00,1428.7
2026-09-22 22:45:00+00:00,1427.3
2026-09-22 22:50:00+00:00,1439.5
2026-09-22 22:55:00+00:00,1429.0
2026-09-22 23:00:00+00:00,1438.3
2026-09-22 23:05:00+00:00,1443.6
2026-09-22 23:10:00+00:00,1443.8
2026-09-22 23:15:00+00:00,1445.4
2026-09-22 23:20:00+00:00,1442.0
2026-09-22 23:25:00+00:00,1426.1
2026-09-22 23:30:00+00:00,1424.1
2026-09-22 23:35:00+00:00,1422.8
2026-09-22 23:40:00+00:00,1422.8
2026-09-22 23:45:00+00:00,1426.9
2026-09-22 23:50:00+00:00,1422.8
2026-09-22 23:55:00+00:00,1422.8
2026-09-23 00:00:00+00:00,1441.7
2026-09-23 00:05:00+00:00,1437.1
2026-09-23 00:10:00+00:00,1434.3
2026-09-23 00:15:00+00:00,1434.1
2026-09-23 00:20:00+00:00,1434.1
2026-09-23 00:25:00+00:00,1433.7
2026-09-23 00:30:00+00:00,1433.7
2026-09-23 00:35:00+00:00,1433.7
2026-09-23 00:40:00+00:00,1436.8
2026-09-23 00:45:00+00:00,1436.3
2026-09-23 00:50:00+00:00,1435.2
2026-09-23 00:55:00+00:00,1437.4
2026-09-23 01:00:00+00:00,1461.1
2026-09-23 01:05:00+00:00,1453.1
2026-09-23 01:10:00+00:00,1454.0
2026-09-23 01:15:00+00:00,1452.2
2026-09-23 01:20:00+00:00,1452.2
2026-09-23 01:25:00+00:00,1452.3
2026-09-23 01:30:00+00:00,1452.4
2026-09-23 01:35:00+00:00,1460.3
2026-09-23 01:40:00+00:00,1456.0
2026-09-23 01:45:00+00:00,1461.0
2026-09-23 01:50:00+00:00,1456.5
2026-09-23 01:55:00+00:00,1457.3
2026-09-23 02:00:00+00:00,1476.3
2026-09-23 02:05:00+00:00,1473.7
2026-09-23 02:10:00+00:00,1473.7
2026-09-23 02:15:00+00:00,1481.1
2026-09-23 02:20:00+00:00,1499.2
2026-09-23 02:25:00+00:00,1506.9
2026-09-23 02:30:00+00:00,1503.9
2026-09-23 02:35:00+00:00,1505.4
2026-09-23 02:40:00+00:00,1506.0
2026-09-23 02:45:00+00:00,1507.7
2026-09-23 02:50:00+00:00,1508.2
2026-09-23 02:55:00+00:00,1498.1
2026-09-23 03:00:00+00:00,1440.9
2026-09-23 03:05:00+00:00,1433.2
2026-09-23 03:10:00+00:00,1434.2
2026-09-23 03:15:00+00:00,1435.8
2026-09-23 03:20:00+00:00,1436.4
2026-09-23 03:25:00+00:00,1437.0
2026-09-23 03:30:00+00:00,1438.5
2026-09-23 03:35:00+00:00,1442.3
2026-09-23 03:40:00+00:00,1450.9
2026-09-23 03:45:00+00:00,1454.3
2026-09-23 03:50:00+00:00,1453.1
2026-09-23 03:55:00+00:00,1452.6
2026-09-23 04:00:00+00:00,1460.4
2026-09-23 04:05:00+00:00,1485.5
2026-09-23 04:10:00+00:00,1474.1
2026-09-23 04:15:00+00:00,1473.0
2026-09-23 04:20:00+00:00,1477.4
2026-09-23 04:25:00+00:00,1477.4
2026-09-23 04:30:00+00:00,1480.7
2026-09-23 04:35:00+00:00,1485.2
2026-09-23 04:40:00+00:00,1486.0
2026-09-23 04:45:00+00:00,1487.7
2026-09-23 04:50:00+00:00,1488.7
2026-09-23 04:55:00+00:00,1485.2
2026-09-23 05:00:00+00:00,1479.4
2026-09-23 05:05:00+00:00,1471.3
2026-09-23 05:10:00+00:00,1469.7
2026-09-23 05:15:00+00:00,1469.7
2026-09-23 05:20:00+00:00,1467.0
2026-09-23 05:25:00+00:00,1467.0
2026-09-23 05:30:00+00:00,1471.0
2026-09-23 05:35:00+00:00,1471.5
2026-09-23 05:40:00+00:00,1470.7
2026-09-23 05:45:00+00:00,1467.5
2026-09-23 05:50:00+00:00,1467.5
2026-09-23 05:55:00+00:00,1466.9
2026-09-23 06:00:00+00:00,1450.8
2026-09-23 06:05:00+00:00,1468.1
2026-09-23 06:10:00+00:00,1467.8
2026-09-23 06:15:00+00:00,1466.2
2026-09-23 06:20:00+00:00,1460.8
2026-09-23 06:25:00+00:00,1460.7
2026-09-23 06:30:00+00:00,1462.4
2026-09-23 06:35:00+00:00,1464.8
2026-09-23 06:40:00+00:00,1465.0
2026-09-23 06:45:00+00:00,1463.2
2026-09-23 06:50:00+00:00,1464.9
2026-09-23 06:55:00+00:00,1465.6
2026-09-23 07:00:00+00:00,1448.5
2026-09-23 07:05:00+00:00,1470.6
2026-09-23 07:10:00+00:00,1490.2
2026-09-23 07:15:00+00:00,1490.5
2026-09-23 07:20:00+00:00,1490.4
2026-09-23 07:25:00+00:00,1490.4
2026-09-23 07:30:00+00:00,1488.8
2026-09-23 07:35:00+00:00,1488.8
2026-09-23 07:40:00+00:00,1488.8
2026-09-23 07:45:00+00:00,1488.8
2026-09-23 07:50:00+00:00,1488.8
2026-09-23 07:55:00+00:00,1490.3
2026-09-23 08:00:00+00:00,1463.7
2026-09-23 08:05:00+00:00,1467.0
2026-09-23 08:10:00+00:00,1449.5
2026-09-23 08:15:00+00:00,1449.6
2026-09-23 08:20:00+00:00,1448.0
2026-09-23 08:25:00+00:00,1447.4
2026-09-23 08:30:00+00:00,1445.8
2026-09-23 08:35:00+00:00,1446.4
2026-09-23 08:40:00+00:00,1446.4
2026-09-23 08:45:00+00:00,1445.3
2026-09-23 08:50:00+00:00,1446.2
2026-09-23 08:55:00+00:00,1444.4
2026-09-23 09:00:00+00:00,1444.2
2026-09-23 09:05:00+00:00,1445.5
2026-09-23 09:10:00+00:00,1444.7
2026-09-23 09:15:00+00:00,1444.6
2026-09-23 09:20:00+00:00,1440.0
2026-09-23 09:25:00+00:00,1441.4
2026-09-23 09:30:00+00:00,1441.2
2026-09-23 09:35:00+00:00,1439.0
2026-09-23 09:40:00+00:00,1425.4
2026-09-23 09:45:00+00:00,1424.9
2026-09-23 09:50:00+00:00,1432.9
2026-09-23 09:55:00+00:00,1432.9
2026-09-23 10:00:00+00:00,1431.6
2026-09-23 10:05:00+00:00,1417.9
2026-09-23 10:10:00+00:00,1432.7
2026-09-23 10:15:00+00:00,1442.8
2026-09-23 10:20:00+00:00,1435.2
2026-09-23 10:25:00+00:00,1427.5
2026-09-23 10:30:00+00:00,1434.5
2026-09-23 10:35:00+00:00,1427.9
2026-09-23 10:40:00+00:00,1417.8
2026-09-23 10:45:00+00:00,1417.5
2026-09-23 10:50:00+00:00,1416.2
2026-09-23 10:55:00+00:00,1408.4
2026-09-23 11:00:00+00:00,1406.6
2026-09-23 11:05:00+00:00,1378.2
2026-09-23 11:10:00+00:00,1385.0
2026-09-23 11:15:00+00:00,1404.2
2026-09-23 11:20:00+00:00,1422.7
2026-09-23 11:25:00+00:00,1421.3
2026-09-23 11:30:00+00:00,1417.4
2026-09-23 11:35:00+00:00,1417.4
2026-09-23 11:40:00+00:00,1417.4
2026-09-23 11:45:00+00:00,1401.7
2026-09-23 11:50:00+00:00,1398.1
2026-09-23 11:55:00+00:00,1414.0
2026-09-23 12:00:00+00:00,1427.0
2026-09-23 12:05:00+00:00,1417.6
2026-09-23 12:10:00+00:00,1401.3
2026-09-23 12:15:00+00:00,1401.5
2026-09-23 12:20:00+00:00,1398.6
2026-09-23 12:25:00+00:00,1398.6
2026-09-23 12:30:00+00:00,1398.6
2026-09-23 12:35:00+00:00,1402.8
2026-09-23 12:40:00+00:00,1404.2
2026-09-23 12:45:00+00:00,1405.4
2026-09-23 12:50:00+00:00,1407.3
2026-09-23 12:55:00+00:00,1418.3
2026-09-23 13:00:00+00:00,1387.7
2026-09-23 13:05:00+00:00,1388.3
2026-09-23 13:10:00+00:00,1388.3
2026-09-23 13:15:00+00:00,1382.5
2026-09-23 13:20:00+00:00,1371.4
2026-09-23 13:25:00+00:00,1371.4
2026-09-23 13:30:00+00:00,1371.2
2026-09-23 13:35:00+00:00,1371.2
2026-09-23 13:40:00+00:00,1371.4
2026-09-23 13:45:00+00:00,1370.0
2026-09-23 13:50:00+00:00,1370.0
2026-09-23 13:55:00+00:00,1402.2
2026-09-23 14:00:00+00:00,1403.9
2026-09-23 14:05:00+00:00,1426.1
2026-09-23 14:10:00+00:00,1426.9
2026-09-23 14:15:00+00:00,1445.6
2026-09-23 14:20:00+00:00,1454.7
2026-09-23 14:25:00+00:00,1462.8
2026-09-23 14:30:00+00:00,1463.1
2026-09-23 14:35:00+00:00,1463.0
2026-09-23 14:40:00+00:00,1465.1
2026-09-23 14:45:00+00:00,1463.0
2026-09-23 14:50:00+00:00,1474.7
2026-09-23 14:55:00+00:00,1475.8
2026-09-23 15:00:00+00:00,1461.6
2026-09-23 15:05:00+00:00,1476.5
2026-09-23 15:10:00+00:00,1480.4
2026-09-23 15:15:00+00:00,1478.3
2026-09-23 15:20:00+00:00,1478.3
2026-09-23 15:25:00+00:00,1477.3
2026-09-23 15:30:00+00:00,1476.8
2026-09-23 15:35:00+00:00,1474.2
2026-09-23 15:40:00+00:00,1470.8
2026-09-23 15:45:00+00:00,1469.9
2026-09-23 15:50:00+00:00,1468.6
2026-09-23 15:55:00+00:00,1458.0
2026-09-23 16:00:00+00:00,1459.2
2026-09-23 16:05:00+00:00,1468.4
2026-09-23 16:10:00+00:00,1459.5
2026-09-23 16:15:00+00:00,1459.5
2026-09-23 16:20:00+00:00,1459.5
2026-09-23 16:25:00+00:00,1459.5
2026-09-23 16:30:00+00:00,1459.5
2026-09-23 16:35:00+00:00,1464.4
2026-09-23 16:40:00+00:00,1464.4
2026-09-23 16:45:00+00:00,1458.6
2026-09-23 16:50:00+00:00,1451.7
2026-09-23 16:55:00+00:00,1451.7
2026-09-23 17:00:00+00:00,1455.1
2026-09-23 17:05:00+00:00,1444.4
2026-09-23 17:10:00+00:00,1444.5
2026-09-23 17:15:00+00:00,1421.5
2026-09-23 17:20:00+00:00,0.0
2026-09-23 17:25:00+00:00,1408.7
2026-09-23 17:30:00+00:00,1407.7
2026-09-23 17:35:00+00:00,1410.3
2026-09-23 17:40:00+00:00,1406.9
2026-09-23 17:45:00+00:00,1414.0
2026-09-23 17:50:00+00:00,1415.4
2026-09-23 17:55:00+00:00,1416.8
2026-09-23 18:00:00+00:00,1408.5
2026-09-23 18:05:00+00:00,1394.0
2026-09-23 18:10:00+00:00,1395.7
2026-09-23 18:15:00+00:00,1397.8
2026-09-23 18:20:00+00:00,1405.8
2026-09-23 18:25:00+00:00,1405.7
2026-09-23 18:30:00+00:00,1405.7
2026-09-23 18:35:00+00:00,1405.7
2026-09-23 18:40:00+00:00,1405.8
2026-09-23 18:45:00+00:00,1404.7
2026-09-23 18:50:00+00:00,1395.6
2026-09-23 18:55:00+00:00,1395.6
2026-09-23 19:00:00+00:00,1395.6
2026-09-23 19:05:00+00:00,1427.6
2026-09-23 19:10:00+00:00,1429.5
2026-09-23 19:15:00+00:00,1421.5
2026-09-23 19:20:00+00:00,1418.9
2026-09-23 19:25:00+00:00,1418.9
2026-09-23 19:30:00+00:00,1417.3
2026-09-23 19:35:00+00:00,1417.3
2026-09-23 19:40:00+00:00,1419.9
2026-09-23 19:45:00+00:00,1425.8
2026-09-23 19:50:00+00:00,1445.6
2026-09-23 19:55:00+00:00,1417.2
2026-09-23 20:00:00+00:00,1408.9
2026-09-23 20:05:00+00:00,1346.3
2026-09-23 20:10:00+00:00,1346.7
2026-09-23 20:15:00+00:00,1352.6
2026-09-23 20:20:00+00:00,1350.5
2026-09-23 20:25:00+00:00,1349.3
2026-09-23 20:30:00+00:00,1349.3
2026-09-23 20:35:00+00:00,1349.4
2026-09-23 20:40:00+00:00,1346.9
2026-09-23 20:45:00+00:00,1346.7
2026-09-23 20:50:00+00:00,1347.0
2026-09-23 20:55:00+00:00,1352.8
2026-09-23 21:00:00+00:00,1358.9
2026-09-23 21:05:00+00:00,1413.0
2026-09-23 21:10:00+00:00,1424.2
2026-09-23 21:15:00+00:00,1419.1
2026-09-23 21:20:00+00:00,1430.2
2026-09-23 21:25:00+00:00,1425.3
2026-09-23 21:30:00+00:00,1427.9
2026-09-23 21:35:00+00:00,1427.9
2026-09-23 21:40:00+00:00,1425.3
2026-09-23 21:45:00+00:00,1433.2
2026-09-23 21:50:00+00:00,1420.2
2026-09-23 21:55:00+00:00,1436.3
2026-09-23 22:00:00+00:00,1433.7
2026-09-23 22:05:00+00:00,1432.4
2026-09-23 22:10:00+00:00,1432.4
2026-09-23 22:15:00+00:00,1433.7
2026-09-23 22:20:00+00:00,1433.7
2026-09-23 22:25:00+00:00,1430.8
2026-09-23 22:30:00+00:00,1436.9
2026-09-23 22:35:00+00:00,1438.7
2026-09-23 22:40:00+00:00,1436.1
2026-09-23 22:45:00+00:00,1437.8
2026-09-23 22:50:00+00:00,1429.9
2026-09-23 22:55:00+00:00,1412.7
2026-09-23 23:00:00+00:00,1393.7
2026-09-23 23:05:00+00:00,1406.4
2026-09-23 23:10:00+00:00,1407.5
2026-09-23 23:15:00+00:00,1406.6
2026-09-23 23:20:00+00:00,1400.8
2026-09-23 23:25:00+00:00,1403.8
2026-09-23 23:30:00+00:00,1403.7
2026-09-23 23:35:00+00:00,1403.7
2026-09-23 23:40:00+00:00,1421.5
2026-09-23 23:45:00+00:00,1421.5
2026-09-23 23:50:00+00:00,1403.7
2026-09-23 23:55:00+00:00,1403.8
2026-09-24 00:00:00+00:00,1436.2
2026-09-24 00:05:00+00:00,1432.0
2026-09-24 00:10:00+00:00,1430.1
2026-09-24 00:15:00+00:00,1431.0
2026-09-24 00:20:00+00:00,1430.3
2026-09-24 00:25:00+00:00,1430.5
2026-09-24 00:30:00+00:00,1430.1
2026-09-24 00:35:00+00:00,1430.1
2026-09-24 00:40:00+00:00,1432.1
2026-09-24 00:45:00+00:00,1434.8
2026-09-24 00:50:00+00:00,1435.1
2026-09-24 00:55:00+00:00,1434.7
2026-09-24 01:00:00+00:00,1439.0
2026-09-24 01:05:00+00:00,1427.7
2026-09-24 01:10:00+00:00,1424.7
2026-09-24 01:15:00+00:00,1426.5
2026-09-24 01:20:00+00:00,0.0
2026-09-24 01:25:00+00:00,1437.2
2026-09-24 01:30:00+00:00,1437.3
2026-09-24 01:35:00+00:00,1426.4
2026-09-24 01:40:00+00:00,1429.4
2026-09-24 01:45:00+00:00,1426.0
2026-09-24 01:50:00+00:00,1426.0
2026-09-24 01:55:00+00:00,1426.3
2026-09-24 02:00:00+00:00,1459.9
2026-09-24 02:05:00+00:00,1454.8
2026-09-24 02:10:00+00:00,1461.4
2026-09-24 02:15:00+00:00,1474.2
2026-09-24 02:20:00+00:00,1499.2
2026-09-24 02:25:00+00:00,1505.1
2026-09-24 02:30:00+00:00,1506.7
2026-09-24 02:35:00+00:00,1506.7
2026-09-24 02:40:00+00:00,1507.9
2026-09-24 02:45:00+00:00,1508.5
2026-09-24 02:50:00+00:00,1508.5
2026-09-24 02:55:00+00:00,1507.3
2026-09-24 03:00:00+00:00,1496.8
2026-09-24 03:05:00+00:00,1504.1
2026-09-24 03:10:00+00:00,1494.9
2026-09-24 03:15:00+00:00,1498.5
2026-09-24 03:20:00+00:00,1496.9
2026-09-24 03:25:00+00:00,1500.0
2026-09-24 03:30:00+00:00,1498.6
2026-09-24 03:35:00+00:00,1498.5
2026-09-24 03:40:00+00:00,1496.2
2026-09-24 03:45:00+00:00,1497.4
2026-09-24 03:50:00+00:00,1492.6
2026-09-24 03:55:00+00:00,1491.6
2026-09-24 04:00:00+00:00,1490.6
2026-09-24 04:05:00+00:00,1486.4
2026-09-24 04:10:00+00:00,1487.3
2026-09-24 04:15:00+00:00,1490.5
2026-09-24 04:20:00+00:00,1484.4
2026-09-24 04:25:00+00:00,1479.1
2026-09-24 04:30:00+00:00,1504.2
2026-09-24 04:35:00+00:00,1501.8
2026-09-24 04:40:00+00:00,1507.1
2026-09-24 04:45:00+00:00,1504.9
2026-09-24 04:50:00+00:00,1499.9
2026-09-24 04:55:00+00:00,1506.4
2026-09-24 05:00:00+00:00,1497.8
2026-09-24 05:05:00+00:00,1494.0
2026-09-24 05:10:00+00:00,1488.7
2026-09-24 05:15:00+00:00,1487.2
2026-09-24 05:20:00+00:00,1486.1
2026-09-24 05:25:00+00:00,1480.5
2026-09-24 05:30:00+00:00,1482.2
2026-09-24 05:35:00+00:00,1480.3
2026-09-24 05:40:00+00:00,1481.3
2026-09-24 05:45:00+00:00,1474.8
2026-09-24 05:50:00+00:00,1472.1
2026-09-24 05:55:00+00:00,1472.1
2026-09-24 06:00:00+00:00,1465.7
2026-09-24 06:05:00+00:00,1470.2
2026-09-24 06:10:00+00:00,1466.7
2026-09-24 06:15:00+00:00,1461.3
2026-09-24 06:20:00+00:00,1464.1
2026-09-24 06:25:00+00:00,1469.6
2026-09-24 06:30:00+00:00,1466.7
2026-09-24 06:35:00+00:00,1465.3
2026-09-24 06:40:00+00:00,1462.5
2026-09-24 06:45:00+00:00,1462.8
2026-09-24 06:50:00+00:00,1462.6
2026-09-24 06:55:00+00:00,1461.1
2026-09-24 07:00:00+00:00,1446.3
2026-09-24 07:05:00+00:00,1471.1
2026-09-24 07:10:00+00:00,1467.7
2026-09-24 07:15:00+00:00,1488.8
2026-09-24 07:20:00+00:00,1489.0
2026-09-24 07:25:00+00:00,1496.4
2026-09-24 07:30:00+00:00,1495.5
2026-09-24 07:35:00+00:00,1497.3
2026-09-24 07:40:00+00:00,1496.9
2026-09-24 07:45:00+00:00,1496.9
2026-09-24 07:50:00+00:00,1496.1
2026-09-24 07:55:00+00:00,1496.9
2026-09-24 08:00:00+00:00,1474.6
2026-09-24 08:05:00+00:00,1471.1
2026-09-24 08:10:00+00:00,1473.4
2026-09-24 08:15:00+00:00,1472.6
2026-09-24 08:20:00+00:00,1471.1
2026-09-24 08:25:00+00:00,1469.5
2026-09-24 08:30:00+00:00,1472.0
2026-09-24 08:35:00+00:00,1467.4
2026-09-24 08:40:00+00:00,1449.2
2026-09-24 08:45:00+00:00,1446.3
2026-09-24 08:50:00+00:00,1446.4
2026-09-24 08:55:00+00:00,1449.5
2026-09-24 09:00:00+00:00,1447.2
2026-09-24 09:05:00+00:00,1440.0
2026-09-24 09:10:00+00:00,1443.5
2026-09-24 09:15:00+00:00,1440.5
2026-09-24 09:20:00+00:00,1441.5
2026-09-24 09:25:00+00:00,1444.9
2026-09-24 09:30:00+00:00,1443.0
2026-09-24 09:35:00+00:00,1444.5
2026-09-24 09:40:00+00:00,1445.6
2026-09-24 09:45:00+00:00,1448.5
2026-09-24 09:50:00+00:00,1459.6
2026-09-24 09:55:00+00:00,1455.6
2026-09-24 10:00:00+00:00,1474.8
2026-09-24 10:05:00+00:00,1471.8
2026-09-24 10:10:00+00:00,1470.1
2026-09-24 10:15:00+00:00,1467.4
2026-09-24 10:20:00+00:00,1455.0
2026-09-24 10:25:00+00:00,1449.2
2026-09-24 10:30:00+00:00,1452.0
2026-09-24 10:35:00+00:00,1441.1
2026-09-24 10:40:00+00:00,1418.3
2026-09-24 10:45:00+00:00,1405.4
2026-09-24 10:50:00+00:00,1401.6
2026-09-24 10:55:00+00:00,1408.8
2026-09-24 11:00:00+00:00,1407.6
2026-09-24 11:05:00+00:00,1385.4
2026-09-24 11:10:00+00:00,1387.5
2026-09-24 11:15:00+00:00,1383.1
2026-09-24 11:20:00+00:00,1387.3
2026-09-24 11:25:00+00:00,1376.0
2026-09-24 11:30:00+00:00,1367.2
2026-09-24 11:35:00+00:00,1366.6
2026-09-24 11:40:00+00:00,1366.6
2026-09-24 11:45:00+00:00,1367.4
2026-09-24 11:50:00+00:00,1372.1
2026-09-24 11:55:00+00:00,1372.1
2026-09-24 12:00:00+00:00,1386.7
2026-09-24 12:05:00+00:00,1366.4
2026-09-24 12:10:00+00:00,1366.9
2026-09-24 12:15:00+00:00,1366.8
2026-09-24 12:20:00+00:00,1366.8
2026-09-24 12:25:00+00:00,1371.5
2026-09-24 12:30:00+00:00,1371.5
2026-09-24 12:35:00+00:00,1364.9
2026-09-24 12:40:00+00:00,1364.9
2026-09-24 12:45:00+00:00,1364.9
2026-09-24 12:50:00+00:00,1371.2
2026-09-24 12:55:00+00:00,1364.9
2026-09-24 13:00:00+00:00,1382.0
2026-09-24 13:05:00+00:00,1362.8
2026-09-24 13:10:00+00:00,1364.6
2026-09-24 13:15:00+00:00,1367.2
2026-09-24 13:20:00+00:00,1364.7
2026-09-24 13:25:00+00:00,1364.8
2026-09-24 13:30:00+00:00,1367.2
2026-09-24 13:35:00+00:00,1364.9
2026-09-24 13:40:00+00:00,1376.4
2026-09-24 13:45:00+00:00,1384.7
2026-09-24 13:50:00+00:00,1381.7
2026-09-24 13:55:00+00:00,1364.8
2026-09-24 14:00:00+00:00,1387.6
2026-09-24 14:05:00+00:00,1416.8
2026-09-24 14:10:00+00:00,1416.7
2026-09-24 14:15:00+00:00,1419.0
2026-09-24 14:20:00+00:00,1417.8
2026-09-24 14:25:00+00:00,1426.3
2026-09-24 14:30:00+00:00,1435.0
2026-09-24 14:35:00+00:00,1435.0
2026-09-24 14:40:00+00:00,1433.5
2026-09-24 14:45:00+00:00,1429.4
2026-09-24 14:50:00+00:00,1430.1
2026-09-24 14:55:00+00:00,1430.4
2026-09-24 15:00:00+00:00,1430.2
2026-09-24 15:05:00+00:00,1451.7
2026-09-24 15:10:00+00:00,1451.7
2026-09-24 15:15:00+00:00,1452.6
2026-09-24 15:20:00+00:00,1450.9
2026-09-24 15:25:00+00:00,1450.9
2026-09-24 15:30:00+00:00,1444.9
2026-09-24 15:35:00+00:00,1446.9
2026-09-24 15:40:00+00:00,1446.9
2026-09-24 15:45:00+00:00,1446.8
2026-09-24 15:50:00+00:00,1450.8
2026-09-24 15:55:00+00:00,1447.5
2026-09-24 16:00:00+00:00,1447.2
2026-09-24 16:05:00+00:00,1460.4
2026-09-24 16:10:00+00:00,1459.5
2026-09-24 16:15:00+00:00,1459.5
2026-09-24 16:20:00+00:00,1459.5
2026-09-24 16:25:00+00:00,1459.4
2026-09-24 16:30:00+00:00,1463.6
2026-09-24 16:35:00+00:00,1463.6
2026-09-24 16:40:00+00:00,1454.4
2026-09-24 16:45:00+00:00,1445.4
2026-09-24 16:50:00+00:00,1414.7
2026-09-24 16:55:00+00:00,1408.5
2026-09-24 17:00:00+00:00,1430.4
2026-09-24 17:05:00+00:00,1427.0
2026-09-24 17:10:00+00:00,1414.6
2026-09-24 17:15:00+00:00,1414.6
2026-09-24 17:20:00+00:00,1418.4
2026-09-24 17:25:00+00:00,1410.5
2026-09-24 17:30:00+00:00,1409.5
2026-09-24 17:35:00+00:00,1399.8
2026-09-24 17:40:00+00:00,1394.2
2026-09-24 17:45:00+00:00,1395.0
2026-09-24 17:50:00+00:00,1405.0
2026-09-24 17:55:00+00:00,1407.5
2026-09-24 18:00:00+00:00,1407.3
2026-09-24 18:05:00+00:00,1404.5
2026-09-24 18:10:00+00:00,1394.2
2026-09-24 18:15:00+00:00,1393.7
2026-09-24 18:20:00+00:00,1394.4
2026-09-24 18:25:00+00:00,1394.0
2026-09-24 18:30:00+00:00,1394.0
2026-09-24 18:35:00+00:00,1394.0
2026-09-24 18:40:00+00:00,1395.7
2026-09-24 18:45:00+00:00,1395.8
2026-09-24 18:50:00+00:00,1393.5
2026-09-24 18:55:00+00:00,1393.4
2026-09-24 19:00:00+00:00,1393.5
2026-09-24 19:05:00+00:00,1404.7
2026-09-24 19:10:00+00:00,1407.2
2026-09-24 19:15:00+00:00,1417.1
2026-09-24 19:20:00+00:00,1418.7
2026-09-24 19:25:00+00:00,1417.1
2026-09-24 19:30:00+00:00,1417.2
2026-09-24 19:35:00+00:00,1415.6
2026-09-24 19:40:00+00:00,1415.6
2026-09-24 19:45:00+00:00,1415.7
2026-09-24 19:50:00+00:00,1415.7
2026-09-24 19:55:00+00:00,1415.7
2026-09-24 20:00:00+00:00,1415.3
2026-09-24 20:05:00+00:00,1356.5
2026-09-24 20:10:00+00:00,1356.3
2026-09-24 20:15:00+00:00,1352.5
2026-09-24 20:20:00+00:00,1350.6
2026-09-24 20:25:00+00:00,1347.0
2026-09-24 20:30:00+00:00,1358.1
2026-09-24 20:35:00+00:00,1372.4
2026-09-24 20:40:00+00:00,1372.2
2026-09-24 20:45:00+00:00,1372.2
2026-09-24 20:50:00+00:00,1371.2
2026-09-24 20:55:00+00:00,1372.3
2026-09-24 21:00:00+00:00,1378.1
2026-09-24 21:05:00+00:00,1378.0
2026-09-24 21:10:00+00:00,1357.5
2026-09-24 21:15:00+00:00,1357.2
2026-09-24 21:20:00+00:00,1357.2
2026-09-24 21:25:00+00:00,1345.7
2026-09-24 21:30:00+00:00,1351.2
2026-09-24 21:35:00+00:00,1356.3
2026-09-24 21:40:00+00:00,1355.8
2026-09-24 21:45:00+00:00,1355.8
2026-09-24 21:50:00+00:00,1358.4
2026-09-24 21:55:00+00:00,1355.9
2026-09-24 22:00:00+00:00,1359.5
2026-09-24 22:05:00+00:00,1358.3
2026-09-24 22:10:00+00:00,1364.4
2026-09-24 22:15:00+00:00,1389.3
2026-09-24 22:20:00+00:00,1391.4
2026-09-24 22:25:00+00:00,1406.6
2026-09-24 22:30:00+00:00,1406.7
2026-09-24 22:35:00+00:00,1409.6
2026-09-24 22:40:00+00:00,1422.0
2026-09-24 22:45:00+00:00,1422.0
2026-09-24 22:50:00+00:00,1422.0
2026-09-24 22:55:00+00:00,1409.6
2026-09-24 23:00:00+00:00,1412.1
2026-09-24 23:05:00+00:00,1430.4
2026-09-24 23:10:00+00:00,1408.9
2026-09-24 23:15:00+00:00,1408.2
2026-09-24 23:20:00+00:00,1408.2
2026-09-24 23:25:00+00:00,1408.2
2026-09-24 23:30:00+00:00,1407.9
2026-09-24 23:35:00+00:00,1403.7
2026-09-24 23:40:00+00:00,1403.7
2026-09-24 23:45:00+00:00,1403.7
2026-09-24 23:50:00+00:00,1403.7
2026-09-24 23:55:00+00:00,1403.7
2026-09-25 00:00:00+00:00,1456.0
2026-09-25 00:05:00+00:00,1434.0
2026-09-25 00:10:00+00:00,1438.2
2026-09-25 00:15:00+00:00,1453.0
2026-09-25 00:20:00+00:00,1447.4
2026-09-25 00:25:00+00:00,1451.9
2026-09-25 00:30:00+00:00,1447.9
2026-09-25 00:35:00+00:00,1439.2
2026-09-25 00:40:00+00:00,1437.5
2026-09-25 00:45:00+00:00,1439.8
2026-09-25 00:50:00+00:00,1439.8
2026-09-25 00:55:00+00:00,1439.3
2026-09-25 01:00:00+00:00,1452.0
2026-09-25 01:05:00+00:00,1438.4
2026-09-25 01:10:00+00:00,1433.9
2026-09-25 01:15:00+00:00,1433.5
2026-09-25 01:20:00+00:00,1436.5
2026-09-25 01:25:00+00:00,1438.5
2026-09-25 01:30:00+00:00,1445.5
2026-09-25 01:35:00+00:00,1448.5
2026-09-25 01:40:00+00:00,1455.0
2026-09-25 01:45:00+00:00,1457.3
2026-09-25 01:50:00+00:00,1459.8
2026-09-25 01:55:00+00:00,1459.8
2026-09-25 02:00:00+00:00,1444.5
2026-09-25 02:05:00+00:00,1470.5
2026-09-25 02:10:00+00:00,1470.6
2026-09-25 02:15:00+00:00,1455.4
2026-09-25 02:20:00+00:00,1458.2
2026-09-25 02:25:00+00:00,1458.8
2026-09-25 02:30:00+00:00,1461.3
2026-09-25 02:35:00+00:00,1462.8
2026-09-25 02:40:00+00:00,1451.3
2026-09-25 02:45:00+00:00,1445.6
2026-09-25 02:50:00+00:00,1434.0
2026-09-25 02:55:00+00:00,1435.9
2026-09-25 03:00:00+00:00,1448.9
2026-09-25 03:05:00+00:00,1472.5
2026-09-25 03:10:00+00:00,1495.9
2026-09-25 03:15:00+00:00,1499.7
2026-09-25 03:20:00+00:00,1497.0
2026-09-25 03:25:00+00:00,1495.7
2026-09-25 03:30:00+00:00,1497.9
2026-09-25 03:35:00+00:00,1496.9
2026-09-25 03:40:00+00:00,1496.0
2026-09-25 03:45:00+00:00,1495.8
2026-09-25 03:50:00+00:00,1479.9
2026-09-25 03:55:00+00:00,1483.1
2026-09-25 04:00:00+00:00,1488.5
2026-09-25 04:05:00+00:00,1473.9
2026-09-25 04:10:00+00:00,1475.9
2026-09-25 04:15:00+00:00,1483.7
2026-09-25 04:20:00+00:00,1487.0
2026-09-25 04:25:00+00:00,1485.1
2026-09-25 04:30:00+00:00,1479.8
2026-09-25 04:35:00+00:00,1476.1
2026-09-25 04:40:00+00:00,1476.1
2026-09-25 04:45:00+00:00,1477.7
2026-09-25 04:50:00+00:00,1477.7
2026-09-25 04:55:00+00:00,1478.9
2026-09-25 05:00:00+00:00,1471.9
2026-09-25 05:05:00+00:00,1472.9
2026-09-25 05:10:00+00:00,1474.6
2026-09-25 05:15:00+00:00,1474.6
2026-09-25 05:20:00+00:00,1467.1
2026-09-25 05:25:00+00:00,1464.4
2026-09-25 05:30:00+00:00,1469.6
2026-09-25 05:35:00+00:00,1474.5
2026-09-25 05:40:00+00:00,1474.0
2026-09-25 05:45:00+00:00,1466.5
2026-09-25 05:50:00+00:00,1464.1
2026-09-25 05:55:00+00:00,1466.0
2026-09-25 06:00:00+00:00,1444.5
2026-09-25 06:05:00+00:00,1461.6
2026-09-25 06:10:00+00:00,1463.0
2026-09-25 06:15:00+00:00,1462.7
2026-09-25 06:20:00+00:00,1464.3
2026-09-25 06:25:00+00:00,1464.2
2026-09-25 06:30:00+00:00,1460.8
2026-09-25 06:35:00+00:00,1460.2
2026-09-25 06:40:00+00:00,1459.2
2026-09-25 06:45:00+00:00,1464.7
2026-09-25 06:50:00+00:00,1464.7
2026-09-25 06:55:00+00:00,1461.6
2026-09-25 07:00:00+00:00,1439.5
2026-09-25 07:05:00+00:00,1469.6
2026-09-25 07:10:00+00:00,1464.9
2026-09-25 07:15:00+00:00,1464.9
2026-09-25 07:20:00+00:00,1463.1
2026-09-25 07:25:00+00:00,1463.6
2026-09-25 07:30:00+00:00,1463.6
2026-09-25 07:35:00+00:00,1460.5
2026-09-25 07:40:00+00:00,1461.7
2026-09-25 07:45:00+00:00,1460.5
2026-09-25 07:50:00+00:00,1458.5
2026-09-25 07:55:00+00:00,1452.7
2026-09-25 08:00:00+00:00,1422.8
2026-09-25 08:05:00+00:00,1428.6
2026-09-25 08:10:00+00:00,1426.1
2026-09-25 08:15:00+00:00,1420.5
2026-09-25 08:20:00+00:00,1420.5
2026-09-25 08:25:00+00:00,1425.9
2026-09-25 08:30:00+00:00,1421.1
2026-09-25 08:35:00+00:00,1427.0
2026-09-25 08:40:00+00:00,1425.0
2026-09-25 08:45:00+00:00,1420.5
2026-09-25 08:50:00+00:00,1421.1
2026-09-25 08:55:00+00:00,1425.6
2026-09-25 09:00:00+00:00,1416.0
2026-09-25 09:05:00+00:00,1432.4
2026-09-25 09:10:00+00:00,1430.2
2026-09-25 09:15:00+00:00,1417.9
2026-09-25 09:20:00+00:00,1417.9
2026-09-25 09:25:00+00:00,1418.8
2026-09-25 09:30:00+00:00,1431.7
2026-09-25 09:35:00+00:00,1432.3
2026-09-25 09:40:00+00:00,1433.7
2026-09-25 09:45:00+00:00,1427.4
2026-09-25 09:50:00+00:00,1428.4
2026-09-25 09:55:00+00:00,1429.5
2026-09-25 10:00:00+00:00,1428.1
2026-09-25 10:05:00+00:00,1425.0
2026-09-25 10:10:00+00:00,1416.4
2026-09-25 10:15:00+00:00,1415.8
2026-09-25 10:20:00+00:00,1423.4
2026-09-25 10:25:00+00:00,1423.2
2026-09-25 10:30:00+00:00,1422.7
2026-09-25 10:35:00+00:00,1438.2
2026-09-25 10:40:00+00:00,1439.8
2026-09-25 10:45:00+00:00,1437.7
2026-09-25 10:50:00+00:00,1432.8
2026-09-25 10:55:00+00:00,1426.8
2026-09-25 11:00:00+00:00,1426.4
2026-09-25 11:05:00+00:00,1377.4
2026-09-25 11:10:00+00:00,1372.4
2026-09-25 11:15:00+00:00,1369.3
2026-09-25 11:20:00+00:00,1372.4
2026-09-25 11:25:00+00:00,1372.4
2026-09-25 11:30:00+00:00,1372.4
2026-09-25 11:35:00+00:00,1372.4
2026-09-25 11:40:00+00:00,1372.4
2026-09-25 11:45:00+00:00,1382.6
2026-09-25 11:50:00+00:00,1380.4
2026-09-25 11:55:00+00:00,1377.5
2026-09-25 12:00:00+00:00,1367.0
2026-09-25 12:05:00+00:00,1377.8
2026-09-25 12:10:00+00:00,1378.4
2026-09-25 12:15:00+00:00,1379.1
2026-09-25 12:20:00+00:00,1378.9
2026-09-25 12:25:00+00:00,1381.4
2026-09-25 12:30:00+00:00,1381.4
2026-09-25 12:35:00+00:00,1376.7
2026-09-25 12:40:00+00:00,1374.0
2026-09-25 12:45:00+00:00,1372.6
2026-09-25 12:50:00+00:00,1377.2
2026-09-25 12:55:00+00:00,1383.1
2026-09-25 13:00:00+00:00,1402.6
2026-09-25 13:05:00+00:00,1420.8
2026-09-25 13:10:00+00:00,1400.8
2026-09-25 13:15:00+00:00,1399.0
2026-09-25 13:20:00+00:00,1398.4
2026-09-25 13:25:00+00:00,1398.4
2026-09-25 13:30:00+00:00,1402.0
2026-09-25 13:35:00+00:00,1401.4
2026-09-25 13:40:00+00:00,1403.6
2026-09-25 13:45:00+00:00,1403.1
2026-09-25 13:50:00+00:00,1399.9
2026-09-25 13:55:00+00:00,1394.8
2026-09-25 14:00:00+00:00,1387.9
2026-09-25 14:05:00+00:00,1412.9
2026-09-25 14:10:00+00:00,1400.2
2026-09-25 14:15:00+00:00,1398.1
2026-09-25 14:20:00+00:00,1397.9
2026-09-25 14:25:00+00:00,1392.8
2026-09-25 14:30:00+00:00,1394.0
2026-09-25 14:35:00+00:00,1394.4
2026-09-25 14:40:00+00:00,1402.5
2026-09-25 14:45:00+00:00,1393.0
2026-09-25 14:50:00+00:00,1394.0
2026-09-25 14:55:00+00:00,1403.0
2026-09-25 15:00:00+00:00,1411.5
2026-09-25 15:05:00+00:00,1407.0
2026-09-25 15:10:00+00:00,1432.3
2026-09-25 15:15:00+00:00,1431.6
2026-09-25 15:20:00+00:00,1429.1
2026-09-25 15:25:00+00:00,1431.2
2026-09-25 15:30:00+00:00,1440.6
2026-09-25 15:35:00+00:00,1447.2
2026-09-25 15:40:00+00:00,1445.2
2026-09-25 15:45:00+00:00,1452.5
2026-09-25 15:50:00+00:00,1452.6
2026-09-25 15:55:00+00:00,1452.6
2026-09-25 16:00:00+00:00,1461.1
2026-09-25 16:05:00+00:00,1463.1
2026-09-25 16:10:00+00:00,1461.9
2026-09-25 16:15:00+00:00,1474.1
2026-09-25 16:20:00+00:00,1472.4
2026-09-25 16:25:00+00:00,1474.9
2026-09-25 16:30:00+00:00,1478.9
2026-09-25 16:35:00+00:00,1467.5
2026-09-25 16:40:00+00:00,1464.9
2026-09-25 16:45:00+00:00,1464.9
2026-09-25 16:50:00+00:00,1464.9
2026-09-25 16:55:00+00:00,1464.9
2026-09-25 17:00:00+00:00,1475.0
2026-09-25 17:05:00+00:00,1474.1
2026-09-25 17:10:00+00:00,1480.2
2026-09-25 17:15:00+00:00,1473.8
2026-09-25 17:20:00+00:00,1473.8
2026-09-25 17:25:00+00:00,1473.8
2026-09-25 17:30:00+00:00,1469.5
2026-09-25 17:35:00+00:00,1463.2
2026-09-25 17:40:00+00:00,1479.0
2026-09-25 17:45:00+00:00,1479.0
2026-09-25 17:50:00+00:00,1478.7
2026-09-25 17:55:00+00:00,1475.4
2026-09-25 18:00:00+00:00,1479.0
2026-09-25 18:05:00+00:00,1476.0
2026-09-25 18:10:00+00:00,1476.0
2026-09-25 18:15:00+00:00,1469.6
2026-09-25 18:20:00+00:00,1466.9
2026-09-25 18:25:00+00:00,1470.0
2026-09-25 18:30:00+00:00,1466.9
2026-09-25 18:35:00+00:00,1471.1
2026-09-25 18:40:00+00:00,1466.5
2026-09-25 18:45:00+00:00,1459.4
2026-09-25 18:50:00+00:00,1467.7
2026-09-25 18:55:00+00:00,1467.7
2026-09-25 19:00:00+00:00,1455.9
2026-09-25 19:05:00+00:00,1468.5
2026-09-25 19:10:00+00:00,1462.8
2026-09-25 19:15:00+00:00,1463.5
2026-09-25 19:20:00+00:00,1466.9
2026-09-25 19:25:00+00:00,1462.7
2026-09-25 19:30:00+00:00,1463.6
2026-09-25 19:35:00+00:00,1456.5
2026-09-25 19:40:00+00:00,1462.7
2026-09-25 19:45:00+00:00,1455.6
2026-09-25 19:50:00+00:00,1455.6
2026-09-25 19:55:00+00:00,1455.6
2026-09-25 20:00:00+00:00,1451.7
2026-09-25 20:05:00+00:00,1453.6
2026-09-25 20:10:00+00:00,1456.1
2026-09-25 20:15:00+00:00,1456.1
2026-09-25 20:20:00+00:00,1453.6
2026-09-25 20:25:00+00:00,1450.6
2026-09-25 20:30:00+00:00,1450.6
2026-09-25 20:35:00+00:00,1452.7
2026-09-25 20:40:00+00:00,1450.6
2026-09-25 20:45:00+00:00,1449.5
2026-09-25 20:50:00+00:00,1438.6
2026-09-25 20:55:00+00:00,1450.7
2026-09-25 21:00:00+00:00,1434.8
2026-09-25 21:05:00+00:00,1452.8
2026-09-25 21:10:00+00:00,1450.7
2026-09-25 21:15:00+00:00,1449.6
2026-09-25 21:20:00+00:00,1442.7
2026-09-25 21:25:00+00:00,1442.8
2026-09-25 21:30:00+00:00,1451.2
2026-09-25 21:35:00+00:00,1450.9
2026-09-25 21:40:00+00:00,1428.1
2026-09-25 21:45:00+00:00,1425.4
2026-09-25 21:50:00+00:00,1413.8
2026-09-25 21:55:00+00:00,1427.9
2026-09-25 22:00:00+00:00,1429.3
2026-09-25 22:05:00+00:00,1429.4
2026-09-25 22:10:00+00:00,1429.4
2026-09-25 22:15:00+00:00,1428.0
2026-09-25 22:20:00+00:00,1417.5
2026-09-25 22:25:00+00:00,1384.1
2026-09-25 22:30:00+00:00,1373.9
2026-09-25 22:35:00+00:00,1374.0
2026-09-25 22:40:00+00:00,1374.0
2026-09-25 22:45:00+00:00,1373.9
2026-09-25 22:50:00+00:00,1373.9
2026-09-25 22:55:00+00:00,1376.1
2026-09-25 23:00:00+00:00,1388.7
2026-09-25 23:05:00+00:00,1406.0
2026-09-25 23:10:00+00:00,1416.8
2026-09-25 23:15:00+00:00,1434.0
2026-09-25 23:20:00+00:00,1417.6
2026-09-25 23:25:00+00:00,1427.8
2026-09-25 23:30:00+00:00,1434.9
2026-09-25 23:35:00+00:00,1434.8
2026-09-25 23:40:00+00:00,1434.8
2026-09-25 23:45:00+00:00,1417.0
2026-09-25 23:50:00+00:00,1416.4
2026-09-25 23:55:00+00:00,1417.0
2026-09-26 00:00:00+00:00,1465.9
